customer_id,age,tenure_months,monthly_charges,total_charges,support_calls,contract,internet_service,churned,last_call_outcome
C00000,41,9,,569.22,1,month-to-month,dsl,1,cancelled
C00001,29,43,70.24,3096.37,2,one-year,dsl,0,resolved
C00002,53,8,53.68,,0,month-to-month,dsl,1,cancelled
C00003,51,2,69.98,157.45,1,month-to-month,fiber,1,unresolved
C00004,33,36,65.8,2345.09,1,month-to-month,fiber,0,resolved
C00005,54,22,89.39,1991.29,1,one-year,none,0,resolved
C00006,63,1,57.04,143.94,0,month-to-month,dsl,1,cancelled
C00007,21,16,126.75,2060.07,2,month-to-month,dsl,1,cancelled
C00008,55,9,40.12,363.47,0,month-to-month,fiber,1,cancelled
C00009,27,8,70.37,529.51,1,month-to-month,dsl,0,no_contact
C00010,54,26,78.55,2055.57,1,two-year,fiber,0,resolved
C00011,29,34,42.89,1498.97,2,one-year,none,0,resolved
C00012,28,8,61.68,482.43,0,month-to-month,dsl,1,cancelled
C00013,42,4,62.31,207.73,4,month-to-month,dsl,1,cancelled
C00014,56,4,70.95,321.87,2,month-to-month,dsl,0,resolved
C00015,27,39,82.52,3256.78,0,month-to-month,fiber,1,cancelled
C00016,32,14,81.32,1133.71,1,two-year,fiber,1,cancelled
C00017,62,18,70.79,1164.69,2,month-to-month,fiber,0,resolved
C00018,64,5,54.42,257.27,0,one-year,dsl,0,no_contact
C00019,50,23,115.91,2618.54,0,month-to-month,dsl,1,escalated
C00020,55,23,78.22,1886.76,1,one-year,fiber,0,resolved
C00021,64,31,66.35,1967.21,1,month-to-month,dsl,1,cancelled
C00022,52,15,78.73,,2,,fiber,0,no_contact
C00023,36,19,66.87,1275.62,1,month-to-month,fiber,1,cancelled
C00024,34,7,69.87,503.78,1,one-year,dsl,1,cancelled
C00025,42,6,77.69,462.67,1,month-to-month,none,0,no_contact
C00026,41,31,66.75,2080.51,4,month-to-month,fiber,1,cancelled
C00027,47,21,113.46,2379.64,1,month-to-month,none,0,resolved
C00028,65,17,50.28,885.1,1,month-to-month,fiber,0,escalated
C00029,60,26,59.27,1542.34,2,month-to-month,dsl,1,escalated
C00030,55,28,110.02,3139.98,1,month-to-month,fiber,1,cancelled
C00031,22,25,82.89,2064.71,0,one-year,fiber,0,resolved
C00032,47,21,63.83,1397.1,3,month-to-month,fiber,1,cancelled
C00033,47,29,32.09,892.78,2,month-to-month,fiber,0,resolved
C00034,60,31,64.71,1944.15,0,month-to-month,none,1,cancelled
C00035,55,42,82.69,3458.43,1,month-to-month,dsl,1,cancelled
C00036,41,48,,4865.66,0,month-to-month,fiber,0,escalated
C00037,60,3,51.68,169.33,1,month-to-month,none,1,cancelled
C00038,42,42,76.08,3196.0,0,month-to-month,fiber,0,no_contact
C00039,31,7,48.92,319.07,0,month-to-month,none,1,escalated
C00040,66,31,73.44,2320.25,1,month-to-month,dsl,1,cancelled
C00041,43,28,42.97,1192.72,0,,fiber,0,no_contact
C00042,53,35,72.22,2614.0,0,two-year,dsl,0,no_contact
C00043,74,12,65.69,747.26,1,month-to-month,dsl,1,cancelled
C00044,37,33,82.26,2692.53,0,month-to-month,fiber,0,no_contact
C00045,52,8,43.75,,0,two-year,dsl,0,resolved
C00046,62,13,79.67,977.06,2,month-to-month,fiber,0,no_contact
C00047,38,30,38.11,1103.14,2,month-to-month,fiber,0,no_contact
C00048,58,11,105.41,1178.02,0,month-to-month,fiber,0,resolved
C00049,84,21,105.76,2182.12,0,two-year,dsl,1,cancelled
C00050,28,22,22.95,461.39,0,two-year,dsl,0,escalated
C00051,48,44,76.45,3316.97,0,one-year,dsl,0,resolved
C00052,51,28,49.84,1342.17,1,month-to-month,fiber,0,resolved
C00053,60,19,88.98,1699.89,0,month-to-month,fiber,0,no_contact
C00054,45,9,110.83,1041.43,2,month-to-month,fiber,1,escalated
C00055,41,24,63.85,,1,month-to-month,fiber,0,resolved
C00056,61,23,70.93,1665.23,2,month-to-month,dsl,1,cancelled
C00057,47,19,120.53,2249.57,0,month-to-month,fiber,1,cancelled
C00058,30,3,70.57,164.86,2,two-year,none,1,cancelled
C00059,38,3,58.83,100.85,0,month-to-month,none,1,cancelled
C00060,29,40,56.83,2254.88,0,month-to-month,fiber,1,cancelled
C00061,47,50,,5720.23,1,month-to-month,fiber,1,cancelled
C00062,41,48,36.31,1729.27,2,month-to-month,fiber,0,resolved
C00063,38,22,,2417.79,1,month-to-month,none,1,cancelled
C00064,79,1,137.4,176.25,1,two-year,dsl,1,cancelled
C00065,38,51,60.99,3069.18,0,two-year,fiber,0,resolved
C00066,47,46,110.76,5117.44,1,two-year,dsl,0,resolved
C00067,44,53,40.9,2086.47,1,one-year,fiber,0,resolved
C00068,42,12,61.69,,2,month-to-month,fiber,1,escalated
C00069,71,23,104.01,2400.79,2,month-to-month,dsl,0,resolved
C00070,25,6,52.58,324.38,1,one-year,dsl,1,cancelled
C00071,88,28,82.92,2270.37,1,one-year,fiber,0,escalated
C00072,68,46,51.31,2360.21,2,one-year,dsl,0,resolved
C00073,18,51,84.43,4290.33,0,month-to-month,dsl,0,no_contact
C00074,42,32,50.79,1646.01,1,month-to-month,dsl,1,cancelled
C00075,31,18,44.75,927.57,0,one-year,satellite,0,resolved
C00076,56,13,44.52,599.05,0,two-year,none,1,escalated
C00077,18,72,67.88,4864.47,0,month-to-month,dsl,0,resolved
C00078,27,13,,1081.89,2,two-year,fiber,1,cancelled
C00079,46,28,115.21,3163.01,1,month-to-month,none,1,cancelled
C00080,58,12,,870.34,1,one-year,fiber,0,no_contact
C00081,18,24,31.53,744.23,2,one-year,dsl,0,no_contact
C00082,69,26,75.05,2031.94,4,one-year,none,1,cancelled
C00083,51,10,25.16,257.22,2,month-to-month,satellite,1,cancelled
C00084,32,14,42.82,616.96,2,month-to-month,fiber,1,unresolved
C00085,28,39,90.98,3534.32,1,month-to-month,dsl,1,cancelled
C00086,63,72,55.83,3960.7,2,month-to-month,fiber,0,resolved
C00087,20,23,41.5,1004.13,1,month-to-month,dsl,0,no_contact
C00088,88,20,113.06,2241.4,1,month-to-month,fiber,1,escalated
C00089,18,8,48.07,,1,one-year,satellite,1,escalated
C00090,-1,18,101.81,1747.91,0,one-year,fiber,0,no_contact
C00091,71,44,87.61,3780.58,1,two-year,fiber,0,resolved
C00092,43,24,56.05,1363.71,1,two-year,dsl,0,no_contact
C00093,55,16,115.22,1848.45,2,month-to-month,dsl,1,cancelled
C00094,35,8,46.78,373.19,0,month-to-month,dsl,1,escalated
C00095,33,27,,,1,month-to-month,fiber,0,no_contact
C00096,63,25,28.21,743.68,0,month-to-month,dsl,0,resolved
C00097,54,16,48.37,751.95,2,one-year,dsl,1,cancelled
C00098,54,38,92.31,3452.3,0,two-year,dsl,0,no_contact
C00099,53,50,79.32,3926.26,1,one-year,none,0,resolved
C00100,52,10,62.01,646.84,3,two-year,fiber,1,cancelled
C00101,51,7,99.31,714.16,1,one-year,fiber,1,cancelled
C00102,61,43,101.9,4339.0,0,one-year,dsl,0,no_contact
C00103,31,6,44.18,226.97,2,month-to-month,dsl,1,cancelled
C00104,45,30,67.85,2031.42,1,two-year,fiber,0,resolved
C00105,57,35,81.35,2846.37,0,two-year,none,0,no_contact
C00106,54,30,122.66,3604.22,2,two-year,dsl,1,cancelled
C00107,27,7,92.69,704.96,1,month-to-month,dsl,1,cancelled
C00108,61,21,106.06,2177.77,4,month-to-month,fiber,1,cancelled
C00109,66,35,99.71,3478.22,1,two-year,dsl,0,no_contact
C00110,47,17,62.59,1048.9,0,two-year,dsl,0,resolved
C00111,18,23,58.76,1434.7,1,month-to-month,none,1,escalated
C00112,42,21,51.98,1076.86,1,one-year,dsl,0,resolved
C00113,40,1,43.57,34.37,0,month-to-month,fiber,1,unresolved
C00114,47,21,118.32,2551.15,2,two-year,dsl,0,no_contact
C00115,41,15,77.49,1194.85,1,two-year,none,0,resolved
C00116,34,9,37.78,327.1,1,month-to-month,dsl,0,no_contact
C00117,54,7,35.45,276.09,0,two-year,fiber,0,resolved
C00118,18,34,36.01,1174.23,1,one-year,dsl,0,resolved
C00119,39,20,43.48,908.52,2,two-year,fiber,0,resolved
C00120,31,28,93.22,2522.83,1,month-to-month,dsl,1,escalated
C00121,27,15,58.64,921.62,2,two-year,satellite,0,resolved
C00122,63,39,68.21,2624.76,2,month-to-month,none,0,no_contact
C00123,43,44,53.12,2314.24,1,month-to-month,fiber,0,resolved
C00124,31,16,66.22,1098.75,0,month-to-month,dsl,1,escalated
C00125,20,20,42.61,862.51,0,month-to-month,none,1,unresolved
C00126,68,7,25.54,142.04,1,one-year,none,0,resolved
C00127,72,23,89.43,,1,two-year,fiber,1,unresolved
C00128,47,72,89.42,6470.2,1,month-to-month,fiber,0,resolved
C00129,55,21,61.05,1294.7,1,,dsl,0,no_contact
C00130,40,15,97.88,1369.57,3,month-to-month,dsl,1,cancelled
C00131,45,28,89.67,2388.8,2,month-to-month,fiber,0,no_contact
C00132,42,21,66.89,1440.8,0,two-year,dsl,0,no_contact
C00133,59,42,,1844.28,1,one-year,dsl,0,resolved
C00134,72,16,25.88,413.87,0,month-to-month,dsl,0,resolved
C00135,36,10,83.99,952.95,0,month-to-month,none,1,cancelled
C00136,28,47,53.15,2481.47,1,two-year,dsl,0,no_contact
C00137,18,4,136.34,602.77,1,one-year,fiber,1,cancelled
C00138,27,24,91.01,2190.89,1,month-to-month,dsl,1,cancelled
C00139,24,18,53.27,972.36,1,month-to-month,dsl,0,no_contact
C00140,40,34,24.42,845.28,0,month-to-month,none,0,no_contact
C00141,73,46,68.19,3079.87,2,,dsl,0,resolved
C00142,68,14,35.19,531.27,1,one-year,satellite,1,cancelled
C00143,71,5,110.36,547.42,3,two-year,dsl,1,cancelled
C00144,35,57,73.15,4129.44,1,month-to-month,dsl,0,resolved
C00145,42,26,127.69,3278.81,1,month-to-month,fiber,1,cancelled
C00146,49,9,45.21,423.4,0,two-year,fiber,1,cancelled
C00147,46,35,98.75,3505.0,2,two-year,fiber,0,resolved
C00148,31,17,57.08,915.75,1,two-year,dsl,0,resolved
C00149,42,19,117.43,2217.94,1,month-to-month,none,1,escalated
C00150,52,11,,1055.76,0,two-year,fiber,0,no_contact
C00151,62,45,75.68,3359.25,0,month-to-month,dsl,0,resolved
C00152,38,26,44.35,1129.97,1,month-to-month,fiber,1,cancelled
C00153,36,23,106.26,2451.12,1,one-year,fiber,0,resolved
C00154,23,30,74.61,2332.35,1,month-to-month,dsl,1,cancelled
C00155,50,25,52.02,1271.33,2,,fiber,1,cancelled
C00156,82,31,57.64,1739.45,0,month-to-month,dsl,0,resolved
C00157,60,37,42.16,1606.34,2,month-to-month,dsl,0,resolved
C00158,69,27,75.46,1975.43,1,month-to-month,none,0,no_contact
C00159,69,15,91.63,1362.92,1,two-year,dsl,1,escalated
C00160,40,7,84.61,550.65,1,month-to-month,fiber,0,no_contact
C00161,79,36,103.3,3730.06,2,month-to-month,fiber,0,resolved
C00162,44,5,,,1,month-to-month,dsl,1,cancelled
C00163,33,24,56.01,1401.1,0,month-to-month,dsl,0,no_contact
C00164,24,15,76.22,1232.86,1,month-to-month,dsl,1,cancelled
C00165,18,4,73.08,290.78,0,month-to-month,fiber,1,cancelled
C00166,57,36,,2257.21,0,two-year,fiber,0,no_contact
C00167,49,30,66.88,1923.76,0,month-to-month,none,0,no_contact
C00168,87,12,97.36,1201.68,3,one-year,fiber,1,cancelled
C00169,43,40,84.53,3339.32,1,month-to-month,dsl,0,no_contact
C00170,25,72,94.93,6764.19,0,month-to-month,fiber,1,unresolved
C00171,39,42,,4186.41,1,month-to-month,none,0,resolved
C00172,33,15,26.98,297.93,3,month-to-month,fiber,1,cancelled
C00173,58,30,79.68,2351.54,1,month-to-month,none,1,escalated
C00174,18,23,56.43,1321.48,0,two-year,dsl,0,resolved
C00175,72,24,60.34,1494.75,2,month-to-month,fiber,0,no_contact
C00176,50,72,69.02,5029.76,1,month-to-month,satellite,0,resolved
C00177,64,57,67.51,3807.58,0,month-to-month,dsl,0,resolved
C00178,46,29,98.7,2867.73,2,two-year,fiber,1,cancelled
C00179,54,56,82.67,4708.51,1,month-to-month,none,0,resolved
C00180,18,28,46.47,1309.79,2,month-to-month,fiber,0,resolved
C00181,44,58,,4584.11,3,month-to-month,dsl,0,resolved
C00182,36,14,74.95,1019.28,1,month-to-month,fiber,0,resolved
C00183,47,7,52.98,416.16,1,two-year,fiber,0,no_contact
C00184,25,20,52.67,1056.87,0,month-to-month,dsl,1,cancelled
C00185,36,16,140.61,2195.6,1,one-year,fiber,0,resolved
C00186,18,72,50.56,3573.7,2,month-to-month,fiber,0,no_contact
C00187,28,43,61.19,2667.46,2,month-to-month,dsl,1,cancelled
C00188,31,42,59.5,2463.15,1,month-to-month,fiber,0,resolved
C00189,42,8,70.4,521.85,4,one-year,fiber,1,cancelled
C00190,48,41,37.42,1512.36,2,month-to-month,fiber,1,cancelled
C00191,63,23,67.99,1500.8,3,two-year,fiber,1,cancelled
C00192,59,14,50.21,759.72,1,month-to-month,dsl,1,cancelled
C00193,57,22,76.14,1625.94,0,month-to-month,fiber,0,no_contact
C00194,38,23,115.99,2640.86,0,month-to-month,dsl,1,escalated
C00195,35,26,96.96,2534.93,0,month-to-month,fiber,0,escalated
C00196,54,15,,1095.08,2,one-year,dsl,1,cancelled
C00197,49,2,57.18,,0,month-to-month,fiber,1,cancelled
C00198,61,8,80.17,652.41,1,one-year,dsl,1,cancelled
C00199,47,56,65.51,3662.71,2,month-to-month,fiber,0,no_contact
C00200,42,20,89.68,1792.14,1,month-to-month,fiber,1,unresolved
C00201,34,17,57.09,,0,two-year,dsl,0,no_contact
C00202,52,14,18.0,261.99,2,month-to-month,fiber,0,no_contact
C00203,32,43,,2863.48,0,month-to-month,none,0,resolved
C00204,40,15,59.97,883.81,0,month-to-month,fiber,1,cancelled
C00205,30,15,56.25,906.9,4,month-to-month,fiber,1,cancelled
C00206,36,10,48.5,495.07,0,month-to-month,dsl,1,cancelled
C00207,50,37,67.73,2478.92,4,month-to-month,fiber,1,cancelled
C00208,18,11,66.97,732.98,0,month-to-month,dsl,1,escalated
C00209,64,28,39.07,1130.04,1,month-to-month,dsl,0,resolved
C00210,30,22,84.2,1853.8,1,month-to-month,none,0,resolved
C00211,55,1,48.94,9.8,2,month-to-month,dsl,1,unresolved
C00212,36,44,95.93,4264.14,0,two-year,none,0,no_contact
C00213,49,54,95.82,5208.83,1,two-year,fiber,0,no_contact
C00214,45,17,,1203.66,0,one-year,dsl,0,no_contact
C00215,60,15,36.71,553.5,0,month-to-month,none,0,resolved
C00216,55,59,,6072.44,4,one-year,dsl,0,no_contact
C00217,50,46,43.55,1938.65,2,month-to-month,none,0,no_contact
C00218,23,72,111.95,8064.23,1,month-to-month,fiber,0,no_contact
C00219,24,8,53.22,431.47,0,month-to-month,dsl,1,escalated
C00220,25,7,69.73,504.01,1,one-year,none,1,cancelled
C00221,51,41,,1736.16,0,one-year,fiber,0,resolved
C00222,19,24,81.39,1961.02,3,month-to-month,dsl,1,cancelled
C00223,60,7,88.96,617.59,0,month-to-month,fiber,0,no_contact
C00224,59,13,84.4,1100.18,2,month-to-month,fiber,1,cancelled
C00225,49,17,59.35,996.32,1,month-to-month,fiber,1,cancelled
C00226,33,17,79.9,1287.32,1,month-to-month,fiber,1,escalated
C00227,28,18,49.21,892.97,0,one-year,dsl,1,escalated
C00228,35,11,,685.0,0,month-to-month,satellite,0,resolved
C00229,35,7,68.54,,1,month-to-month,fiber,0,resolved
C00230,28,16,155.25,2491.71,1,one-year,fiber,1,unresolved
C00231,33,33,64.85,2202.05,2,month-to-month,none,1,cancelled
C00232,64,15,,1439.57,0,two-year,dsl,0,resolved
C00233,58,53,56.69,3109.33,2,two-year,satellite,0,no_contact
C00234,44,29,,1893.5,1,month-to-month,fiber,1,cancelled
C00235,48,6,71.27,384.86,0,month-to-month,none,1,cancelled
C00236,49,15,55.75,832.55,0,month-to-month,dsl,1,cancelled
C00237,47,26,81.36,2208.87,0,month-to-month,dsl,1,cancelled
C00238,37,39,18.0,765.16,2,one-year,fiber,0,no_contact
C00239,51,23,18.0,466.6,0,month-to-month,none,0,no_contact
C00240,28,7,54.49,368.32,4,month-to-month,fiber,1,cancelled
C00241,49,3,52.53,65.51,3,month-to-month,dsl,1,cancelled
C00242,29,72,58.07,4121.9,1,one-year,dsl,0,resolved
C00243,22,22,97.73,2093.61,1,month-to-month,dsl,0,no_contact
C00244,32,8,88.33,,1,one-year,satellite,0,resolved
C00245,60,28,57.37,1608.82,0,two-year,dsl,0,no_contact
C00246,45,72,89.42,6336.06,1,one-year,dsl,0,resolved
C00247,62,22,100.61,2192.49,0,one-year,fiber,0,no_contact
C00248,35,13,69.96,960.05,2,month-to-month,dsl,1,escalated
C00249,79,39,40.12,1524.01,2,one-year,dsl,0,resolved
C00250,51,17,63.56,1133.55,2,one-year,dsl,0,no_contact
C00251,40,17,114.3,1902.4,1,one-year,dsl,1,cancelled
C00252,18,1,67.08,51.23,0,month-to-month,fiber,0,no_contact
C00253,19,18,42.28,725.05,4,one-year,fiber,0,no_contact
C00254,64,30,52.28,,0,month-to-month,fiber,1,cancelled
C00255,52,5,107.72,452.77,3,month-to-month,fiber,0,no_contact
C00256,33,72,95.25,6799.55,1,month-to-month,none,0,resolved
C00257,52,17,120.49,2097.59,0,month-to-month,fiber,1,cancelled
C00258,73,4,52.02,152.81,1,month-to-month,fiber,1,escalated
C00259,48,12,86.63,1051.84,1,month-to-month,dsl,0,resolved
C00260,18,18,71.59,1206.13,0,month-to-month,fiber,1,cancelled
C00261,69,42,62.81,2663.75,2,month-to-month,dsl,0,resolved
C00262,48,5,61.68,344.75,1,month-to-month,none,1,cancelled
C00263,44,7,84.0,,5,one-year,fiber,1,cancelled
C00264,39,21,101.31,2145.05,1,month-to-month,fiber,0,resolved
C00265,20,19,83.97,1573.21,2,two-year,fiber,0,resolved
C00266,61,63,68.01,4267.04,0,month-to-month,satellite,0,no_contact
C00267,67,20,35.28,732.92,2,two-year,fiber,1,cancelled
C00268,59,9,47.78,443.92,1,month-to-month,fiber,1,cancelled
C00269,54,21,58.57,1231.3,0,two-year,none,0,resolved
C00270,61,35,53.78,1848.18,0,month-to-month,fiber,0,resolved
C00271,32,34,80.29,2716.79,1,month-to-month,fiber,1,cancelled
C00272,70,28,101.1,2869.23,1,two-year,fiber,1,cancelled
C00273,47,25,64.48,1636.57,0,two-year,dsl,0,no_contact
C00274,54,6,64.07,350.81,2,one-year,dsl,1,cancelled
C00275,22,48,18.0,819.13,2,one-year,dsl,0,resolved
C00276,73,16,80.71,,2,month-to-month,dsl,1,cancelled
C00277,39,20,76.71,1574.38,1,two-year,dsl,0,resolved
C00278,28,29,82.91,2365.23,2,month-to-month,fiber,1,cancelled
C00279,43,4,18.0,99.76,1,two-year,none,0,resolved
C00280,47,57,68.27,3912.18,1,month-to-month,fiber,0,no_contact
C00281,21,16,68.74,1093.38,1,month-to-month,dsl,0,no_contact
C00282,30,12,66.02,,1,month-to-month,dsl,0,no_contact
C00283,64,30,71.77,2123.61,0,one-year,fiber,0,resolved
C00284,42,15,77.75,1228.93,0,one-year,dsl,1,cancelled
C00285,66,6,42.66,272.93,2,two-year,fiber,0,escalated
C00286,48,25,103.56,2582.25,0,month-to-month,dsl,0,no_contact
C00287,34,4,55.46,154.2,0,month-to-month,fiber,1,cancelled
C00288,28,9,49.32,543.66,2,month-to-month,none,0,no_contact
C00289,67,20,90.91,1748.21,3,month-to-month,fiber,1,cancelled
C00290,40,10,65.05,661.08,2,month-to-month,dsl,0,resolved
C00291,36,11,,916.92,1,month-to-month,fiber,0,resolved
C00292,57,24,137.49,,3,month-to-month,none,1,cancelled
C00293,54,32,50.57,1678.25,4,two-year,fiber,0,resolved
C00294,18,12,69.66,,1,,dsl,1,cancelled
C00295,39,12,,,0,two-year,fiber,0,no_contact
C00296,44,9,50.52,522.34,0,one-year,dsl,0,no_contact
C00297,39,46,67.73,3101.27,0,two-year,dsl,0,no_contact
C00298,54,35,88.73,3144.1,0,month-to-month,none,1,cancelled
C00299,68,9,37.25,273.79,2,month-to-month,fiber,0,resolved
C00300,38,33,58.65,1957.85,1,two-year,fiber,0,no_contact
C00301,51,11,62.1,,1,month-to-month,fiber,1,cancelled
C00302,45,14,78.56,,1,month-to-month,fiber,1,escalated
C00303,66,72,109.49,7835.36,0,month-to-month,none,0,no_contact
C00304,41,15,41.46,644.97,1,month-to-month,fiber,1,escalated
C00305,37,31,28.11,946.36,1,month-to-month,dsl,0,resolved
C00306,63,7,93.86,632.43,1,two-year,fiber,1,cancelled
C00307,25,62,74.6,4641.26,1,month-to-month,fiber,0,no_contact
C00308,18,15,103.89,1527.83,1,month-to-month,dsl,1,unresolved
C00309,48,31,98.51,3073.78,1,one-year,fiber,0,escalated
C00310,52,10,71.17,699.49,0,month-to-month,none,1,cancelled
C00311,29,59,43.77,2570.56,0,one-year,dsl,0,no_contact
C00312,42,34,44.06,1562.04,5,one-year,none,0,no_contact
C00313,51,9,72.37,664.4,0,month-to-month,dsl,0,resolved
C00314,41,4,85.82,240.76,2,month-to-month,fiber,1,cancelled
C00315,52,28,138.71,3853.98,1,two-year,dsl,0,resolved
C00316,70,46,81.01,3748.22,2,month-to-month,fiber,0,resolved
C00317,36,10,63.38,733.3,0,two-year,fiber,0,resolved
C00318,56,1,60.12,79.22,2,month-to-month,fiber,1,cancelled
C00319,40,11,61.49,676.4,2,month-to-month,fiber,1,cancelled
C00320,51,2,54.84,,3,month-to-month,fiber,1,cancelled
C00321,62,26,68.86,1815.43,1,month-to-month,fiber,0,no_contact
C00322,53,65,82.33,5309.32,0,month-to-month,none,0,no_contact
C00323,58,19,64.74,1242.98,1,month-to-month,none,1,cancelled
C00324,18,43,74.37,3118.05,0,one-year,fiber,0,resolved
C00325,58,43,67.2,2920.24,0,month-to-month,none,0,escalated
C00326,22,15,70.32,957.42,0,one-year,fiber,1,cancelled
C00327,38,35,34.93,1200.89,2,month-to-month,none,0,resolved
C00328,48,10,85.4,949.14,1,month-to-month,none,1,cancelled
C00329,20,28,57.25,1564.2,0,two-year,fiber,1,cancelled
C00330,62,32,59.18,1853.1,1,two-year,dsl,0,resolved
C00331,54,8,69.31,554.76,1,one-year,fiber,1,cancelled
C00332,42,9,72.82,598.52,1,month-to-month,fiber,0,resolved
C00333,26,22,82.34,1854.7,2,one-year,dsl,1,escalated
C00334,52,32,68.61,2168.85,0,one-year,none,0,escalated
C00335,69,67,77.87,5150.84,1,one-year,fiber,0,no_contact
C00336,50,30,26.53,792.83,2,month-to-month,dsl,0,resolved
C00337,50,6,,417.07,2,one-year,dsl,0,no_contact
C00338,30,16,78.95,1281.89,1,one-year,dsl,0,resolved
C00339,52,3,101.69,275.79,0,month-to-month,dsl,1,escalated
C00340,51,15,114.01,1739.58,1,month-to-month,fiber,1,cancelled
C00341,39,15,41.85,613.2,1,month-to-month,fiber,1,unresolved
C00342,45,14,27.82,330.98,2,one-year,dsl,0,resolved
C00343,19,19,116.38,2163.63,0,month-to-month,fiber,1,unresolved
C00344,44,31,75.34,2335.5,1,month-to-month,dsl,0,resolved
C00345,38,23,86.55,2000.45,0,two-year,none,0,resolved
C00346,33,57,115.5,6583.12,2,month-to-month,fiber,0,resolved
C00347,52,10,88.31,,1,one-year,fiber,1,cancelled
C00348,28,35,78.25,2694.47,0,month-to-month,dsl,0,resolved
C00349,72,10,33.01,336.34,0,month-to-month,fiber,1,unresolved
C00350,75,45,64.7,2842.2,2,month-to-month,fiber,1,cancelled
C00351,41,5,74.43,388.13,3,month-to-month,dsl,1,unresolved
C00352,51,24,92.93,2220.15,2,one-year,fiber,1,unresolved
C00353,55,19,67.86,1277.79,0,month-to-month,dsl,1,cancelled
C00354,51,16,91.14,1462.84,1,month-to-month,dsl,1,cancelled
C00355,68,12,54.01,,0,month-to-month,fiber,1,unresolved
C00356,32,16,82.1,1343.93,1,one-year,dsl,1,cancelled
C00357,18,42,61.98,2660.84,1,one-year,dsl,0,resolved
C00358,51,36,100.52,3698.21,4,month-to-month,dsl,1,cancelled
C00359,49,14,73.94,981.87,1,one-year,dsl,0,resolved
C00360,41,28,51.63,1460.67,0,month-to-month,fiber,0,no_contact
C00361,76,7,93.54,662.75,0,one-year,dsl,1,unresolved
C00362,30,5,,508.83,0,month-to-month,none,1,escalated
C00363,27,17,40.91,668.37,0,,dsl,1,cancelled
C00364,58,22,58.66,1217.45,2,month-to-month,fiber,0,no_contact
C00365,69,14,32.63,452.25,0,month-to-month,fiber,0,no_contact
C00366,37,29,103.53,2991.32,1,month-to-month,fiber,1,unresolved
C00367,33,5,83.28,,1,one-year,fiber,1,cancelled
C00368,63,53,75.71,4068.43,1,two-year,fiber,0,resolved
C00369,54,9,98.72,867.94,1,one-year,fiber,1,cancelled
C00370,34,29,60.27,1775.65,3,two-year,fiber,1,cancelled
C00371,63,28,78.67,2187.54,1,month-to-month,dsl,1,cancelled
C00372,52,23,35.82,763.5,1,one-year,fiber,1,cancelled
C00373,54,18,106.14,1866.01,0,one-year,dsl,0,no_contact
C00374,56,4,80.22,318.72,1,one-year,none,0,no_contact
C00375,24,20,88.11,1715.13,1,month-to-month,dsl,1,cancelled
C00376,42,19,90.59,1713.74,1,two-year,none,0,no_contact
C00377,47,13,,1156.36,2,one-year,fiber,0,resolved
C00378,42,16,43.66,728.04,1,month-to-month,fiber,1,cancelled
C00379,36,14,105.82,1428.73,0,month-to-month,dsl,0,resolved
C00380,45,41,71.11,2927.34,0,month-to-month,fiber,0,escalated
C00381,82,26,96.6,2500.19,0,two-year,dsl,1,escalated
C00382,27,29,63.22,1854.17,2,one-year,dsl,0,resolved
C00383,43,13,46.97,592.21,2,two-year,none,0,no_contact
C00384,35,14,35.52,548.93,0,one-year,none,1,escalated
C00385,37,13,79.91,1030.53,0,one-year,fiber,0,resolved
C00386,71,6,83.15,513.57,4,two-year,fiber,1,cancelled
C00387,18,16,56.04,953.76,2,month-to-month,dsl,1,cancelled
C00388,44,13,65.65,828.65,0,month-to-month,dsl,1,cancelled
C00389,46,18,49.03,951.27,0,month-to-month,none,0,resolved
C00390,60,59,103.99,6170.94,1,two-year,satellite,0,resolved
C00391,43,17,111.47,1942.08,1,month-to-month,none,1,cancelled
C00392,62,2,76.91,194.94,2,two-year,dsl,0,resolved
C00393,43,17,,1403.42,2,month-to-month,fiber,1,escalated
C00394,68,24,71.46,1695.83,0,month-to-month,none,0,resolved
C00395,64,38,80.11,3068.5,0,one-year,fiber,0,resolved
C00396,59,15,86.9,1329.64,1,month-to-month,dsl,1,cancelled
C00397,36,55,103.99,5692.01,1,one-year,fiber,0,no_contact
C00398,49,35,59.5,2046.23,3,month-to-month,fiber,1,escalated
C00399,65,8,104.08,804.98,0,month-to-month,fiber,1,cancelled
C00400,76,21,21.11,436.68,2,month-to-month,fiber,1,cancelled
C00401,26,4,84.34,418.19,1,month-to-month,dsl,1,cancelled
C00402,60,4,98.61,446.54,1,one-year,dsl,0,no_contact
C00403,38,42,48.44,2016.5,1,one-year,dsl,0,resolved
C00404,18,19,55.87,1082.78,3,one-year,fiber,0,resolved
C00405,43,18,49.43,904.26,0,month-to-month,dsl,0,resolved
C00406,-1,12,65.32,,1,month-to-month,none,1,cancelled
C00407,18,10,68.17,691.63,1,two-year,fiber,1,escalated
C00408,67,6,33.22,218.52,1,one-year,dsl,1,cancelled
C00409,43,23,51.77,1258.3,0,month-to-month,dsl,1,cancelled
C00410,36,13,18.0,159.41,1,two-year,fiber,0,no_contact
C00411,45,7,56.34,451.67,1,month-to-month,fiber,0,resolved
C00412,51,10,86.55,,0,one-year,fiber,1,cancelled
C00413,61,21,67.11,1442.55,1,month-to-month,none,1,cancelled
C00414,32,9,112.13,1072.55,0,month-to-month,dsl,1,cancelled
C00415,60,2,52.63,88.84,0,two-year,fiber,0,resolved
C00416,56,39,85.61,3398.65,0,month-to-month,dsl,1,unresolved
C00417,31,44,,1982.32,1,two-year,dsl,0,no_contact
C00418,57,27,93.02,2459.01,1,month-to-month,fiber,1,cancelled
C00419,62,21,110.7,2373.58,1,one-year,dsl,1,cancelled
C00420,53,54,67.01,3573.44,0,month-to-month,dsl,0,resolved
C00421,64,1,80.06,,2,two-year,fiber,1,cancelled
C00422,48,33,71.22,2420.87,0,month-to-month,fiber,1,escalated
C00423,77,23,75.41,1651.48,2,one-year,dsl,0,no_contact
C00424,48,39,72.45,2802.58,1,one-year,none,0,resolved
C00425,34,57,61.59,3589.91,1,month-to-month,fiber,0,no_contact
C00426,59,30,73.63,2259.85,2,month-to-month,fiber,1,cancelled
C00427,60,4,48.25,164.17,3,one-year,dsl,0,resolved
C00428,18,7,76.72,495.38,3,one-year,dsl,1,cancelled
C00429,37,20,63.82,1293.98,1,month-to-month,dsl,1,cancelled
C00430,43,25,89.36,,0,,dsl,0,escalated
C00431,50,24,121.69,2877.45,0,month-to-month,fiber,0,resolved
C00432,21,39,90.22,3497.3,0,two-year,fiber,0,resolved
C00433,46,6,82.89,,1,one-year,fiber,1,cancelled
C00434,45,49,51.88,2558.74,1,one-year,fiber,0,resolved
C00435,29,18,66.67,1168.94,0,month-to-month,fiber,0,no_contact
C00436,36,32,86.88,2796.86,0,month-to-month,dsl,1,unresolved
C00437,53,40,72.09,,1,one-year,satellite,0,no_contact
C00438,62,16,34.23,526.89,2,month-to-month,none,1,cancelled
C00439,40,14,79.7,1064.73,0,month-to-month,dsl,0,resolved
C00440,52,5,48.17,273.3,0,one-year,fiber,1,cancelled
C00441,37,14,86.69,1279.55,0,,fiber,1,cancelled
C00442,52,39,66.28,2597.42,0,month-to-month,none,0,no_contact
C00443,47,38,20.19,796.34,2,one-year,none,0,resolved
C00444,22,15,77.77,1127.91,0,two-year,fiber,1,cancelled
C00445,48,3,51.82,164.36,0,month-to-month,fiber,1,cancelled
C00446,48,43,21.54,930.8,2,one-year,fiber,1,cancelled
C00447,54,50,70.62,,1,one-year,dsl,0,resolved
C00448,63,29,49.52,1353.45,1,month-to-month,dsl,1,cancelled
C00449,47,22,75.21,1664.77,1,month-to-month,fiber,1,cancelled
C00450,34,20,82.46,1632.38,0,month-to-month,satellite,0,resolved
C00451,42,30,81.83,2512.61,0,one-year,dsl,1,cancelled
C00452,45,15,101.05,1453.15,1,two-year,fiber,0,resolved
C00453,53,17,54.85,978.22,2,two-year,fiber,1,cancelled
C00454,31,10,,,4,month-to-month,fiber,0,resolved
C00455,41,37,53.09,1875.55,1,one-year,dsl,0,resolved
C00456,48,40,62.79,2482.4,2,two-year,dsl,0,resolved
C00457,67,12,130.72,1643.97,1,month-to-month,none,1,unresolved
C00458,44,19,35.52,695.26,0,one-year,dsl,0,resolved
C00459,63,15,80.08,1231.81,1,one-year,dsl,1,cancelled
C00460,57,14,75.96,1004.45,0,one-year,dsl,0,no_contact
C00461,26,12,62.56,699.34,0,month-to-month,fiber,0,resolved
C00462,34,22,47.63,1029.99,0,two-year,fiber,0,resolved
C00463,40,14,55.88,831.28,0,one-year,fiber,1,cancelled
C00464,57,12,55.6,716.92,1,month-to-month,dsl,1,cancelled
C00465,60,9,,707.52,1,two-year,none,1,cancelled
C00466,43,11,61.85,695.58,1,one-year,dsl,1,cancelled
C00467,62,18,52.75,916.34,1,one-year,fiber,1,cancelled
C00468,31,12,43.72,502.95,1,two-year,dsl,0,resolved
C00469,25,8,63.31,510.39,0,month-to-month,dsl,1,cancelled
C00470,49,18,40.31,783.15,2,month-to-month,fiber,1,cancelled
C00471,46,56,54.46,3068.39,1,two-year,fiber,0,resolved
C00472,59,17,61.65,1053.65,1,month-to-month,fiber,0,resolved
C00473,34,10,18.0,203.28,0,month-to-month,fiber,0,no_contact
C00474,65,33,86.81,2901.49,0,month-to-month,fiber,0,no_contact
C00475,35,20,114.45,2288.34,1,one-year,none,0,resolved
C00476,41,23,113.78,2601.95,2,two-year,fiber,1,cancelled
C00477,23,5,121.13,666.06,0,month-to-month,fiber,1,cancelled
C00478,53,7,73.22,474.94,0,one-year,fiber,0,no_contact
C00479,33,13,97.5,,1,two-year,dsl,1,cancelled
C00480,35,37,,2889.24,0,month-to-month,none,0,escalated
C00481,18,10,24.63,267.74,0,month-to-month,dsl,0,resolved
C00482,44,21,49.42,1079.21,1,one-year,fiber,1,cancelled
C00483,24,17,64.81,1105.64,1,month-to-month,dsl,1,cancelled
C00484,50,34,74.18,2507.22,0,month-to-month,dsl,1,cancelled
C00485,60,22,47.98,1079.05,0,month-to-month,fiber,1,cancelled
C00486,39,21,85.2,1771.74,1,one-year,fiber,1,cancelled
C00487,55,6,41.99,217.06,2,month-to-month,dsl,1,escalated
C00488,37,8,46.12,457.97,0,one-year,dsl,1,cancelled
C00489,28,22,61.71,1390.29,0,month-to-month,dsl,0,no_contact
C00490,59,21,101.69,2125.75,0,month-to-month,fiber,1,cancelled
C00491,40,2,76.43,,2,two-year,fiber,1,cancelled
C00492,18,25,63.83,1644.39,2,,fiber,0,resolved
C00493,45,13,9999.0,896.8,0,one-year,dsl,0,resolved
C00494,38,9,88.87,675.37,0,one-year,fiber,1,cancelled
C00495,73,27,43.44,1250.83,0,two-year,fiber,0,resolved
C00496,29,20,98.26,,1,one-year,dsl,1,escalated
C00497,31,13,66.4,851.57,1,one-year,fiber,0,no_contact
C00498,71,10,74.65,719.95,2,month-to-month,dsl,1,cancelled
C00499,54,52,60.29,3111.74,0,one-year,none,0,resolved
C00500,34,3,80.11,173.07,1,two-year,none,1,cancelled
C00501,49,17,27.6,515.78,0,month-to-month,dsl,0,no_contact
C00502,53,72,97.8,7057.26,2,two-year,dsl,0,no_contact
C00503,66,25,56.17,1376.88,2,two-year,dsl,1,cancelled
C00504,63,32,70.45,2275.33,2,month-to-month,dsl,0,resolved
C00505,52,5,73.04,321.43,1,one-year,none,1,escalated
C00506,41,56,89.04,5005.13,0,one-year,fiber,0,no_contact
C00507,47,18,77.88,1369.94,1,one-year,fiber,1,escalated
C00508,68,53,38.82,2117.5,0,two-year,dsl,0,no_contact
C00509,66,72,30.86,2219.83,1,month-to-month,dsl,0,resolved
C00510,40,41,127.51,5204.05,0,month-to-month,dsl,1,cancelled
C00511,55,54,,7398.82,1,one-year,fiber,0,resolved
C00512,36,72,55.87,3989.94,1,month-to-month,fiber,0,resolved
C00513,61,33,73.93,2424.28,0,month-to-month,fiber,0,resolved
C00514,56,9,55.77,538.04,1,one-year,dsl,1,cancelled
C00515,46,51,104.06,5382.75,2,month-to-month,dsl,1,escalated
C00516,28,21,43.38,958.66,0,one-year,dsl,0,resolved
C00517,40,22,66.72,1475.39,2,month-to-month,dsl,0,resolved
C00518,45,21,45.4,904.87,1,two-year,dsl,1,unresolved
C00519,44,11,72.62,821.77,0,one-year,fiber,0,resolved
C00520,27,16,27.24,,1,month-to-month,fiber,1,cancelled
C00521,44,36,129.02,4599.88,1,month-to-month,none,1,unresolved
C00522,42,12,88.31,949.79,1,two-year,fiber,0,no_contact
C00523,48,26,67.87,1807.83,2,one-year,dsl,1,cancelled
C00524,40,42,136.5,5736.29,1,month-to-month,fiber,0,resolved
C00525,35,27,31.32,876.32,1,one-year,fiber,0,resolved
C00526,37,3,106.88,,1,one-year,dsl,0,resolved
C00527,63,34,90.46,3082.36,0,two-year,none,0,resolved
C00528,88,25,82.71,2012.1,0,month-to-month,fiber,0,no_contact
C00529,31,21,68.53,1451.52,2,two-year,dsl,0,no_contact
C00530,38,51,103.15,5226.12,1,one-year,dsl,0,resolved
C00531,42,51,57.42,2933.99,1,month-to-month,none,0,escalated
C00532,61,7,72.74,536.06,1,month-to-month,satellite,1,escalated
C00533,58,26,70.86,1890.64,1,month-to-month,fiber,0,no_contact
C00534,39,32,77.84,2555.62,2,month-to-month,fiber,1,cancelled
C00535,41,21,49.63,1034.4,1,two-year,dsl,0,resolved
C00536,52,13,74.28,973.22,1,one-year,fiber,0,no_contact
C00537,41,12,105.81,1178.24,1,month-to-month,fiber,1,unresolved
C00538,51,12,93.41,1118.05,3,month-to-month,dsl,1,escalated
C00539,49,57,44.78,2620.14,1,one-year,dsl,0,resolved
C00540,29,9,86.74,,0,one-year,dsl,0,resolved
C00541,38,26,32.99,784.1,0,two-year,dsl,0,no_contact
C00542,66,4,119.66,446.26,1,month-to-month,fiber,1,cancelled
C00543,33,18,71.81,1305.16,1,month-to-month,none,1,escalated
C00544,66,11,78.55,833.7,0,one-year,dsl,1,cancelled
C00545,-1,3,97.04,223.4,0,month-to-month,fiber,0,no_contact
C00546,37,33,33.68,1127.7,0,month-to-month,fiber,0,resolved
C00547,25,6,60.0,260.18,1,two-year,fiber,0,resolved
C00548,60,12,69.1,818.1,1,month-to-month,dsl,1,cancelled
C00549,56,55,73.51,3976.32,0,one-year,dsl,0,no_contact
C00550,75,45,82.3,3719.47,0,month-to-month,fiber,0,no_contact
C00551,66,18,69.42,1240.85,2,one-year,none,0,no_contact
C00552,18,55,53.63,2942.88,2,month-to-month,fiber,0,resolved
C00553,40,32,18.0,541.15,2,one-year,fiber,1,cancelled
C00554,54,36,114.81,4101.16,2,month-to-month,fiber,1,escalated
C00555,31,25,98.86,2485.62,0,one-year,fiber,1,cancelled
C00556,53,7,53.8,389.2,1,month-to-month,fiber,0,resolved
C00557,52,4,43.89,115.67,1,month-to-month,dsl,0,resolved
C00558,57,7,75.67,455.85,1,month-to-month,none,1,cancelled
C00559,53,26,75.01,1976.03,2,month-to-month,fiber,1,cancelled
C00560,54,20,63.07,1245.16,2,one-year,none,0,no_contact
C00561,24,25,91.34,2259.31,1,month-to-month,fiber,1,cancelled
C00562,46,19,61.77,1129.6,0,one-year,fiber,1,cancelled
C00563,43,32,,2546.16,1,one-year,fiber,0,resolved
C00564,39,45,101.54,4553.69,1,month-to-month,dsl,0,no_contact
C00565,67,23,100.18,2252.54,0,one-year,dsl,0,resolved
C00566,27,23,,438.8,0,month-to-month,fiber,0,no_contact
C00567,48,72,91.35,6523.78,0,month-to-month,fiber,0,resolved
C00568,38,23,87.59,1944.64,0,month-to-month,fiber,1,cancelled
C00569,-1,30,35.82,1093.94,0,month-to-month,dsl,0,no_contact
C00570,50,17,33.89,537.16,4,month-to-month,none,1,cancelled
C00571,37,48,37.37,1757.93,0,two-year,fiber,0,resolved
C00572,56,23,83.11,1919.47,0,two-year,fiber,1,cancelled
C00573,50,3,77.89,211.97,2,month-to-month,fiber,1,cancelled
C00574,38,25,53.04,1333.55,0,month-to-month,satellite,0,resolved
C00575,46,49,95.58,4676.73,3,month-to-month,dsl,0,escalated
C00576,52,8,80.15,602.16,1,month-to-month,none,0,resolved
C00577,56,56,48.43,2768.68,1,month-to-month,none,0,no_contact
C00578,55,11,43.32,477.52,1,two-year,fiber,0,no_contact
C00579,32,30,86.91,2661.37,2,two-year,fiber,0,no_contact
C00580,18,21,98.95,2047.87,1,month-to-month,fiber,1,cancelled
C00581,47,6,80.68,457.57,1,one-year,fiber,0,no_contact
C00582,35,12,88.68,1014.47,1,one-year,fiber,1,unresolved
C00583,54,13,91.54,1212.17,0,one-year,dsl,0,escalated
C00584,22,30,75.99,,0,one-year,fiber,0,no_contact
C00585,45,18,84.56,1528.45,1,month-to-month,fiber,1,cancelled
C00586,36,11,21.87,237.82,1,two-year,fiber,0,no_contact
C00587,53,20,78.42,1590.38,2,two-year,fiber,1,escalated
C00588,30,47,75.35,3485.1,0,month-to-month,dsl,0,no_contact
C00589,30,15,61.26,961.9,1,month-to-month,dsl,1,cancelled
C00590,52,24,61.95,1492.33,1,month-to-month,fiber,1,cancelled
C00591,19,15,59.76,924.33,0,month-to-month,dsl,1,unresolved
C00592,41,22,45.15,1047.34,2,one-year,fiber,0,no_contact
C00593,75,7,,,1,two-year,fiber,0,resolved
C00594,27,45,97.45,4405.55,2,month-to-month,fiber,1,cancelled
C00595,51,21,124.92,2599.37,1,month-to-month,none,1,unresolved
C00596,56,44,70.48,3074.03,0,one-year,dsl,0,resolved
C00597,28,72,77.9,5623.57,0,month-to-month,dsl,1,cancelled
C00598,29,52,,4345.34,0,one-year,none,0,no_contact
C00599,46,2,65.06,76.43,0,month-to-month,dsl,0,resolved
C00600,56,11,70.86,748.25,1,one-year,fiber,1,escalated
C00601,18,18,120.53,2225.26,1,month-to-month,dsl,1,cancelled
C00602,59,4,,198.72,1,two-year,dsl,1,cancelled
C00603,30,31,64.77,1980.36,0,one-year,dsl,0,no_contact
C00604,22,2,18.0,18.83,2,two-year,none,0,no_contact
C00605,52,12,93.77,,3,month-to-month,dsl,1,cancelled
C00606,78,16,116.44,1867.96,1,month-to-month,fiber,1,cancelled
C00607,49,20,64.1,1294.24,0,month-to-month,fiber,1,unresolved
C00608,46,17,63.28,1164.72,2,month-to-month,fiber,1,cancelled
C00609,34,20,54.19,1114.98,1,month-to-month,dsl,0,no_contact
C00610,31,4,101.08,,2,month-to-month,fiber,1,unresolved
C00611,42,23,88.27,2056.13,1,two-year,fiber,1,cancelled
C00612,49,38,,771.03,1,one-year,dsl,0,resolved
C00613,52,43,76.71,3271.64,1,month-to-month,dsl,0,resolved
C00614,31,18,79.36,1500.13,4,month-to-month,fiber,1,unresolved
C00615,64,27,78.17,2071.46,1,month-to-month,fiber,0,resolved
C00616,61,27,27.93,750.66,0,two-year,dsl,0,no_contact
C00617,41,36,74.0,2668.09,2,month-to-month,dsl,0,resolved
C00618,50,9,,935.13,3,two-year,dsl,1,escalated
C00619,39,14,66.88,892.54,1,two-year,none,1,unresolved
C00620,54,39,96.18,3698.33,0,month-to-month,fiber,0,resolved
C00621,37,8,,663.18,1,one-year,fiber,1,cancelled
C00622,53,39,128.06,4979.0,1,month-to-month,none,1,cancelled
C00623,27,2,59.07,142.23,3,month-to-month,fiber,1,cancelled
C00624,47,15,55.3,723.22,1,,dsl,0,no_contact
C00625,29,72,55.09,3991.57,1,one-year,fiber,0,no_contact
C00626,26,13,47.6,657.17,2,one-year,none,0,resolved
C00627,18,8,67.93,478.55,0,two-year,fiber,0,resolved
C00628,53,17,69.13,1264.28,2,month-to-month,fiber,0,resolved
C00629,54,10,38.32,390.28,1,month-to-month,dsl,1,cancelled
C00630,51,23,81.83,1887.21,2,month-to-month,fiber,0,resolved
C00631,29,35,96.07,3365.37,0,month-to-month,fiber,0,no_contact
C00632,66,52,81.46,4254.26,2,month-to-month,dsl,0,resolved
C00633,44,43,62.69,2650.73,0,month-to-month,none,0,resolved
C00634,53,31,81.55,2578.76,0,one-year,dsl,0,no_contact
C00635,40,4,33.94,107.01,0,two-year,dsl,0,no_contact
C00636,39,57,111.98,6409.21,0,month-to-month,fiber,0,escalated
C00637,59,70,58.83,4132.04,1,two-year,fiber,0,no_contact
C00638,51,35,72.31,2492.51,1,two-year,dsl,1,cancelled
C00639,48,17,89.33,1553.89,2,one-year,none,1,cancelled
C00640,62,4,34.16,,1,two-year,dsl,0,resolved
C00641,27,27,53.72,1469.82,1,one-year,dsl,0,no_contact
C00642,43,72,77.55,5549.33,1,month-to-month,fiber,0,resolved
C00643,64,14,65.16,899.81,2,two-year,fiber,0,no_contact
C00644,49,10,90.3,869.68,1,month-to-month,fiber,1,escalated
C00645,45,15,61.59,959.51,0,month-to-month,fiber,1,cancelled
C00646,60,12,,1484.7,1,month-to-month,fiber,1,cancelled
C00647,47,17,83.76,1423.69,1,month-to-month,none,1,cancelled
C00648,48,41,78.29,3180.54,1,month-to-month,none,0,no_contact
C00649,42,36,101.0,3629.46,2,two-year,none,0,resolved
C00650,49,24,60.23,1465.7,1,month-to-month,dsl,1,cancelled
C00651,69,72,68.64,4961.13,1,two-year,fiber,0,resolved
C00652,51,16,102.49,1555.59,1,one-year,fiber,1,unresolved
C00653,65,24,104.43,2462.63,2,one-year,fiber,1,escalated
C00654,63,70,52.13,3722.56,1,month-to-month,fiber,0,resolved
C00655,31,59,43.83,2520.94,1,month-to-month,fiber,0,resolved
C00656,28,23,77.4,1807.6,1,two-year,fiber,0,no_contact
C00657,32,40,87.01,3572.18,1,month-to-month,none,1,cancelled
C00658,53,42,101.77,4343.99,2,month-to-month,fiber,1,cancelled
C00659,21,18,76.72,1448.11,0,month-to-month,dsl,1,cancelled
C00660,62,16,56.26,847.65,0,month-to-month,fiber,0,no_contact
C00661,61,23,77.55,1749.03,0,month-to-month,fiber,0,resolved
C00662,62,25,119.42,2996.06,0,month-to-month,fiber,0,no_contact
C00663,31,19,86.58,1631.56,0,month-to-month,fiber,1,cancelled
C00664,47,18,116.68,2107.7,1,month-to-month,fiber,0,no_contact
C00665,84,16,98.01,1525.3,3,month-to-month,dsl,1,escalated
C00666,30,9,38.76,296.73,0,one-year,fiber,0,resolved
C00667,56,2,78.76,177.14,2,month-to-month,satellite,0,escalated
C00668,53,13,91.76,1200.11,0,month-to-month,fiber,1,cancelled
C00669,63,72,104.55,7594.65,1,one-year,fiber,0,resolved
C00670,65,37,68.78,2592.5,1,month-to-month,dsl,0,no_contact
C00671,38,18,32.25,638.54,1,two-year,fiber,0,no_contact
C00672,53,14,97.96,1403.01,0,month-to-month,fiber,1,escalated
C00673,49,17,72.25,1300.32,0,one-year,fiber,0,no_contact
C00674,49,10,85.97,874.13,1,month-to-month,fiber,1,unresolved
C00675,52,37,58.87,2172.2,1,one-year,fiber,0,no_contact
C00676,29,33,95.27,3141.66,1,month-to-month,none,1,cancelled
C00677,47,10,116.15,1162.82,1,month-to-month,none,1,cancelled
C00678,52,23,80.29,1888.49,1,one-year,fiber,0,no_contact
C00679,61,19,73.28,1358.18,2,two-year,fiber,0,resolved
C00680,41,21,82.94,1755.69,1,two-year,fiber,1,cancelled
C00681,66,50,90.06,4489.46,0,two-year,fiber,1,escalated
C00682,29,20,56.16,1120.92,1,month-to-month,none,1,cancelled
C00683,18,20,86.9,1733.71,1,one-year,dsl,1,escalated
C00684,47,1,64.36,62.97,1,month-to-month,dsl,1,cancelled
C00685,62,14,78.64,1147.1,2,month-to-month,fiber,1,cancelled
C00686,54,17,56.63,,2,two-year,fiber,0,resolved
C00687,61,18,57.5,1001.71,1,month-to-month,fiber,1,cancelled
C00688,52,4,64.5,,0,month-to-month,dsl,0,no_contact
C00689,49,21,,1105.13,0,month-to-month,fiber,1,cancelled
C00690,53,43,43.95,1948.5,3,month-to-month,fiber,1,escalated
C00691,46,14,,1548.52,1,month-to-month,dsl,1,cancelled
C00692,57,11,68.15,,1,one-year,fiber,1,cancelled
C00693,43,13,54.77,732.18,4,two-year,fiber,0,resolved
C00694,64,9,,644.65,2,month-to-month,none,1,escalated
C00695,-1,15,77.48,1142.54,4,month-to-month,fiber,1,cancelled
C00696,54,9,52.42,491.39,1,two-year,dsl,1,escalated
C00697,76,14,73.12,1006.13,2,one-year,satellite,0,no_contact
C00698,35,53,91.05,4817.63,0,month-to-month,none,0,resolved
C00699,41,14,,860.76,0,,fiber,0,resolved
C00700,47,27,78.92,2135.39,1,two-year,fiber,0,resolved
C00701,41,34,106.68,3661.78,1,two-year,fiber,1,cancelled
C00702,45,22,83.19,1790.36,0,month-to-month,fiber,1,cancelled
C00703,48,2,18.0,97.35,2,month-to-month,dsl,1,cancelled
C00704,68,30,58.11,1735.42,4,two-year,fiber,0,resolved
C00705,84,6,45.93,,2,month-to-month,satellite,1,cancelled
C00706,31,28,107.71,2988.02,0,two-year,fiber,1,cancelled
C00707,43,59,57.92,3428.73,1,one-year,dsl,0,resolved
C00708,48,40,,4685.93,1,month-to-month,fiber,1,cancelled
C00709,26,4,72.36,190.63,1,month-to-month,fiber,1,unresolved
C00710,36,11,64.76,772.05,2,two-year,fiber,1,escalated
C00711,50,72,,5484.94,1,two-year,fiber,0,resolved
C00712,38,7,69.17,490.36,2,month-to-month,none,0,resolved
C00713,60,12,71.56,792.48,0,month-to-month,fiber,1,cancelled
C00714,40,28,84.18,2332.18,3,one-year,dsl,0,no_contact
C00715,40,13,63.5,810.8,3,month-to-month,fiber,1,escalated
C00716,51,5,40.05,180.8,2,one-year,fiber,0,resolved
C00717,62,12,83.17,965.89,0,two-year,fiber,1,cancelled
C00718,29,3,105.65,314.87,1,two-year,dsl,1,unresolved
C00719,29,28,60.79,1716.59,2,one-year,none,0,resolved
C00720,54,3,42.84,147.59,2,one-year,dsl,1,unresolved
C00721,47,35,54.26,1941.96,1,one-year,fiber,1,cancelled
C00722,76,3,34.01,76.48,1,month-to-month,fiber,0,resolved
C00723,53,18,84.14,1499.02,1,,dsl,0,no_contact
C00724,51,72,29.34,2059.07,1,one-year,dsl,0,resolved
C00725,60,28,74.77,2054.47,0,two-year,dsl,0,resolved
C00726,25,45,57.25,2508.43,2,month-to-month,fiber,0,resolved
C00727,55,7,43.63,302.22,2,one-year,dsl,0,no_contact
C00728,56,6,18.0,135.22,1,month-to-month,none,1,cancelled
C00729,70,33,56.66,1829.74,0,month-to-month,fiber,0,resolved
C00730,39,10,57.34,486.84,1,one-year,none,0,no_contact
C00731,36,22,95.21,2106.39,1,month-to-month,fiber,1,cancelled
C00732,33,21,109.68,2335.45,0,month-to-month,dsl,1,cancelled
C00733,23,38,80.94,3074.27,1,month-to-month,fiber,0,resolved
C00734,61,6,111.77,720.19,1,month-to-month,fiber,1,escalated
C00735,69,17,71.84,1314.14,0,one-year,fiber,0,no_contact
C00736,18,27,70.37,1791.94,1,month-to-month,dsl,1,escalated
C00737,43,27,77.35,2132.48,0,month-to-month,fiber,0,resolved
C00738,72,13,66.46,887.52,2,one-year,none,0,resolved
C00739,29,11,64.89,695.94,1,one-year,fiber,0,no_contact
C00740,29,29,18.0,541.17,0,one-year,fiber,0,no_contact
C00741,33,36,51.62,1840.37,0,month-to-month,dsl,0,resolved
C00742,51,5,101.25,529.8,0,one-year,fiber,1,escalated
C00743,52,16,84.8,1380.88,0,one-year,fiber,0,resolved
C00744,28,6,53.86,386.79,2,month-to-month,dsl,0,no_contact
C00745,53,44,60.2,2680.97,2,month-to-month,dsl,1,unresolved
C00746,38,24,80.19,1913.97,1,two-year,fiber,1,cancelled
C00747,39,31,54.24,1661.86,0,month-to-month,dsl,0,no_contact
C00748,67,60,46.11,2707.11,0,one-year,fiber,0,resolved
C00749,38,21,63.94,1290.35,0,month-to-month,dsl,0,resolved
C00750,75,29,41.39,1181.48,2,two-year,dsl,0,resolved
C00751,47,52,86.91,4470.79,0,month-to-month,fiber,0,no_contact
C00752,38,39,53.91,2092.77,1,month-to-month,dsl,0,no_contact
C00753,36,21,72.33,1485.92,1,month-to-month,none,1,cancelled
C00754,40,16,63.84,1016.79,1,month-to-month,dsl,1,cancelled
C00755,44,44,41.74,1797.63,0,month-to-month,dsl,0,no_contact
C00756,45,16,86.96,1311.57,2,one-year,none,0,resolved
C00757,36,27,63.29,1614.96,1,month-to-month,fiber,0,no_contact
C00758,31,12,34.39,378.25,0,month-to-month,fiber,0,resolved
C00759,30,22,83.3,1854.55,2,month-to-month,dsl,1,cancelled
C00760,49,11,96.48,1095.83,0,month-to-month,dsl,1,unresolved
C00761,38,4,82.57,,0,month-to-month,dsl,1,escalated
C00762,35,29,79.03,2277.23,0,one-year,fiber,0,resolved
C00763,38,55,62.69,3408.91,0,month-to-month,dsl,1,cancelled
C00764,31,53,,6739.91,0,month-to-month,fiber,0,resolved
C00765,53,32,84.45,2676.14,1,month-to-month,dsl,0,no_contact
C00766,32,36,54.64,1861.51,0,month-to-month,none,0,no_contact
C00767,29,7,82.58,661.61,1,month-to-month,fiber,0,no_contact
C00768,38,40,59.87,,2,month-to-month,dsl,0,no_contact
C00769,50,30,86.77,2646.35,2,month-to-month,dsl,1,unresolved
C00770,57,44,104.23,4545.74,0,one-year,dsl,0,resolved
C00771,65,17,9999.0,,1,month-to-month,dsl,0,no_contact
C00772,18,22,132.65,2887.65,0,month-to-month,fiber,0,no_contact
C00773,29,25,49.14,1186.75,0,month-to-month,none,0,no_contact
C00774,55,16,53.83,822.16,1,month-to-month,fiber,0,resolved
C00775,33,31,,1695.51,2,two-year,dsl,0,no_contact
C00776,47,19,87.51,1713.19,0,month-to-month,none,1,unresolved
C00777,44,4,57.05,222.25,0,one-year,fiber,0,resolved
C00778,62,6,76.16,487.59,1,month-to-month,none,1,unresolved
C00779,38,16,72.1,1146.39,3,,dsl,1,cancelled
C00780,38,28,23.12,703.03,0,two-year,fiber,0,resolved
C00781,88,11,35.63,401.56,3,month-to-month,none,1,cancelled
C00782,72,56,96.43,5395.29,1,two-year,dsl,0,resolved
C00783,33,56,33.06,1875.82,0,month-to-month,fiber,0,no_contact
C00784,31,13,79.83,1137.25,0,month-to-month,fiber,0,no_contact
C00785,88,22,61.37,1423.62,0,month-to-month,dsl,1,cancelled
C00786,52,7,78.29,466.67,2,month-to-month,none,1,escalated
C00787,70,33,,1518.8,1,month-to-month,fiber,1,cancelled
C00788,35,24,117.25,2853.9,0,month-to-month,dsl,1,cancelled
C00789,55,10,89.98,963.36,1,month-to-month,fiber,1,cancelled
C00790,68,23,75.88,1628.63,1,one-year,fiber,0,resolved
C00791,21,42,65.64,2811.32,0,two-year,satellite,0,resolved
C00792,48,44,100.19,4406.72,0,month-to-month,dsl,1,cancelled
C00793,43,28,73.94,2095.36,2,one-year,fiber,1,cancelled
C00794,56,22,81.64,1839.78,0,,dsl,0,no_contact
C00795,49,30,86.61,2570.97,2,month-to-month,fiber,1,cancelled
C00796,29,22,44.82,935.92,0,month-to-month,fiber,1,cancelled
C00797,53,12,43.27,575.65,1,month-to-month,none,0,resolved
C00798,54,38,103.59,3841.8,1,month-to-month,satellite,1,escalated
C00799,52,10,24.35,245.8,0,month-to-month,fiber,1,unresolved
C00800,52,22,53.64,1236.67,0,one-year,dsl,0,no_contact
C00801,44,10,47.75,473.01,1,month-to-month,fiber,0,resolved
C00802,62,17,60.73,1127.19,1,one-year,fiber,1,unresolved
C00803,18,8,84.03,698.84,2,month-to-month,dsl,1,cancelled
C00804,30,7,,134.99,2,two-year,fiber,0,resolved
C00805,57,23,104.95,2430.71,2,one-year,none,1,unresolved
C00806,75,24,69.34,1659.12,1,one-year,dsl,0,no_contact
C00807,64,6,62.28,368.04,0,month-to-month,fiber,1,cancelled
C00808,18,4,80.02,261.35,1,month-to-month,fiber,1,cancelled
C00809,29,26,67.39,1677.36,1,one-year,satellite,0,resolved
C00810,52,36,73.14,2618.73,0,one-year,dsl,0,no_contact
C00811,62,28,88.86,2541.07,1,two-year,fiber,1,unresolved
C00812,60,27,81.59,2175.96,0,one-year,dsl,1,cancelled
C00813,32,22,110.43,2417.46,0,month-to-month,none,0,resolved
C00814,63,25,28.46,713.38,1,month-to-month,fiber,0,resolved
C00815,41,19,100.01,1857.98,1,month-to-month,fiber,1,cancelled
C00816,63,40,55.79,2212.0,2,month-to-month,fiber,1,cancelled
C00817,51,12,73.91,859.64,0,two-year,fiber,1,cancelled
C00818,40,40,,2180.19,2,one-year,fiber,0,resolved
C00819,58,5,83.78,423.42,1,month-to-month,dsl,1,cancelled
C00820,60,41,33.3,1276.46,1,one-year,dsl,0,resolved
C00821,48,22,,1189.47,1,one-year,fiber,0,no_contact
C00822,49,0,75.68,-1.89,0,one-year,none,1,cancelled
C00823,49,45,57.78,2604.44,0,month-to-month,fiber,0,resolved
C00824,45,72,127.95,9194.55,0,month-to-month,dsl,0,no_contact
C00825,23,41,23.67,952.36,1,month-to-month,dsl,0,resolved
C00826,48,38,76.07,2885.35,2,two-year,fiber,0,resolved
C00827,33,53,28.95,1571.45,0,one-year,dsl,0,resolved
C00828,60,40,74.03,3061.03,0,one-year,none,0,resolved
C00829,47,19,,697.15,1,one-year,fiber,0,resolved
C00830,65,9,72.19,653.93,2,month-to-month,none,0,no_contact
C00831,24,20,102.86,2055.67,2,month-to-month,dsl,1,cancelled
C00832,41,3,90.38,322.92,0,month-to-month,fiber,1,cancelled
C00833,88,12,79.82,961.25,1,month-to-month,fiber,0,no_contact
C00834,25,20,48.24,987.7,0,month-to-month,fiber,1,unresolved
C00835,53,11,81.36,894.39,1,two-year,dsl,1,cancelled
C00836,69,14,35.13,499.15,2,month-to-month,dsl,1,cancelled
C00837,59,33,70.93,2383.34,0,one-year,dsl,0,no_contact
C00838,22,23,58.91,1338.01,0,month-to-month,fiber,1,cancelled
C00839,41,39,,2363.46,1,two-year,fiber,0,resolved
C00840,34,20,83.38,1704.07,0,one-year,none,1,cancelled
C00841,48,28,67.49,,1,two-year,none,1,cancelled
C00842,67,7,47.17,317.46,1,month-to-month,none,0,no_contact
C00843,64,4,,311.96,0,month-to-month,none,1,cancelled
C00844,37,17,,951.31,2,two-year,fiber,0,no_contact
C00845,38,7,76.09,569.77,1,one-year,dsl,1,cancelled
C00846,52,23,62.51,1410.11,0,one-year,fiber,0,no_contact
C00847,53,31,75.29,2370.1,2,month-to-month,dsl,1,cancelled
C00848,44,19,31.38,661.09,1,month-to-month,none,0,no_contact
C00849,31,17,88.05,1506.55,1,month-to-month,dsl,0,resolved
C00850,18,24,86.91,2096.81,2,month-to-month,none,1,cancelled
C00851,54,11,36.11,387.66,1,one-year,fiber,0,resolved
C00852,60,34,62.57,2158.68,2,one-year,fiber,0,resolved
C00853,18,6,59.18,,0,two-year,fiber,1,cancelled
C00854,24,12,84.85,1044.61,0,one-year,fiber,0,resolved
C00855,51,11,87.06,983.42,0,month-to-month,none,1,cancelled
C00856,34,25,63.18,1588.33,2,month-to-month,fiber,1,cancelled
C00857,50,16,49.93,772.26,2,month-to-month,fiber,1,cancelled
C00858,49,31,42.15,1292.7,0,month-to-month,none,0,resolved
C00859,58,14,54.61,693.47,3,month-to-month,none,1,cancelled
C00860,54,16,93.86,1477.55,2,,dsl,1,cancelled
C00861,50,59,58.39,3458.65,0,month-to-month,none,0,resolved
C00862,46,14,100.53,1284.43,2,month-to-month,fiber,0,no_contact
C00863,40,10,56.68,569.46,1,month-to-month,dsl,1,cancelled
C00864,40,8,26.38,168.02,3,one-year,dsl,1,cancelled
C00865,19,20,62.81,1259.42,0,two-year,dsl,0,resolved
C00866,54,4,61.6,271.8,2,month-to-month,none,0,resolved
C00867,43,59,62.88,3775.31,0,month-to-month,dsl,1,escalated
C00868,35,12,65.64,751.11,0,one-year,none,1,escalated
C00869,47,12,43.32,470.08,0,two-year,dsl,1,cancelled
C00870,59,27,18.0,463.28,2,one-year,dsl,0,resolved
C00871,63,17,93.39,1617.65,1,one-year,fiber,1,cancelled
C00872,60,13,135.62,1679.55,2,month-to-month,fiber,1,escalated
C00873,48,50,120.13,5982.41,1,two-year,dsl,0,resolved
C00874,44,3,70.55,218.7,3,month-to-month,fiber,1,unresolved
C00875,51,30,114.35,3493.23,2,month-to-month,fiber,1,cancelled
C00876,34,20,69.22,1372.35,0,one-year,dsl,0,no_contact
C00877,57,5,37.18,179.32,1,two-year,satellite,0,resolved
C00878,64,15,108.17,1662.48,0,month-to-month,fiber,0,no_contact
C00879,52,10,110.2,1043.83,3,two-year,fiber,1,cancelled
C00880,63,21,49.42,1069.11,0,month-to-month,fiber,0,no_contact
C00881,39,47,77.14,,1,month-to-month,fiber,0,no_contact
C00882,53,29,78.26,2311.27,1,month-to-month,fiber,1,cancelled
C00883,61,28,88.08,2502.72,1,month-to-month,none,0,no_contact
C00884,38,42,,3592.24,1,month-to-month,fiber,1,cancelled
C00885,41,2,121.91,276.29,2,month-to-month,none,1,cancelled
C00886,43,20,34.67,741.41,0,month-to-month,none,1,cancelled
C00887,61,34,69.28,2350.57,0,one-year,dsl,1,cancelled
C00888,55,12,80.49,963.66,3,one-year,dsl,1,escalated
C00889,34,18,44.64,757.89,2,month-to-month,fiber,1,cancelled
C00890,39,22,59.7,1314.27,2,month-to-month,fiber,0,resolved
C00891,69,25,50.4,1251.58,1,month-to-month,fiber,0,resolved
C00892,35,55,82.56,4536.75,2,month-to-month,fiber,0,no_contact
C00893,48,32,57.29,1880.53,1,month-to-month,none,0,no_contact
C00894,41,49,54.36,2680.79,1,month-to-month,fiber,0,resolved
C00895,34,25,34.25,852.14,2,one-year,fiber,0,no_contact
C00896,41,5,89.57,493.27,2,month-to-month,dsl,0,no_contact
C00897,36,8,51.63,384.97,1,two-year,dsl,1,escalated
C00898,36,24,132.07,3100.72,2,month-to-month,fiber,1,cancelled
C00899,49,33,97.33,3274.47,3,two-year,dsl,1,cancelled
C00900,42,16,81.8,1287.37,2,month-to-month,fiber,1,cancelled
C00901,23,3,103.88,289.65,0,month-to-month,dsl,1,cancelled
C00902,56,72,53.66,3870.36,1,one-year,dsl,0,no_contact
C00903,68,27,18.0,479.49,0,month-to-month,fiber,0,no_contact
C00904,52,7,25.91,214.42,2,month-to-month,dsl,1,cancelled
C00905,37,8,99.12,714.11,3,month-to-month,fiber,1,escalated
C00906,42,18,113.79,2118.56,0,month-to-month,dsl,1,escalated
C00907,53,20,65.88,1250.61,0,two-year,dsl,0,resolved
C00908,36,10,103.46,1059.11,0,month-to-month,fiber,0,no_contact
C00909,18,3,88.04,316.91,0,month-to-month,fiber,1,cancelled
C00910,70,62,95.84,5932.28,1,month-to-month,dsl,1,cancelled
C00911,62,32,69.72,2247.23,0,two-year,fiber,0,no_contact
C00912,47,48,33.4,1639.56,0,month-to-month,dsl,0,no_contact
C00913,27,23,79.42,1839.94,1,month-to-month,dsl,0,no_contact
C00914,53,19,18.0,288.57,0,month-to-month,dsl,0,resolved
C00915,35,24,,2864.23,2,one-year,fiber,0,resolved
C00916,72,34,78.27,2733.83,1,month-to-month,dsl,1,cancelled
C00917,56,39,43.95,1718.67,3,month-to-month,dsl,0,resolved
C00918,48,26,73.36,1955.5,2,month-to-month,fiber,1,cancelled
C00919,25,7,74.33,546.52,1,month-to-month,dsl,1,cancelled
C00920,82,5,28.08,200.98,3,one-year,dsl,1,cancelled
C00921,43,11,60.45,,3,,dsl,1,cancelled
C00922,34,42,26.71,1081.49,2,month-to-month,fiber,0,no_contact
C00923,30,21,77.65,1666.01,0,one-year,none,0,resolved
C00924,44,9,74.56,701.86,0,one-year,fiber,1,cancelled
C00925,53,20,82.26,1698.89,1,two-year,fiber,1,cancelled
C00926,47,10,94.69,905.5,3,month-to-month,dsl,1,cancelled
C00927,50,20,82.39,1688.5,3,one-year,dsl,1,cancelled
C00928,55,13,61.14,844.11,1,one-year,dsl,1,cancelled
C00929,50,13,89.96,1189.97,0,one-year,fiber,0,escalated
C00930,41,17,76.19,1244.23,1,month-to-month,fiber,1,unresolved
C00931,61,18,67.78,1281.27,0,month-to-month,none,1,cancelled
C00932,50,29,74.47,2130.32,1,month-to-month,fiber,0,no_contact
C00933,59,55,64.86,3443.34,1,two-year,fiber,0,resolved
C00934,71,18,74.02,1371.91,1,month-to-month,fiber,1,escalated
C00935,39,34,18.57,588.22,1,month-to-month,dsl,1,escalated
C00936,18,14,76.8,1083.66,1,month-to-month,fiber,0,resolved
C00937,39,33,,2752.97,0,month-to-month,fiber,0,no_contact
C00938,22,49,73.04,3579.3,0,one-year,dsl,1,cancelled
C00939,27,53,79.12,4213.48,2,month-to-month,fiber,0,resolved
C00940,52,13,18.0,189.34,1,one-year,fiber,0,no_contact
C00941,24,9,94.83,872.22,1,,dsl,0,resolved
C00942,69,36,69.04,2462.8,0,one-year,fiber,0,resolved
C00943,66,21,,1294.38,1,month-to-month,fiber,1,escalated
C00944,45,10,76.85,774.48,0,one-year,fiber,0,no_contact
C00945,49,15,18.0,301.35,1,month-to-month,none,0,no_contact
C00946,48,16,44.06,,0,month-to-month,fiber,0,escalated
C00947,43,30,139.98,4333.22,1,two-year,dsl,1,escalated
C00948,45,17,42.7,726.63,0,month-to-month,fiber,0,no_contact
C00949,29,25,56.8,1454.92,2,month-to-month,fiber,0,no_contact
C00950,36,5,112.46,590.68,2,two-year,dsl,1,unresolved
C00951,60,24,47.84,1182.18,0,two-year,fiber,0,resolved
C00952,41,11,70.58,795.54,4,month-to-month,fiber,1,escalated
C00953,67,39,81.79,3194.33,2,month-to-month,fiber,1,escalated
C00954,64,10,75.77,690.29,0,one-year,dsl,0,resolved
C00955,21,15,32.93,511.36,4,month-to-month,none,1,cancelled
C00956,51,5,61.1,,0,month-to-month,fiber,0,resolved
C00957,70,59,65.4,3883.48,1,month-to-month,dsl,0,no_contact
C00958,66,23,86.97,2023.97,2,two-year,fiber,0,no_contact
C00959,30,10,53.33,610.93,0,one-year,none,1,escalated
C00960,35,0,51.55,-119.61,4,month-to-month,dsl,1,cancelled
C00961,26,4,46.33,148.32,1,one-year,fiber,1,unresolved
C00962,63,19,41.62,807.2,0,month-to-month,dsl,1,escalated
C00963,52,21,70.81,,1,two-year,fiber,0,no_contact
C00964,18,21,101.74,2150.03,1,month-to-month,fiber,1,cancelled
C00965,44,25,49.51,1248.3,0,month-to-month,dsl,0,resolved
C00966,23,15,18.0,245.69,1,month-to-month,dsl,0,escalated
C00967,64,33,69.64,2352.95,3,month-to-month,none,1,cancelled
C00968,41,5,83.76,505.3,1,two-year,dsl,1,unresolved
C00969,75,22,76.07,1744.49,1,one-year,fiber,0,no_contact
C00970,50,17,,1417.4,2,month-to-month,none,1,escalated
C00971,29,22,73.9,1549.29,2,month-to-month,dsl,1,cancelled
C00972,63,19,60.99,1223.53,1,one-year,fiber,0,no_contact
C00973,46,14,47.96,663.35,0,month-to-month,dsl,1,cancelled
C00974,63,16,65.39,1051.66,1,month-to-month,fiber,1,cancelled
C00975,19,25,57.82,1481.06,1,two-year,fiber,0,resolved
C00976,50,72,85.34,6134.63,2,two-year,dsl,0,resolved
C00977,38,18,96.69,1722.35,3,month-to-month,fiber,1,unresolved
C00978,48,41,72.15,2934.75,0,two-year,fiber,1,cancelled
C00979,72,30,42.67,1335.06,4,one-year,none,1,cancelled
C00980,58,52,51.58,2729.86,1,two-year,fiber,0,resolved
C00981,64,14,47.8,659.85,1,one-year,fiber,0,resolved
C00982,60,16,57.77,920.64,0,,fiber,0,resolved
C00983,61,24,123.59,2934.72,2,two-year,fiber,1,unresolved
C00984,38,29,91.55,2639.19,1,month-to-month,dsl,1,escalated
C00985,40,19,39.28,695.02,1,month-to-month,dsl,0,resolved
C00986,26,9,30.96,279.81,3,month-to-month,fiber,1,cancelled
C00987,63,15,97.85,1390.2,1,month-to-month,fiber,1,escalated
C00988,22,17,83.02,1396.33,1,two-year,satellite,1,cancelled
C00989,50,52,51.82,2699.31,1,month-to-month,fiber,0,no_contact
C00990,33,25,,1248.89,0,month-to-month,dsl,1,escalated
C00991,37,24,55.32,1224.62,2,month-to-month,dsl,1,cancelled
C00992,48,26,31.01,848.39,0,one-year,fiber,0,resolved
C00993,28,16,19.08,316.47,2,one-year,dsl,0,resolved
C00994,31,38,57.33,2204.78,0,month-to-month,fiber,0,no_contact
C00995,61,11,18.0,193.96,0,one-year,fiber,0,no_contact
C00996,35,21,34.2,703.03,0,one-year,fiber,1,cancelled
C00997,42,60,84.02,5106.44,0,month-to-month,fiber,0,resolved
C00998,36,38,68.37,2591.81,0,month-to-month,dsl,0,resolved
C00999,52,9,,256.9,0,month-to-month,fiber,0,resolved
C01000,50,33,28.63,929.6,2,month-to-month,satellite,0,no_contact
C01001,20,37,74.77,2801.05,1,two-year,fiber,0,resolved
C01002,51,72,117.17,8404.73,0,two-year,dsl,0,resolved
C01003,57,13,66.07,889.95,1,month-to-month,satellite,1,cancelled
C01004,28,49,66.51,3304.81,1,month-to-month,fiber,0,resolved
C01005,39,48,119.7,5707.88,0,two-year,satellite,0,resolved
C01006,37,33,39.54,1329.14,0,two-year,fiber,0,resolved
C01007,18,39,63.0,2445.61,2,one-year,fiber,0,resolved
C01008,84,3,62.61,128.81,1,month-to-month,dsl,1,cancelled
C01009,40,32,79.66,2632.52,0,month-to-month,fiber,0,resolved
C01010,69,2,63.35,78.72,1,month-to-month,dsl,1,escalated
C01011,37,40,70.29,2889.3,1,one-year,dsl,0,resolved
C01012,60,20,88.47,1828.2,2,two-year,dsl,0,escalated
C01013,26,31,72.31,2208.56,0,month-to-month,dsl,1,cancelled
C01014,47,17,76.65,1293.26,0,month-to-month,none,1,cancelled
C01015,55,40,30.1,1085.2,2,month-to-month,fiber,1,escalated
C01016,38,11,48.31,517.72,0,one-year,fiber,0,resolved
C01017,18,72,104.53,7551.3,0,month-to-month,dsl,0,no_contact
C01018,27,1,102.94,145.87,0,month-to-month,dsl,1,escalated
C01019,48,42,18.0,,0,month-to-month,fiber,0,no_contact
C01020,43,15,35.18,526.07,1,month-to-month,dsl,0,no_contact
C01021,31,15,122.44,1767.43,2,month-to-month,dsl,1,cancelled
C01022,57,46,57.13,2614.76,0,one-year,dsl,0,resolved
C01023,54,20,86.28,1749.64,2,two-year,fiber,1,cancelled
C01024,75,8,71.33,534.96,0,month-to-month,dsl,1,escalated
C01025,62,6,40.04,197.29,2,month-to-month,none,1,cancelled
C01026,81,12,119.05,1380.83,0,month-to-month,dsl,1,cancelled
C01027,30,30,78.56,2360.02,3,one-year,fiber,0,resolved
C01028,56,31,18.0,485.07,4,month-to-month,dsl,0,resolved
C01029,48,9,77.6,,1,month-to-month,dsl,1,cancelled
C01030,37,10,77.63,759.11,0,month-to-month,dsl,0,no_contact
C01031,31,31,86.63,2634.16,0,two-year,fiber,0,no_contact
C01032,68,15,46.48,,3,month-to-month,fiber,0,resolved
C01033,57,2,101.86,237.41,2,one-year,fiber,1,cancelled
C01034,63,10,100.5,962.74,1,month-to-month,fiber,1,cancelled
C01035,43,24,77.75,1903.68,0,month-to-month,fiber,1,escalated
C01036,38,26,61.53,1639.11,2,month-to-month,dsl,0,resolved
C01037,18,27,,2885.78,1,one-year,dsl,0,resolved
C01038,55,42,73.63,3129.21,1,month-to-month,fiber,1,cancelled
C01039,59,39,68.15,2706.82,1,month-to-month,fiber,1,cancelled
C01040,75,15,75.79,1189.32,0,month-to-month,satellite,1,cancelled
C01041,56,17,96.82,1619.27,0,one-year,dsl,0,resolved
C01042,51,4,94.53,404.77,2,month-to-month,fiber,1,unresolved
C01043,35,56,54.86,3131.91,3,month-to-month,fiber,0,no_contact
C01044,54,14,104.16,1430.47,2,month-to-month,fiber,1,cancelled
C01045,41,72,76.04,5534.42,4,month-to-month,none,0,no_contact
C01046,62,6,104.76,598.3,0,two-year,dsl,0,resolved
C01047,47,1,66.5,60.76,0,month-to-month,none,1,escalated
C01048,54,18,57.9,1047.71,2,one-year,dsl,1,escalated
C01049,52,11,63.02,564.44,2,two-year,none,1,cancelled
C01050,40,8,47.89,360.66,4,month-to-month,dsl,1,cancelled
C01051,50,9,39.05,389.26,1,two-year,fiber,1,cancelled
C01052,72,27,91.73,2406.93,1,one-year,dsl,0,resolved
C01053,44,19,111.18,2108.96,2,month-to-month,none,1,escalated
C01054,51,58,118.55,6986.95,1,month-to-month,fiber,0,no_contact
C01055,57,9,66.77,577.84,0,two-year,fiber,0,no_contact
C01056,55,19,61.12,1082.86,0,month-to-month,dsl,1,cancelled
C01057,59,13,33.26,483.58,0,month-to-month,dsl,0,no_contact
C01058,40,11,114.21,1208.4,2,month-to-month,dsl,1,cancelled
C01059,47,22,52.17,1057.74,1,month-to-month,fiber,1,cancelled
C01060,45,20,93.1,1860.68,0,month-to-month,dsl,1,cancelled
C01061,56,6,86.19,559.28,0,month-to-month,none,1,cancelled
C01062,36,11,99.31,1189.81,0,month-to-month,satellite,0,resolved
C01063,52,29,68.21,2000.33,1,month-to-month,dsl,0,no_contact
C01064,23,19,48.45,905.0,3,two-year,fiber,0,resolved
C01065,37,66,73.53,4869.96,1,one-year,dsl,0,no_contact
C01066,28,12,71.53,928.77,0,one-year,dsl,1,cancelled
C01067,67,16,84.3,1356.41,1,month-to-month,fiber,1,cancelled
C01068,47,22,52.48,1143.1,1,month-to-month,fiber,1,unresolved
C01069,-1,10,53.73,530.4,2,month-to-month,dsl,1,cancelled
C01070,43,30,63.53,1911.94,1,month-to-month,fiber,1,unresolved
C01071,59,17,69.68,1169.19,2,month-to-month,fiber,1,cancelled
C01072,37,18,66.82,,1,month-to-month,fiber,1,cancelled
C01073,39,33,51.82,1726.94,0,one-year,fiber,0,resolved
C01074,51,11,100.57,1081.02,2,month-to-month,fiber,1,cancelled
C01075,51,27,54.65,1487.26,0,month-to-month,fiber,1,escalated
C01076,28,23,53.18,1143.82,0,one-year,none,0,resolved
C01077,53,4,54.0,215.95,1,month-to-month,fiber,0,resolved
C01078,57,11,78.46,946.58,1,two-year,dsl,0,resolved
C01079,31,4,66.92,313.86,0,two-year,fiber,0,resolved
C01080,42,25,52.12,1253.35,1,one-year,fiber,0,resolved
C01081,62,16,143.9,2245.24,1,month-to-month,fiber,1,unresolved
C01082,38,34,62.61,2220.2,1,one-year,none,0,no_contact
C01083,39,19,90.57,1697.31,2,month-to-month,dsl,1,cancelled
C01084,37,24,104.99,2488.24,3,month-to-month,dsl,1,unresolved
C01085,64,10,40.32,350.88,1,month-to-month,fiber,1,escalated
C01086,44,27,99.7,2718.5,1,one-year,satellite,0,resolved
C01087,48,21,52.56,,0,month-to-month,fiber,1,cancelled
C01088,27,23,43.32,1035.14,1,month-to-month,dsl,1,cancelled
C01089,31,18,45.6,799.87,1,month-to-month,fiber,0,no_contact
C01090,47,68,82.74,5575.44,0,month-to-month,none,0,resolved
C01091,31,72,60.48,4338.82,0,month-to-month,dsl,0,resolved
C01092,48,16,68.21,1101.03,0,one-year,fiber,0,resolved
C01093,60,31,77.34,2395.15,1,month-to-month,fiber,1,cancelled
C01094,32,10,46.26,480.53,0,one-year,dsl,0,no_contact
C01095,49,9,63.97,683.92,1,month-to-month,fiber,1,cancelled
C01096,57,20,75.71,1493.74,3,one-year,dsl,0,resolved
C01097,-1,3,58.32,138.92,1,month-to-month,fiber,0,no_contact
C01098,52,35,68.9,2486.38,2,one-year,dsl,0,no_contact
C01099,54,9,104.07,947.92,1,one-year,fiber,0,resolved
C01100,72,20,93.95,1865.56,2,month-to-month,fiber,0,no_contact
C01101,40,4,27.64,75.35,3,month-to-month,fiber,0,resolved
C01102,49,15,56.67,,0,month-to-month,none,0,resolved
C01103,45,42,20.86,830.04,3,two-year,dsl,0,no_contact
C01104,66,40,64.73,2591.25,1,month-to-month,dsl,1,escalated
C01105,53,20,79.29,1529.85,1,one-year,dsl,0,resolved
C01106,63,72,97.99,7074.19,0,one-year,dsl,0,resolved
C01107,64,57,115.42,6564.8,2,month-to-month,dsl,0,no_contact
C01108,65,11,77.72,851.55,1,one-year,dsl,0,no_contact
C01109,41,10,46.85,515.18,0,one-year,fiber,0,no_contact
C01110,48,7,57.76,334.19,0,month-to-month,dsl,0,no_contact
C01111,54,57,76.92,4382.91,3,month-to-month,dsl,0,resolved
C01112,45,38,26.53,1026.9,1,month-to-month,dsl,0,no_contact
C01113,51,19,61.8,1158.63,1,one-year,fiber,0,resolved
C01114,42,49,99.92,4882.92,2,two-year,none,0,resolved
C01115,53,8,36.43,267.11,0,month-to-month,fiber,0,no_contact
C01116,61,23,91.0,2040.4,2,month-to-month,fiber,0,resolved
C01117,48,23,78.91,1745.28,3,one-year,fiber,1,cancelled
C01118,39,31,42.53,1402.25,2,month-to-month,fiber,0,no_contact
C01119,61,13,48.86,,0,month-to-month,dsl,0,resolved
C01120,44,19,59.2,1113.25,2,month-to-month,fiber,1,unresolved
C01121,42,17,94.89,1622.99,1,month-to-month,none,1,cancelled
C01122,46,33,,1752.12,1,two-year,dsl,0,no_contact
C01123,47,38,71.68,2701.85,1,month-to-month,fiber,1,cancelled
C01124,47,25,72.86,1813.05,1,one-year,fiber,1,cancelled
C01125,67,13,86.31,1183.0,2,month-to-month,dsl,1,cancelled
C01126,52,15,75.37,1112.59,1,month-to-month,fiber,0,no_contact
C01127,29,23,41.39,1001.2,3,,dsl,1,cancelled
C01128,33,11,53.87,610.35,4,one-year,fiber,0,resolved
C01129,48,14,77.58,1011.73,1,month-to-month,fiber,1,cancelled
C01130,22,31,100.2,3178.33,1,month-to-month,fiber,1,cancelled
C01131,45,9,75.92,794.56,0,two-year,fiber,0,resolved
C01132,52,7,67.14,480.63,0,month-to-month,fiber,1,escalated
C01133,22,18,60.22,1110.4,1,month-to-month,fiber,0,no_contact
C01134,34,24,97.32,2331.54,1,two-year,none,0,no_contact
C01135,53,9,95.64,817.08,0,month-to-month,fiber,1,cancelled
C01136,41,27,30.75,878.45,1,two-year,none,0,resolved
C01137,54,32,43.61,1427.15,1,month-to-month,dsl,0,resolved
C01138,44,51,104.99,5384.39,2,month-to-month,none,1,cancelled
C01139,18,10,59.03,614.66,2,one-year,fiber,1,escalated
C01140,40,16,64.42,1049.49,1,one-year,fiber,0,resolved
C01141,51,47,72.95,3383.25,1,month-to-month,fiber,0,no_contact
C01142,68,20,141.22,2839.19,0,month-to-month,fiber,1,cancelled
C01143,18,11,72.43,816.28,3,month-to-month,fiber,0,no_contact
C01144,25,48,18.02,912.15,0,month-to-month,fiber,0,escalated
C01145,26,7,73.84,544.16,3,month-to-month,satellite,1,escalated
C01146,21,3,55.85,164.78,0,month-to-month,fiber,0,resolved
C01147,59,20,34.32,655.54,0,month-to-month,dsl,1,escalated
C01148,45,21,68.16,1422.19,1,month-to-month,fiber,0,resolved
C01149,37,9,50.43,441.01,2,month-to-month,dsl,1,cancelled
C01150,77,57,89.66,5079.4,0,month-to-month,none,0,resolved
C01151,29,24,92.2,2190.33,2,one-year,dsl,1,cancelled
C01152,56,19,62.23,1201.66,1,month-to-month,dsl,0,resolved
C01153,45,13,114.37,1405.76,0,month-to-month,fiber,0,no_contact
C01154,55,8,116.15,926.84,3,two-year,dsl,0,resolved
C01155,57,32,75.98,2461.68,0,one-year,none,0,resolved
C01156,38,19,98.07,1899.82,1,two-year,satellite,0,resolved
C01157,53,17,,2242.77,0,month-to-month,dsl,1,unresolved
C01158,37,17,68.85,1215.37,0,one-year,fiber,0,no_contact
C01159,22,56,53.9,3027.6,0,month-to-month,none,0,resolved
C01160,18,23,18.57,479.37,1,month-to-month,dsl,0,resolved
C01161,62,34,,2855.17,1,month-to-month,dsl,1,escalated
C01162,48,4,125.91,502.65,1,two-year,fiber,1,cancelled
C01163,41,34,68.24,2301.35,1,month-to-month,dsl,0,resolved
C01164,18,15,38.25,506.37,1,month-to-month,fiber,0,resolved
C01165,21,22,18.0,365.31,0,two-year,none,0,resolved
C01166,31,26,52.67,1411.06,0,month-to-month,fiber,0,no_contact
C01167,48,48,71.57,3413.55,0,month-to-month,fiber,0,no_contact
C01168,25,12,91.5,1080.56,0,two-year,none,1,cancelled
C01169,44,19,114.02,2102.64,3,two-year,fiber,1,cancelled
C01170,39,23,48.62,1105.53,0,month-to-month,fiber,0,resolved
C01171,22,44,101.23,4488.95,1,one-year,fiber,0,resolved
C01172,65,41,56.86,2283.75,0,one-year,none,0,resolved
C01173,64,5,118.09,521.08,2,month-to-month,fiber,1,cancelled
C01174,38,21,65.0,1412.29,2,month-to-month,dsl,1,escalated
C01175,34,19,100.45,1965.49,2,one-year,fiber,0,resolved
C01176,48,17,84.53,,3,month-to-month,fiber,1,cancelled
C01177,61,15,67.22,1037.94,2,,satellite,0,no_contact
C01178,60,72,58.56,4183.24,2,one-year,dsl,0,resolved
C01179,41,50,80.43,4015.18,1,month-to-month,fiber,0,escalated
C01180,51,1,33.66,-4.32,0,month-to-month,fiber,0,no_contact
C01181,42,13,107.82,1380.22,2,one-year,dsl,1,cancelled
C01182,62,15,,383.31,1,one-year,dsl,0,resolved
C01183,38,11,106.77,1154.28,0,one-year,fiber,1,cancelled
C01184,75,37,84.91,3089.54,1,month-to-month,fiber,0,resolved
C01185,40,38,84.69,3321.92,1,month-to-month,fiber,0,no_contact
C01186,32,51,54.4,2784.39,3,month-to-month,fiber,0,resolved
C01187,35,20,57.1,1159.09,0,month-to-month,fiber,1,escalated
C01188,46,33,57.35,1978.01,0,month-to-month,fiber,0,no_contact
C01189,47,2,,173.83,1,two-year,none,0,no_contact
C01190,42,7,18.0,243.07,1,month-to-month,dsl,0,no_contact
C01191,38,72,102.96,7467.76,1,one-year,dsl,0,resolved
C01192,46,5,74.44,333.6,1,month-to-month,fiber,1,escalated
C01193,43,11,44.3,513.18,0,one-year,dsl,1,cancelled
C01194,46,5,100.17,459.43,3,month-to-month,none,1,cancelled
C01195,38,52,76.07,4034.72,1,month-to-month,none,0,resolved
C01196,54,32,98.59,3195.99,0,one-year,fiber,0,no_contact
C01197,62,11,101.59,1115.03,0,two-year,none,1,cancelled
C01198,75,12,100.08,1285.86,1,month-to-month,dsl,1,escalated
C01199,29,13,59.18,731.79,2,month-to-month,none,1,cancelled
C01200,57,3,84.46,308.11,2,month-to-month,fiber,1,cancelled
C01201,18,45,111.76,5077.06,1,month-to-month,fiber,1,escalated
C01202,43,11,88.12,,0,two-year,fiber,0,resolved
C01203,36,30,59.62,1719.39,2,two-year,fiber,1,cancelled
C01204,18,31,70.64,2095.04,0,two-year,fiber,0,no_contact
C01205,33,10,67.88,672.04,0,month-to-month,none,1,cancelled
C01206,31,12,,1044.29,1,one-year,dsl,0,no_contact
C01207,42,17,67.08,1129.61,0,month-to-month,fiber,0,resolved
C01208,58,33,76.96,2574.89,1,month-to-month,none,0,no_contact
C01209,77,68,72.31,4861.0,0,month-to-month,dsl,0,resolved
C01210,36,26,103.23,2714.14,0,two-year,fiber,0,no_contact
C01211,61,25,99.14,2389.98,1,month-to-month,none,1,escalated
C01212,42,4,20.3,51.47,0,month-to-month,dsl,1,cancelled
C01213,36,28,76.47,2090.68,2,one-year,fiber,1,cancelled
C01214,53,32,98.44,3087.16,0,one-year,fiber,1,cancelled
C01215,43,17,90.75,1575.46,1,month-to-month,dsl,0,no_contact
C01216,47,30,44.88,1300.95,2,month-to-month,dsl,0,no_contact
C01217,60,6,56.4,471.75,1,two-year,dsl,1,cancelled
C01218,52,29,,2202.53,2,month-to-month,dsl,1,cancelled
C01219,58,12,102.86,1213.82,0,month-to-month,fiber,1,cancelled
C01220,38,17,141.45,2451.11,1,month-to-month,fiber,1,escalated
C01221,52,27,39.91,981.03,1,month-to-month,dsl,0,escalated
C01222,34,3,78.44,277.25,4,month-to-month,none,1,escalated
C01223,49,8,67.71,,2,one-year,none,0,no_contact
C01224,54,23,59.6,1369.45,1,two-year,fiber,0,resolved
C01225,62,13,62.2,765.67,0,two-year,dsl,1,cancelled
C01226,50,16,66.86,,2,month-to-month,fiber,1,cancelled
C01227,71,13,49.88,619.6,0,one-year,fiber,0,resolved
C01228,44,36,69.58,2524.42,4,month-to-month,dsl,0,resolved
C01229,32,16,59.58,957.26,1,one-year,dsl,0,resolved
C01230,44,21,37.87,802.26,0,month-to-month,dsl,0,resolved
C01231,53,44,100.93,4391.56,0,two-year,none,0,no_contact
C01232,34,27,86.01,2341.78,1,month-to-month,fiber,1,unresolved
C01233,47,17,77.02,1335.84,2,month-to-month,dsl,0,no_contact
C01234,42,29,52.82,1585.94,1,two-year,none,0,no_contact
C01235,46,17,97.3,1649.83,1,month-to-month,dsl,1,cancelled
C01236,40,13,98.53,1306.75,2,month-to-month,none,1,cancelled
C01237,24,9,65.36,555.99,1,month-to-month,dsl,1,unresolved
C01238,43,26,57.76,1534.74,0,month-to-month,dsl,1,cancelled
C01239,28,13,67.86,845.1,0,two-year,fiber,0,no_contact
C01240,46,14,106.19,1431.02,3,month-to-month,dsl,1,cancelled
C01241,44,7,136.83,908.77,3,month-to-month,dsl,1,cancelled
C01242,51,18,100.24,1866.67,0,month-to-month,fiber,1,cancelled
C01243,18,29,22.22,672.86,0,month-to-month,fiber,1,cancelled
C01244,37,9,60.12,600.8,3,two-year,fiber,0,resolved
C01245,41,32,104.29,3365.23,2,month-to-month,fiber,1,cancelled
C01246,51,37,55.46,2054.08,1,month-to-month,dsl,0,no_contact
C01247,51,4,54.27,191.36,0,month-to-month,fiber,1,escalated
C01248,57,30,79.0,2377.29,1,month-to-month,none,1,cancelled
C01249,62,43,57.91,2567.45,1,one-year,fiber,0,resolved
C01250,20,48,49.65,2339.3,0,month-to-month,fiber,0,resolved
C01251,55,18,71.48,,0,one-year,dsl,1,cancelled
C01252,57,2,62.15,76.22,0,month-to-month,dsl,1,cancelled
C01253,28,46,113.1,5220.14,0,two-year,fiber,0,no_contact
C01254,62,23,81.12,1917.28,1,one-year,none,0,escalated
C01255,53,12,58.53,613.07,2,one-year,fiber,1,cancelled
C01256,44,22,103.61,2220.33,2,month-to-month,fiber,1,cancelled
C01257,56,19,46.14,844.54,3,,fiber,0,no_contact
C01258,50,57,85.96,4866.74,1,month-to-month,dsl,0,no_contact
C01259,31,11,68.94,,0,month-to-month,fiber,1,cancelled
C01260,52,33,71.44,2372.58,2,month-to-month,dsl,1,cancelled
C01261,67,10,76.84,662.55,2,month-to-month,fiber,1,cancelled
C01262,45,17,87.7,1497.53,0,month-to-month,dsl,0,no_contact
C01263,64,29,80.59,2286.71,0,month-to-month,dsl,0,resolved
C01264,54,72,66.56,4736.92,1,month-to-month,fiber,0,escalated
C01265,44,5,58.79,307.88,2,one-year,dsl,0,no_contact
C01266,48,31,43.21,1275.83,1,month-to-month,fiber,0,resolved
C01267,54,72,101.44,7331.67,1,month-to-month,fiber,0,no_contact
C01268,50,7,21.22,164.94,1,one-year,fiber,0,resolved
C01269,55,32,87.89,2844.18,1,month-to-month,dsl,0,no_contact
C01270,49,36,47.23,1737.19,0,month-to-month,fiber,0,no_contact
C01271,52,11,109.51,1156.67,0,month-to-month,none,0,no_contact
C01272,32,23,74.59,1623.72,0,month-to-month,fiber,1,escalated
C01273,28,8,104.01,809.66,1,month-to-month,fiber,1,cancelled
C01274,31,11,86.23,979.07,1,one-year,fiber,0,no_contact
C01275,18,29,90.57,2601.65,1,month-to-month,fiber,0,resolved
C01276,86,14,78.32,1055.36,1,month-to-month,none,1,escalated
C01277,42,24,79.58,1990.17,1,month-to-month,fiber,1,cancelled
C01278,75,22,27.33,618.99,1,month-to-month,none,0,resolved
C01279,31,14,55.61,775.23,1,two-year,fiber,0,no_contact
C01280,57,14,73.5,1025.87,0,month-to-month,fiber,1,unresolved
C01281,18,12,18.0,264.21,0,one-year,fiber,0,no_contact
C01282,60,26,57.21,1469.54,2,two-year,fiber,0,no_contact
C01283,50,6,99.4,551.63,0,one-year,fiber,0,resolved
C01284,61,17,66.62,1107.74,1,month-to-month,dsl,1,escalated
C01285,61,57,107.94,6079.72,2,two-year,dsl,0,resolved
C01286,47,63,98.53,6244.84,1,month-to-month,fiber,0,no_contact
C01287,51,14,45.17,629.48,0,two-year,fiber,0,resolved
C01288,40,34,,1195.74,1,one-year,dsl,0,no_contact
C01289,38,25,89.02,2279.31,1,month-to-month,fiber,0,resolved
C01290,34,28,66.58,1913.26,1,month-to-month,fiber,0,no_contact
C01291,28,25,49.07,1298.23,0,month-to-month,fiber,0,resolved
C01292,59,59,75.65,4484.79,0,month-to-month,fiber,0,resolved
C01293,49,9,46.72,448.94,0,month-to-month,none,1,cancelled
C01294,57,28,76.72,2160.36,1,one-year,dsl,1,unresolved
C01295,41,52,80.45,4203.41,0,month-to-month,fiber,0,no_contact
C01296,56,23,31.7,689.53,1,month-to-month,fiber,0,resolved
C01297,32,5,104.15,482.02,1,month-to-month,fiber,0,resolved
C01298,49,23,70.94,1589.02,0,month-to-month,fiber,0,resolved
C01299,56,27,73.93,1951.39,2,month-to-month,dsl,0,resolved
C01300,51,13,70.21,995.81,0,month-to-month,fiber,1,cancelled
C01301,36,6,56.39,399.07,0,two-year,dsl,0,resolved
C01302,38,22,73.39,1579.24,0,month-to-month,fiber,0,resolved
C01303,82,20,106.59,2125.77,1,one-year,fiber,1,escalated
C01304,65,38,70.54,2659.58,2,month-to-month,dsl,1,cancelled
C01305,47,8,64.71,,1,month-to-month,fiber,1,cancelled
C01306,35,11,59.41,628.16,1,month-to-month,fiber,0,resolved
C01307,66,8,50.83,388.39,0,month-to-month,fiber,0,resolved
C01308,28,8,99.0,801.11,0,month-to-month,fiber,1,cancelled
C01309,56,16,115.42,1899.18,1,two-year,fiber,1,cancelled
C01310,-1,2,33.51,54.07,1,month-to-month,dsl,1,cancelled
C01311,33,19,94.68,1851.2,1,month-to-month,fiber,1,cancelled
C01312,41,17,63.61,1037.89,0,one-year,none,0,resolved
C01313,49,33,40.33,1381.89,1,month-to-month,fiber,1,cancelled
C01314,31,20,50.69,1007.94,2,two-year,none,1,cancelled
C01315,51,38,84.08,3121.81,4,month-to-month,fiber,1,cancelled
C01316,37,14,59.34,859.06,1,one-year,fiber,1,cancelled
C01317,43,28,91.42,2529.03,1,month-to-month,none,0,no_contact
C01318,75,4,51.6,275.07,0,one-year,fiber,1,escalated
C01319,42,17,89.4,1480.62,2,two-year,none,0,escalated
C01320,51,4,72.88,256.34,1,two-year,none,1,unresolved
C01321,27,14,70.38,1008.16,0,one-year,dsl,1,escalated
C01322,18,20,87.04,1706.76,0,month-to-month,dsl,0,resolved
C01323,55,46,112.28,5179.08,0,two-year,dsl,1,cancelled
C01324,74,43,79.95,3486.51,1,one-year,fiber,0,resolved
C01325,43,49,87.96,4285.55,0,two-year,fiber,0,resolved
C01326,44,9,52.02,489.27,2,one-year,dsl,0,no_contact
C01327,50,24,56.79,1350.88,1,two-year,fiber,1,cancelled
C01328,18,24,52.73,1261.08,1,month-to-month,fiber,0,no_contact
C01329,29,28,120.74,3345.33,1,two-year,fiber,0,no_contact
C01330,48,13,67.92,942.56,0,two-year,fiber,0,no_contact
C01331,50,4,92.58,391.64,0,one-year,fiber,1,escalated
C01332,32,23,62.44,1427.71,5,two-year,dsl,1,escalated
C01333,61,37,68.02,2520.16,0,month-to-month,dsl,0,resolved
C01334,42,7,89.25,671.6,0,month-to-month,fiber,0,no_contact
C01335,55,17,33.89,534.67,0,month-to-month,fiber,0,resolved
C01336,19,6,69.47,413.14,0,month-to-month,dsl,1,unresolved
C01337,41,21,87.03,1764.81,2,month-to-month,none,1,cancelled
C01338,26,17,67.29,1167.16,0,one-year,fiber,0,no_contact
C01339,47,26,100.44,2654.18,1,one-year,dsl,0,no_contact
C01340,26,40,90.69,3562.13,0,two-year,fiber,0,resolved
C01341,51,13,55.6,,1,month-to-month,none,1,escalated
C01342,60,63,103.21,6517.13,1,month-to-month,dsl,0,escalated
C01343,58,20,26.78,476.28,0,month-to-month,dsl,0,resolved
C01344,56,53,57.91,3139.08,1,one-year,fiber,0,no_contact
C01345,31,9,114.95,1023.33,0,one-year,fiber,0,resolved
C01346,56,31,53.27,1631.61,1,month-to-month,dsl,1,escalated
C01347,51,25,32.48,874.56,2,one-year,dsl,1,escalated
C01348,47,22,80.82,1758.71,0,two-year,fiber,0,resolved
C01349,29,47,74.48,3535.39,0,month-to-month,fiber,1,cancelled
C01350,66,6,75.58,480.8,0,month-to-month,dsl,0,resolved
C01351,74,37,112.16,4130.14,1,one-year,fiber,1,cancelled
C01352,29,6,77.11,,2,one-year,satellite,1,cancelled
C01353,44,9,101.52,851.68,1,one-year,dsl,1,cancelled
C01354,23,23,,548.14,0,one-year,none,0,resolved
C01355,51,26,18.0,384.03,1,month-to-month,satellite,0,escalated
C01356,36,8,66.57,562.98,0,month-to-month,dsl,0,no_contact
C01357,55,35,82.34,2859.5,0,two-year,fiber,0,no_contact
C01358,53,10,62.27,662.27,1,,fiber,0,no_contact
C01359,18,17,56.88,997.41,1,two-year,dsl,1,cancelled
C01360,31,18,74.11,1314.04,0,month-to-month,fiber,0,no_contact
C01361,51,18,86.73,1568.05,1,month-to-month,fiber,1,cancelled
C01362,36,4,90.14,375.57,3,month-to-month,fiber,1,cancelled
C01363,40,27,93.79,2550.29,0,month-to-month,dsl,1,cancelled
C01364,48,43,114.07,4866.89,0,two-year,fiber,0,no_contact
C01365,56,18,95.02,1690.68,0,two-year,fiber,1,unresolved
C01366,58,4,90.36,412.01,2,month-to-month,fiber,1,cancelled
C01367,40,30,120.5,3593.15,2,one-year,dsl,1,unresolved
C01368,53,15,18.0,263.08,2,,none,1,cancelled
C01369,45,16,18.0,318.81,2,month-to-month,satellite,1,escalated
C01370,59,45,,2479.94,1,month-to-month,fiber,0,resolved
C01371,46,72,98.92,7063.47,0,month-to-month,dsl,0,no_contact
C01372,45,33,103.23,3378.85,2,one-year,fiber,1,cancelled
C01373,-1,40,89.94,,2,one-year,fiber,0,resolved
C01374,67,9,20.4,187.24,0,month-to-month,fiber,1,cancelled
C01375,41,34,38.9,1301.27,2,month-to-month,dsl,0,no_contact
C01376,49,21,60.33,1317.77,4,month-to-month,dsl,1,cancelled
C01377,43,44,61.7,2761.55,1,two-year,fiber,0,resolved
C01378,51,24,24.19,,2,one-year,dsl,0,resolved
C01379,39,32,94.03,2934.24,2,two-year,dsl,0,no_contact
C01380,48,30,73.01,2218.01,0,two-year,dsl,0,resolved
C01381,46,17,65.02,1079.96,1,one-year,dsl,1,cancelled
C01382,38,26,69.64,1864.24,2,one-year,fiber,0,resolved
C01383,64,24,60.53,1426.3,0,one-year,fiber,0,no_contact
C01384,49,12,55.27,688.33,0,month-to-month,dsl,1,cancelled
C01385,41,17,87.51,1514.96,3,month-to-month,fiber,1,escalated
C01386,35,18,,1400.58,0,month-to-month,fiber,1,cancelled
C01387,18,21,91.76,1839.76,0,two-year,fiber,1,cancelled
C01388,43,17,40.23,624.13,0,two-year,none,0,resolved
C01389,52,15,53.51,831.69,2,one-year,fiber,1,cancelled
C01390,52,23,75.52,1752.02,1,one-year,none,0,resolved
C01391,59,57,77.97,4412.02,3,month-to-month,fiber,0,no_contact
C01392,34,12,98.04,1173.9,0,month-to-month,fiber,1,escalated
C01393,50,26,,2710.28,2,month-to-month,none,1,cancelled
C01394,23,26,134.38,3491.21,1,one-year,none,1,escalated
C01395,46,44,47.1,2102.7,2,month-to-month,fiber,0,resolved
C01396,77,19,60.47,1163.66,0,month-to-month,fiber,1,cancelled
C01397,55,36,106.31,3820.03,0,one-year,fiber,1,escalated
C01398,43,29,63.76,1799.76,1,one-year,fiber,1,unresolved
C01399,67,34,18.0,508.03,3,month-to-month,satellite,0,resolved
C01400,32,48,18.0,939.69,0,month-to-month,fiber,0,no_contact
C01401,54,24,93.28,2260.81,0,month-to-month,dsl,1,cancelled
C01402,48,25,59.69,1551.04,1,month-to-month,fiber,0,resolved
C01403,61,39,108.87,4247.35,1,month-to-month,none,1,cancelled
C01404,38,9,39.41,395.88,2,month-to-month,fiber,1,unresolved
C01405,25,41,82.25,3378.32,2,month-to-month,fiber,0,resolved
C01406,55,9,74.26,662.38,1,one-year,fiber,0,resolved
C01407,27,46,37.92,1692.44,0,month-to-month,dsl,0,no_contact
C01408,29,15,50.54,749.22,3,month-to-month,fiber,1,cancelled
C01409,47,20,94.56,1890.23,1,one-year,fiber,1,cancelled
C01410,19,2,30.82,33.15,0,one-year,fiber,0,escalated
C01411,62,61,44.23,2758.71,1,month-to-month,fiber,0,no_contact
C01412,39,5,119.21,505.42,1,one-year,fiber,1,cancelled
C01413,44,12,87.17,1068.87,0,month-to-month,dsl,0,no_contact
C01414,44,4,43.63,,2,,fiber,1,cancelled
C01415,51,25,54.81,1373.95,0,two-year,fiber,1,cancelled
C01416,68,18,75.4,1298.73,2,two-year,dsl,1,escalated
C01417,54,18,90.53,,2,two-year,fiber,0,resolved
C01418,60,11,80.44,849.74,1,two-year,dsl,0,escalated
C01419,54,67,102.74,6935.41,1,one-year,none,0,resolved
C01420,33,9,39.02,334.85,0,one-year,dsl,1,unresolved
C01421,18,63,84.02,5300.41,2,month-to-month,none,1,cancelled
C01422,36,27,97.93,2561.26,0,month-to-month,fiber,0,no_contact
C01423,43,18,30.91,518.01,0,month-to-month,fiber,1,unresolved
C01424,42,50,51.67,2649.38,2,one-year,none,0,no_contact
C01425,51,31,134.96,4213.92,1,one-year,dsl,1,cancelled
C01426,44,11,106.23,1114.04,0,month-to-month,fiber,1,unresolved
C01427,24,40,83.83,3352.31,1,month-to-month,satellite,1,cancelled
C01428,18,20,,1284.67,2,month-to-month,fiber,1,unresolved
C01429,36,22,70.4,1607.35,0,two-year,dsl,0,no_contact
C01430,81,17,107.68,1781.65,3,month-to-month,fiber,0,no_contact
C01431,60,34,41.28,1375.72,1,one-year,dsl,0,resolved
C01432,29,52,47.9,,0,month-to-month,fiber,0,resolved
C01433,53,14,75.04,1062.35,1,month-to-month,fiber,1,cancelled
C01434,63,11,60.96,611.01,2,month-to-month,dsl,0,no_contact
C01435,44,13,77.18,998.57,2,one-year,fiber,0,resolved
C01436,68,17,35.2,599.45,1,month-to-month,fiber,1,cancelled
C01437,42,15,68.98,1035.23,4,month-to-month,fiber,1,cancelled
C01438,48,2,73.93,150.82,0,one-year,none,0,no_contact
C01439,47,19,80.92,1497.94,0,month-to-month,none,0,no_contact
C01440,56,4,42.58,167.13,3,month-to-month,dsl,0,escalated
C01441,35,38,70.27,2718.07,2,two-year,none,0,resolved
C01442,34,17,40.32,738.58,1,month-to-month,dsl,0,no_contact
C01443,47,58,48.8,2811.29,0,month-to-month,fiber,0,resolved
C01444,50,10,92.93,950.56,1,month-to-month,none,1,cancelled
C01445,45,25,77.05,1899.56,1,month-to-month,fiber,1,escalated
C01446,47,47,95.96,4460.6,1,month-to-month,none,0,resolved
C01447,29,11,50.3,603.87,2,month-to-month,dsl,1,cancelled
C01448,45,28,75.48,2124.13,2,month-to-month,fiber,1,cancelled
C01449,59,7,51.81,418.34,0,month-to-month,fiber,1,cancelled
C01450,53,8,60.06,445.0,0,month-to-month,fiber,0,resolved
C01451,53,2,80.03,232.49,0,one-year,fiber,0,no_contact
C01452,41,16,109.23,1729.34,1,month-to-month,dsl,0,no_contact
C01453,53,23,78.89,1767.97,0,month-to-month,dsl,0,no_contact
C01454,53,39,65.85,2528.61,1,month-to-month,dsl,0,resolved
C01455,44,50,,3034.83,1,one-year,fiber,0,no_contact
C01456,43,4,77.28,371.07,1,month-to-month,fiber,1,cancelled
C01457,41,45,,3014.9,1,two-year,dsl,0,resolved
C01458,41,19,27.24,511.27,0,month-to-month,dsl,0,resolved
C01459,49,22,63.28,1409.42,2,month-to-month,none,1,cancelled
C01460,50,41,105.83,4348.96,0,one-year,fiber,0,resolved
C01461,65,13,63.16,913.88,1,one-year,dsl,1,cancelled
C01462,31,20,125.59,2462.77,1,two-year,fiber,1,escalated
C01463,31,20,49.3,967.92,0,two-year,dsl,0,no_contact
C01464,29,15,50.65,682.55,2,one-year,fiber,0,no_contact
C01465,18,21,73.86,1432.46,1,one-year,fiber,1,cancelled
C01466,39,39,70.75,2766.29,2,month-to-month,fiber,0,no_contact
C01467,73,17,74.13,1177.55,0,one-year,fiber,1,cancelled
C01468,18,12,62.74,716.88,1,month-to-month,fiber,0,resolved
C01469,49,21,,1339.7,2,month-to-month,fiber,1,cancelled
C01470,54,29,91.03,2590.97,0,one-year,fiber,0,resolved
C01471,28,10,74.54,744.52,5,two-year,fiber,1,escalated
C01472,58,10,63.73,653.16,0,one-year,fiber,1,cancelled
C01473,57,45,46.7,2172.86,1,two-year,dsl,0,no_contact
C01474,55,14,73.2,979.15,1,month-to-month,fiber,1,unresolved
C01475,75,30,89.18,2614.5,1,month-to-month,dsl,0,resolved
C01476,54,29,95.92,2828.24,1,one-year,fiber,1,cancelled
C01477,49,72,35.18,2583.65,1,one-year,dsl,0,resolved
C01478,45,5,74.1,348.99,0,two-year,dsl,0,resolved
C01479,68,21,91.94,1956.42,1,two-year,fiber,0,resolved
C01480,50,10,21.53,219.1,0,two-year,none,0,resolved
C01481,86,13,57.91,775.92,1,one-year,fiber,0,resolved
C01482,28,3,96.69,272.73,1,month-to-month,fiber,1,cancelled
C01483,70,34,112.4,3840.92,1,two-year,fiber,1,escalated
C01484,48,39,75.03,2872.75,1,month-to-month,dsl,0,resolved
C01485,42,46,110.6,5013.4,0,month-to-month,fiber,0,no_contact
C01486,38,8,59.55,511.44,0,one-year,dsl,1,escalated
C01487,22,24,48.13,1160.8,1,two-year,none,0,resolved
C01488,53,70,82.12,5668.54,2,two-year,fiber,0,resolved
C01489,36,48,70.51,3434.36,1,month-to-month,fiber,0,resolved
C01490,41,13,82.74,1105.4,0,month-to-month,fiber,0,no_contact
C01491,18,30,63.8,1914.66,0,month-to-month,fiber,0,no_contact
C01492,43,9,101.72,955.48,1,one-year,dsl,1,cancelled
C01493,80,40,71.92,2809.95,0,one-year,fiber,0,resolved
C01494,55,72,88.84,6459.46,1,month-to-month,fiber,0,no_contact
C01495,64,17,78.05,1228.66,1,one-year,dsl,0,escalated
C01496,39,26,35.3,925.67,2,month-to-month,none,1,escalated
C01497,37,9,65.82,665.73,2,one-year,dsl,1,cancelled
C01498,24,30,92.14,2775.8,0,month-to-month,dsl,0,no_contact
C01499,41,13,76.83,1011.35,0,two-year,dsl,0,resolved
C01500,24,11,85.44,922.72,1,one-year,fiber,1,unresolved
C01501,51,9,81.16,669.65,1,month-to-month,fiber,0,resolved
C01502,54,34,29.64,1014.11,0,one-year,dsl,0,escalated
C01503,58,27,89.02,,1,month-to-month,fiber,1,unresolved
C01504,32,7,74.89,567.39,3,one-year,fiber,0,resolved
C01505,70,28,32.95,990.25,0,month-to-month,dsl,1,cancelled
C01506,40,31,81.51,2497.02,0,one-year,dsl,1,cancelled
C01507,40,11,29.75,289.3,2,one-year,fiber,1,escalated
C01508,45,13,73.14,945.45,0,one-year,fiber,0,resolved
C01509,38,23,83.89,2004.26,0,month-to-month,dsl,0,resolved
C01510,56,27,61.41,1665.11,0,one-year,none,0,resolved
C01511,60,7,45.1,318.71,1,one-year,dsl,0,resolved
C01512,59,8,71.21,608.58,0,one-year,dsl,1,cancelled
C01513,18,9,89.76,858.42,2,month-to-month,dsl,0,no_contact
C01514,46,3,72.19,215.84,0,month-to-month,dsl,1,cancelled
C01515,34,16,57.34,849.43,1,month-to-month,dsl,1,escalated
C01516,20,31,100.74,3140.3,3,month-to-month,dsl,0,resolved
C01517,34,8,44.1,417.39,1,one-year,dsl,0,resolved
C01518,47,7,47.12,286.52,0,one-year,fiber,0,no_contact
C01519,52,27,90.57,2427.26,3,month-to-month,fiber,1,cancelled
C01520,43,6,57.83,370.74,1,month-to-month,fiber,0,resolved
C01521,40,17,84.76,1473.71,0,one-year,fiber,0,resolved
C01522,56,21,,1253.49,0,month-to-month,none,1,escalated
C01523,44,51,91.07,4705.83,2,month-to-month,fiber,0,no_contact
C01524,51,38,62.29,2301.32,2,month-to-month,fiber,0,resolved
C01525,45,3,76.59,243.64,1,month-to-month,fiber,1,cancelled
C01526,32,9,93.07,824.4,2,month-to-month,dsl,1,cancelled
C01527,46,7,18.0,119.75,2,month-to-month,dsl,1,cancelled
C01528,70,16,,1482.84,0,one-year,dsl,0,resolved
C01529,50,45,94.65,4248.95,1,month-to-month,dsl,0,no_contact
C01530,43,17,80.21,1373.45,0,,none,1,cancelled
C01531,54,46,54.87,2568.58,2,month-to-month,fiber,0,resolved
C01532,42,15,31.29,462.92,1,month-to-month,fiber,0,resolved
C01533,45,34,88.1,3010.57,0,month-to-month,dsl,0,resolved
C01534,37,27,96.14,2609.09,1,one-year,fiber,0,resolved
C01535,29,14,103.61,1447.48,0,,dsl,1,cancelled
C01536,39,72,58.07,4219.42,2,two-year,satellite,0,resolved
C01537,48,16,71.18,1080.23,1,month-to-month,dsl,0,resolved
C01538,40,34,76.68,2617.39,1,month-to-month,none,0,no_contact
C01539,41,23,110.01,2558.63,1,month-to-month,dsl,1,cancelled
C01540,59,14,,829.41,1,month-to-month,fiber,1,unresolved
C01541,67,18,90.54,1595.81,1,month-to-month,dsl,0,resolved
C01542,61,13,95.31,1144.92,0,one-year,dsl,0,resolved
C01543,28,23,83.49,1957.43,0,two-year,fiber,0,no_contact
C01544,51,21,58.08,1192.9,1,month-to-month,fiber,0,no_contact
C01545,58,28,87.28,2411.53,0,month-to-month,fiber,1,unresolved
C01546,62,13,44.56,543.35,1,month-to-month,dsl,0,resolved
C01547,66,11,78.42,,0,one-year,fiber,1,escalated
C01548,49,37,87.34,3233.47,1,one-year,dsl,1,escalated
C01549,32,13,70.36,966.91,1,one-year,dsl,0,resolved
C01550,41,6,92.23,593.91,2,one-year,none,0,no_contact
C01551,88,20,105.17,2147.26,1,month-to-month,dsl,1,cancelled
C01552,51,39,77.09,3026.52,2,month-to-month,fiber,1,cancelled
C01553,52,44,109.66,4798.01,1,one-year,dsl,0,resolved
C01554,58,17,65.46,1111.96,0,two-year,none,1,cancelled
C01555,48,20,55.15,,1,month-to-month,none,1,escalated
C01556,53,5,34.45,124.25,1,two-year,dsl,0,resolved
C01557,39,5,73.75,,3,month-to-month,fiber,1,cancelled
C01558,63,6,81.34,540.05,1,two-year,dsl,0,resolved
C01559,25,5,37.25,147.4,3,month-to-month,dsl,1,cancelled
C01560,54,48,84.0,4092.96,0,month-to-month,none,0,escalated
C01561,46,32,96.47,3106.82,0,two-year,dsl,1,cancelled
C01562,36,13,81.97,1110.16,0,month-to-month,fiber,1,cancelled
C01563,37,1,93.3,128.99,1,month-to-month,fiber,1,cancelled
C01564,75,2,72.03,86.47,0,month-to-month,none,1,unresolved
C01565,47,17,78.59,1322.7,0,month-to-month,fiber,1,escalated
C01566,47,41,43.03,1758.34,1,month-to-month,fiber,0,no_contact
C01567,48,16,89.76,1479.84,0,two-year,dsl,1,cancelled
C01568,40,43,86.09,3750.97,0,month-to-month,dsl,0,resolved
C01569,50,72,106.55,7642.98,3,month-to-month,none,0,no_contact
C01570,47,29,38.91,1196.96,0,two-year,dsl,0,no_contact
C01571,65,5,57.36,326.93,2,one-year,dsl,1,cancelled
C01572,65,10,62.43,535.62,0,month-to-month,fiber,1,cancelled
C01573,56,9,94.28,828.72,1,month-to-month,dsl,1,cancelled
C01574,48,21,62.21,1348.9,0,month-to-month,satellite,1,cancelled
C01575,39,5,82.97,403.53,3,one-year,dsl,1,escalated
C01576,49,53,106.6,5714.55,0,month-to-month,fiber,0,no_contact
C01577,56,5,101.05,484.75,3,month-to-month,dsl,1,escalated
C01578,63,34,63.28,2072.96,0,two-year,fiber,0,no_contact
C01579,50,62,74.61,4588.25,1,month-to-month,dsl,0,no_contact
C01580,48,27,98.34,2594.79,0,one-year,fiber,1,cancelled
C01581,50,29,94.71,2753.07,0,month-to-month,fiber,0,no_contact
C01582,66,9,66.8,595.28,1,one-year,dsl,0,resolved
C01583,46,16,84.05,1344.32,0,two-year,dsl,0,resolved
C01584,38,46,43.94,2026.09,0,month-to-month,fiber,1,cancelled
C01585,52,10,124.71,1258.65,1,one-year,dsl,0,resolved
C01586,23,54,90.04,4882.13,1,one-year,dsl,0,no_contact
C01587,49,40,90.79,3649.69,0,month-to-month,dsl,0,resolved
C01588,69,26,29.58,753.41,0,month-to-month,fiber,0,resolved
C01589,38,8,92.11,748.78,1,month-to-month,none,1,unresolved
C01590,45,10,35.24,323.34,2,month-to-month,fiber,1,cancelled
C01591,37,60,52.54,3144.75,0,month-to-month,none,0,resolved
C01592,52,56,104.05,5738.33,1,month-to-month,none,0,no_contact
C01593,46,9,70.72,643.54,1,one-year,fiber,1,cancelled
C01594,41,24,114.16,2673.87,0,one-year,fiber,1,cancelled
C01595,43,63,80.93,5086.39,1,month-to-month,none,1,escalated
C01596,18,9,89.42,809.0,0,month-to-month,dsl,1,cancelled
C01597,48,24,67.66,1518.22,1,month-to-month,dsl,1,cancelled
C01598,56,30,79.25,2405.03,0,month-to-month,none,0,no_contact
C01599,58,10,50.72,,0,month-to-month,dsl,0,resolved
C01600,44,13,76.66,1000.65,2,month-to-month,dsl,1,cancelled
C01601,18,10,89.11,960.03,0,one-year,dsl,0,no_contact
C01602,50,32,75.55,2400.19,1,two-year,fiber,0,resolved
C01603,40,8,67.72,614.34,1,two-year,fiber,1,cancelled
C01604,36,41,65.77,2673.59,4,one-year,dsl,0,resolved
C01605,24,19,62.46,1231.33,1,month-to-month,fiber,1,cancelled
C01606,50,37,59.11,2196.26,2,one-year,fiber,0,no_contact
C01607,28,21,19.7,426.74,1,month-to-month,dsl,0,resolved
C01608,32,16,90.27,1454.07,0,month-to-month,fiber,1,escalated
C01609,44,1,94.06,144.99,0,one-year,fiber,1,unresolved
C01610,20,11,48.99,478.6,1,month-to-month,fiber,0,resolved
C01611,53,11,106.53,1205.58,1,month-to-month,fiber,0,no_contact
C01612,37,39,104.66,4017.95,1,month-to-month,fiber,1,cancelled
C01613,61,25,60.24,,1,month-to-month,none,1,unresolved
C01614,60,53,66.53,3568.93,2,month-to-month,dsl,0,resolved
C01615,19,20,76.54,1564.85,2,one-year,none,0,resolved
C01616,40,14,59.39,761.98,1,month-to-month,dsl,1,cancelled
C01617,31,29,77.22,2218.93,3,month-to-month,dsl,1,cancelled
C01618,20,23,52.48,1239.14,0,month-to-month,fiber,0,resolved
C01619,60,15,,959.27,0,two-year,fiber,0,escalated
C01620,42,6,72.11,434.98,0,month-to-month,fiber,0,no_contact
C01621,41,19,56.04,1059.24,0,one-year,fiber,0,resolved
C01622,51,20,63.12,,0,month-to-month,none,1,cancelled
C01623,62,42,58.92,2448.02,0,month-to-month,dsl,0,escalated
C01624,47,26,58.11,1506.4,1,month-to-month,dsl,0,no_contact
C01625,33,22,52.82,1142.96,0,one-year,fiber,0,resolved
C01626,18,6,53.92,374.09,2,two-year,fiber,0,no_contact
C01627,48,47,82.9,3887.68,0,month-to-month,fiber,0,resolved
C01628,55,26,101.33,2633.15,1,one-year,fiber,1,cancelled
C01629,25,7,29.82,164.46,2,month-to-month,dsl,1,cancelled
C01630,55,38,51.96,1996.38,1,one-year,dsl,0,no_contact
C01631,40,50,96.31,4780.82,2,two-year,fiber,0,resolved
C01632,34,8,55.9,457.38,1,,dsl,1,escalated
C01633,50,22,,1080.06,0,month-to-month,dsl,1,cancelled
C01634,53,23,,996.32,0,month-to-month,fiber,0,no_contact
C01635,66,24,87.45,2163.36,0,one-year,fiber,1,escalated
C01636,80,52,108.18,5653.49,1,month-to-month,none,0,resolved
C01637,58,26,67.19,1714.61,1,month-to-month,fiber,0,resolved
C01638,52,22,130.71,2887.63,1,two-year,dsl,0,no_contact
C01639,55,10,76.85,754.16,0,two-year,none,1,cancelled
C01640,75,12,103.31,1259.55,4,month-to-month,dsl,1,escalated
C01641,35,48,86.7,4161.23,1,month-to-month,dsl,1,escalated
C01642,61,46,116.51,5325.73,0,month-to-month,none,0,resolved
C01643,26,7,103.91,,1,one-year,dsl,1,escalated
C01644,26,4,43.47,212.51,0,two-year,fiber,0,no_contact
C01645,29,25,69.48,1809.76,2,month-to-month,dsl,1,unresolved
C01646,29,8,69.45,531.2,0,one-year,fiber,0,resolved
C01647,66,27,26.41,,0,month-to-month,fiber,1,cancelled
C01648,72,46,71.48,3361.2,1,month-to-month,dsl,1,cancelled
C01649,79,32,91.04,2925.28,0,two-year,fiber,0,resolved
C01650,51,35,40.55,1443.31,5,month-to-month,dsl,1,cancelled
C01651,64,27,50.38,1317.8,1,two-year,fiber,0,resolved
C01652,51,10,66.5,726.68,3,,dsl,1,cancelled
C01653,55,3,101.27,282.56,1,month-to-month,dsl,1,cancelled
C01654,56,18,58.64,1066.02,4,one-year,fiber,1,cancelled
C01655,44,8,18.36,211.28,2,month-to-month,dsl,1,cancelled
C01656,50,7,54.84,389.76,2,two-year,none,1,cancelled
C01657,58,19,86.89,1657.96,1,one-year,dsl,1,escalated
C01658,25,32,74.01,2363.79,1,two-year,fiber,1,cancelled
C01659,40,45,102.09,4499.59,0,two-year,none,0,no_contact
C01660,62,25,56.26,1367.94,1,one-year,fiber,0,no_contact
C01661,56,29,36.24,1025.26,3,month-to-month,fiber,0,resolved
C01662,46,14,75.39,1080.0,2,month-to-month,fiber,1,cancelled
C01663,55,44,51.13,2265.02,2,two-year,dsl,0,resolved
C01664,60,33,70.4,2324.04,0,month-to-month,fiber,0,resolved
C01665,51,22,84.9,1891.57,1,month-to-month,none,1,cancelled
C01666,42,13,79.78,1049.78,1,month-to-month,satellite,0,resolved
C01667,53,7,44.38,321.55,0,one-year,none,0,resolved
C01668,41,7,79.93,564.09,0,one-year,fiber,0,no_contact
C01669,48,21,130.21,2772.55,1,two-year,fiber,1,cancelled
C01670,36,15,35.98,493.91,1,month-to-month,satellite,0,resolved
C01671,33,21,68.06,1393.63,0,two-year,fiber,0,resolved
C01672,26,9,80.86,677.6,1,one-year,fiber,0,resolved
C01673,57,45,63.58,2865.76,0,one-year,dsl,0,no_contact
C01674,45,5,111.99,594.63,0,month-to-month,fiber,0,no_contact
C01675,46,15,81.49,1169.98,0,month-to-month,fiber,1,cancelled
C01676,46,24,101.6,2472.32,1,one-year,dsl,1,unresolved
C01677,18,29,85.24,2481.47,2,month-to-month,dsl,1,cancelled
C01678,24,3,87.29,165.75,3,month-to-month,dsl,1,escalated
C01679,40,11,80.78,,0,month-to-month,fiber,0,resolved
C01680,54,67,57.94,3928.0,1,month-to-month,fiber,0,resolved
C01681,54,14,21.3,312.66,0,month-to-month,fiber,0,resolved
C01682,36,15,65.14,1043.58,1,,dsl,0,resolved
C01683,44,47,96.77,4522.86,2,two-year,fiber,0,resolved
C01684,78,34,60.07,2143.37,1,one-year,fiber,0,no_contact
C01685,45,39,62.44,2423.87,0,month-to-month,none,0,resolved
C01686,39,43,68.66,2908.39,3,month-to-month,dsl,1,unresolved
C01687,27,24,112.09,2712.95,1,month-to-month,fiber,1,cancelled
C01688,42,21,55.91,1216.17,1,month-to-month,fiber,1,cancelled
C01689,55,5,116.91,663.97,2,month-to-month,fiber,1,cancelled
C01690,23,59,85.85,5109.15,0,one-year,dsl,0,no_contact
C01691,66,5,88.06,468.99,0,month-to-month,dsl,0,resolved
C01692,37,37,62.18,2346.92,0,one-year,fiber,0,resolved
C01693,53,14,79.01,1099.52,0,month-to-month,dsl,0,resolved
C01694,68,15,80.8,1271.61,1,two-year,fiber,0,resolved
C01695,46,4,61.59,293.96,2,month-to-month,fiber,1,cancelled
C01696,44,31,27.08,798.42,2,month-to-month,dsl,0,resolved
C01697,40,24,103.59,2509.47,2,month-to-month,dsl,1,cancelled
C01698,67,23,87.4,2031.28,0,one-year,dsl,0,no_contact
C01699,49,7,91.19,,1,one-year,none,1,cancelled
C01700,57,14,24.5,347.22,0,month-to-month,fiber,1,escalated
C01701,41,10,62.83,671.28,0,month-to-month,fiber,0,escalated
C01702,28,43,79.52,3394.31,1,one-year,none,0,resolved
C01703,88,34,67.28,2363.46,1,two-year,dsl,0,resolved
C01704,72,37,67.89,2522.68,2,month-to-month,fiber,0,no_contact
C01705,70,20,55.72,1109.83,1,month-to-month,dsl,0,resolved
C01706,38,13,39.56,576.02,0,month-to-month,fiber,1,unresolved
C01707,46,42,40.43,1734.55,1,one-year,dsl,0,resolved
C01708,50,6,118.51,721.27,1,month-to-month,none,1,unresolved
C01709,42,39,60.52,2367.7,0,month-to-month,dsl,0,no_contact
C01710,64,21,71.85,,1,month-to-month,dsl,0,resolved
C01711,58,35,75.96,2637.27,2,one-year,fiber,1,cancelled
C01712,67,22,27.88,600.43,4,month-to-month,fiber,1,cancelled
C01713,51,9,38.0,375.38,1,two-year,fiber,0,resolved
C01714,50,4,86.02,307.98,1,month-to-month,dsl,1,cancelled
C01715,31,22,74.59,1606.48,0,one-year,fiber,1,unresolved
C01716,20,17,59.84,1020.49,0,month-to-month,fiber,0,no_contact
C01717,50,16,110.19,1767.81,1,two-year,dsl,1,cancelled
C01718,33,9,128.46,1133.98,2,two-year,fiber,0,no_contact
C01719,56,21,102.16,2183.18,2,one-year,dsl,1,cancelled
C01720,70,23,61.26,1333.66,0,month-to-month,dsl,0,resolved
C01721,49,21,97.66,2092.36,1,one-year,fiber,1,cancelled
C01722,66,13,95.02,1242.51,1,two-year,fiber,1,unresolved
C01723,47,18,18.0,377.49,1,two-year,dsl,0,no_contact
C01724,45,11,68.49,798.51,0,one-year,satellite,0,resolved
C01725,71,24,59.81,1392.81,1,month-to-month,fiber,0,resolved
C01726,74,19,63.16,1280.02,1,two-year,fiber,1,cancelled
C01727,21,15,43.32,602.91,1,one-year,none,0,no_contact
C01728,39,31,32.07,1100.41,1,month-to-month,satellite,1,cancelled
C01729,23,26,81.9,2226.28,2,two-year,fiber,0,resolved
C01730,39,38,86.78,3284.47,2,month-to-month,dsl,1,cancelled
C01731,48,7,63.53,455.65,1,one-year,fiber,0,no_contact
C01732,49,11,,,1,month-to-month,fiber,1,unresolved
C01733,58,30,62.05,1959.14,0,one-year,fiber,0,no_contact
C01734,55,0,91.67,-14.91,1,month-to-month,none,1,cancelled
C01735,37,10,85.97,867.28,0,one-year,dsl,0,resolved
C01736,55,6,65.0,495.18,2,two-year,none,1,cancelled
C01737,21,10,49.4,588.89,1,two-year,dsl,0,resolved
C01738,51,20,81.32,1608.03,1,two-year,satellite,0,resolved
C01739,26,16,103.8,1698.72,0,one-year,fiber,0,no_contact
C01740,80,7,97.01,628.88,1,month-to-month,fiber,0,no_contact
C01741,43,10,92.65,943.52,1,one-year,fiber,1,cancelled
C01742,18,16,121.23,1937.46,1,one-year,dsl,0,resolved
C01743,50,31,71.5,2194.2,2,month-to-month,dsl,1,escalated
C01744,30,39,88.47,3426.97,0,one-year,satellite,0,no_contact
C01745,26,25,60.48,1547.26,3,two-year,fiber,1,cancelled
C01746,23,22,117.07,2624.56,3,month-to-month,fiber,1,cancelled
C01747,28,12,41.16,523.89,0,month-to-month,dsl,0,resolved
C01748,46,8,20.1,139.05,0,one-year,fiber,0,no_contact
C01749,18,32,,3387.52,3,month-to-month,none,1,cancelled
C01750,57,8,102.4,780.48,2,two-year,fiber,1,cancelled
C01751,46,6,83.12,516.1,0,two-year,fiber,1,cancelled
C01752,31,44,57.95,2486.93,0,month-to-month,fiber,0,resolved
C01753,87,10,111.75,1033.8,1,two-year,none,0,resolved
C01754,38,8,94.51,832.47,0,one-year,fiber,0,resolved
C01755,40,12,83.2,954.15,0,one-year,dsl,1,unresolved
C01756,54,57,84.31,4710.88,0,month-to-month,dsl,0,resolved
C01757,74,2,95.52,,3,one-year,dsl,1,escalated
C01758,66,23,79.58,1829.8,3,one-year,dsl,1,cancelled
C01759,49,28,,1656.29,0,month-to-month,dsl,0,no_contact
C01760,44,29,9999.0,1853.89,2,month-to-month,fiber,0,resolved
C01761,60,51,44.35,2311.83,0,one-year,fiber,0,resolved
C01762,33,10,88.4,921.53,0,month-to-month,dsl,1,unresolved
C01763,51,32,55.74,1842.75,1,month-to-month,fiber,1,cancelled
C01764,36,32,75.76,2427.4,0,month-to-month,fiber,0,resolved
C01765,46,41,94.64,3918.81,2,month-to-month,fiber,0,resolved
C01766,49,16,98.01,1514.39,0,one-year,fiber,1,cancelled
C01767,-1,30,91.25,2739.9,1,month-to-month,dsl,1,cancelled
C01768,22,46,52.1,2376.06,0,month-to-month,fiber,1,cancelled
C01769,49,13,68.28,853.77,0,two-year,fiber,1,cancelled
C01770,37,9,117.08,1156.58,1,two-year,fiber,1,escalated
C01771,26,20,46.56,920.77,1,two-year,dsl,0,resolved
C01772,43,11,32.35,,1,one-year,fiber,1,cancelled
C01773,35,50,44.06,2243.76,0,month-to-month,dsl,0,no_contact
C01774,26,11,70.3,764.37,1,one-year,dsl,0,resolved
C01775,78,12,95.94,1153.42,1,one-year,none,0,resolved
C01776,35,24,53.62,1269.35,0,month-to-month,dsl,0,resolved
C01777,63,15,98.1,1420.19,2,one-year,dsl,1,cancelled
C01778,37,13,34.72,487.54,1,month-to-month,satellite,0,no_contact
C01779,41,72,72.43,5269.44,0,month-to-month,fiber,1,cancelled
C01780,57,36,83.42,3027.25,1,month-to-month,fiber,0,resolved
C01781,39,15,48.37,788.47,3,one-year,dsl,1,cancelled
C01782,71,2,71.4,200.8,0,month-to-month,dsl,1,unresolved
C01783,44,48,89.29,4395.52,3,month-to-month,fiber,0,resolved
C01784,43,27,88.16,2344.1,1,two-year,fiber,1,escalated
C01785,68,27,82.24,2205.89,0,two-year,fiber,1,cancelled
C01786,50,72,93.14,6796.31,0,one-year,dsl,0,resolved
C01787,75,22,106.97,2323.73,0,two-year,dsl,0,no_contact
C01788,58,10,76.71,752.17,2,month-to-month,dsl,1,escalated
C01789,25,8,85.61,625.54,1,two-year,none,1,cancelled
C01790,-1,41,75.52,3087.81,2,one-year,fiber,1,cancelled
C01791,47,42,78.57,3389.1,0,one-year,dsl,0,no_contact
C01792,42,16,65.13,965.9,0,month-to-month,fiber,1,unresolved
C01793,43,23,24.29,553.98,0,one-year,fiber,0,resolved
C01794,26,11,48.77,591.95,1,one-year,fiber,1,cancelled
C01795,22,21,78.96,1623.92,1,two-year,fiber,0,no_contact
C01796,50,18,82.23,1493.47,0,two-year,fiber,0,no_contact
C01797,45,57,65.06,3652.74,0,month-to-month,none,0,no_contact
C01798,50,20,65.87,1295.86,1,one-year,dsl,1,escalated
C01799,52,17,90.88,1442.66,1,one-year,none,1,cancelled
C01800,60,26,97.04,2569.37,3,two-year,none,0,escalated
C01801,32,24,70.72,1711.2,1,one-year,dsl,0,no_contact
C01802,57,5,88.14,348.7,0,month-to-month,fiber,1,cancelled
C01803,57,35,86.29,2994.82,0,two-year,dsl,0,resolved
C01804,68,35,20.92,655.86,2,two-year,none,0,resolved
C01805,75,5,63.37,320.41,0,month-to-month,dsl,1,escalated
C01806,66,34,94.08,3124.87,2,month-to-month,dsl,1,unresolved
C01807,48,17,77.0,1360.1,1,one-year,fiber,0,resolved
C01808,55,27,37.25,988.32,2,month-to-month,fiber,0,resolved
C01809,47,23,,2397.32,1,two-year,dsl,0,no_contact
C01810,41,9,86.55,820.44,2,month-to-month,fiber,0,no_contact
C01811,32,17,98.31,1644.43,0,month-to-month,dsl,0,resolved
C01812,55,15,62.36,,1,month-to-month,fiber,1,unresolved
C01813,37,72,45.36,3275.21,0,two-year,fiber,0,resolved
C01814,50,33,74.11,2411.97,1,one-year,fiber,0,resolved
C01815,26,42,96.9,4035.19,2,month-to-month,dsl,0,no_contact
C01816,48,5,72.24,322.3,1,month-to-month,fiber,1,cancelled
C01817,44,17,72.69,1256.93,3,month-to-month,fiber,1,cancelled
C01818,39,10,26.04,234.39,1,month-to-month,none,1,unresolved
C01819,57,13,73.91,1027.16,0,two-year,fiber,1,cancelled
C01820,27,16,23.38,,0,month-to-month,dsl,0,no_contact
C01821,58,31,107.96,3332.01,0,month-to-month,dsl,0,no_contact
C01822,54,33,57.41,1799.1,0,month-to-month,fiber,1,cancelled
C01823,44,40,71.22,2860.15,0,month-to-month,dsl,0,escalated
C01824,51,36,107.21,3833.41,3,month-to-month,dsl,1,cancelled
C01825,19,47,46.62,2191.59,0,month-to-month,fiber,0,no_contact
C01826,36,8,112.51,801.18,1,month-to-month,dsl,0,resolved
C01827,38,8,40.92,294.96,2,month-to-month,fiber,1,cancelled
C01828,41,42,72.94,3020.58,1,month-to-month,fiber,0,no_contact
C01829,43,41,53.47,2169.06,1,month-to-month,dsl,0,resolved
C01830,52,24,86.12,2013.17,1,two-year,fiber,1,escalated
C01831,41,20,65.97,1277.05,1,two-year,dsl,1,cancelled
C01832,22,8,118.94,935.0,0,month-to-month,satellite,0,resolved
C01833,52,10,,303.01,3,month-to-month,fiber,0,resolved
C01834,64,12,94.12,,0,one-year,dsl,1,cancelled
C01835,24,18,96.82,1754.31,0,month-to-month,fiber,1,cancelled
C01836,40,34,111.32,3736.92,1,month-to-month,fiber,1,cancelled
C01837,47,27,105.03,2851.17,2,one-year,dsl,1,escalated
C01838,42,44,39.07,1726.8,2,month-to-month,fiber,0,no_contact
C01839,33,30,70.77,,1,two-year,fiber,1,cancelled
C01840,69,27,73.81,2069.59,2,month-to-month,dsl,0,resolved
C01841,51,6,67.9,380.49,1,month-to-month,dsl,1,cancelled
C01842,18,38,91.32,3545.04,0,one-year,dsl,0,no_contact
C01843,51,35,21.45,,1,month-to-month,fiber,0,resolved
C01844,69,72,110.97,8043.47,0,month-to-month,dsl,0,resolved
C01845,32,11,79.74,795.37,1,month-to-month,dsl,1,cancelled
C01846,46,21,60.11,1219.76,1,two-year,dsl,1,cancelled
C01847,39,72,53.22,3792.24,0,month-to-month,none,0,no_contact
C01848,22,4,84.05,369.38,3,one-year,dsl,0,no_contact
C01849,23,12,84.73,1002.46,0,two-year,dsl,1,cancelled
C01850,64,16,94.83,1509.2,0,month-to-month,fiber,0,escalated
C01851,33,21,82.31,1712.51,0,month-to-month,dsl,1,cancelled
C01852,74,53,109.47,5810.98,1,one-year,fiber,0,resolved
C01853,39,26,83.19,2181.38,1,month-to-month,fiber,0,no_contact
C01854,42,17,79.58,1318.36,0,month-to-month,fiber,1,cancelled
C01855,59,41,89.58,3667.41,0,month-to-month,fiber,0,resolved
C01856,57,16,59.86,979.22,4,month-to-month,fiber,0,escalated
C01857,70,14,66.23,901.86,2,month-to-month,fiber,0,no_contact
C01858,35,33,115.7,3830.46,0,two-year,fiber,0,resolved
C01859,45,19,62.78,1255.8,1,month-to-month,satellite,1,cancelled
C01860,42,16,63.75,,1,month-to-month,satellite,1,cancelled
C01861,39,8,85.74,,1,one-year,fiber,1,cancelled
C01862,51,8,85.05,674.68,0,one-year,fiber,0,no_contact
C01863,60,15,18.0,295.08,1,month-to-month,none,0,resolved
C01864,53,12,71.25,915.18,0,month-to-month,fiber,1,cancelled
C01865,33,48,86.07,4072.39,0,two-year,dsl,0,no_contact
C01866,18,15,51.6,806.83,1,one-year,fiber,1,cancelled
C01867,67,33,65.68,2160.94,0,one-year,fiber,0,resolved
C01868,64,17,58.73,1052.86,0,one-year,dsl,0,resolved
C01869,42,10,72.89,731.38,2,month-to-month,fiber,1,cancelled
C01870,44,46,80.19,3750.17,1,one-year,fiber,0,no_contact
C01871,38,30,32.63,910.14,0,month-to-month,fiber,0,resolved
C01872,56,28,115.52,3199.11,0,month-to-month,dsl,0,resolved
C01873,64,19,38.21,727.61,1,month-to-month,dsl,0,no_contact
C01874,50,17,,1279.96,1,month-to-month,dsl,1,cancelled
C01875,62,7,60.22,478.88,1,month-to-month,fiber,0,no_contact
C01876,51,23,61.32,1397.32,0,month-to-month,fiber,1,cancelled
C01877,61,16,23.83,365.37,1,month-to-month,dsl,0,resolved
C01878,30,9,61.03,555.44,0,month-to-month,fiber,1,cancelled
C01879,57,25,18.0,400.98,0,month-to-month,fiber,0,escalated
C01880,52,11,79.18,909.17,0,month-to-month,dsl,1,escalated
C01881,42,4,77.53,262.14,3,one-year,fiber,1,cancelled
C01882,52,9,81.09,659.56,0,month-to-month,fiber,1,cancelled
C01883,46,8,77.69,584.48,0,one-year,dsl,1,escalated
C01884,33,13,54.33,750.75,0,month-to-month,dsl,1,cancelled
C01885,38,17,56.94,912.29,4,month-to-month,fiber,1,escalated
C01886,58,18,70.71,,1,one-year,fiber,0,no_contact
C01887,44,9,81.89,718.82,0,,dsl,1,escalated
C01888,75,31,72.6,2221.26,0,two-year,none,0,resolved
C01889,61,3,54.72,166.05,1,month-to-month,fiber,1,cancelled
C01890,33,41,93.02,3744.1,1,one-year,dsl,0,no_contact
C01891,63,21,87.12,1880.18,1,month-to-month,fiber,1,escalated
C01892,46,17,18.0,364.2,0,two-year,none,0,resolved
C01893,56,26,75.58,2027.59,0,one-year,fiber,0,resolved
C01894,49,25,83.39,2133.5,0,month-to-month,dsl,0,resolved
C01895,64,4,37.52,153.51,1,month-to-month,dsl,1,cancelled
C01896,53,10,70.9,720.68,2,one-year,none,1,escalated
C01897,40,54,65.61,3519.86,0,one-year,fiber,1,cancelled
C01898,25,9,28.13,313.36,1,month-to-month,none,0,no_contact
C01899,21,16,48.65,888.39,2,month-to-month,fiber,1,cancelled
C01900,32,6,86.46,560.92,1,month-to-month,fiber,1,cancelled
C01901,68,8,67.91,584.53,0,one-year,fiber,0,resolved
C01902,46,47,29.79,1332.84,1,one-year,none,0,resolved
C01903,53,4,82.27,248.03,2,two-year,fiber,1,cancelled
C01904,63,8,78.41,572.71,1,month-to-month,none,0,resolved
C01905,71,41,96.07,3875.61,0,month-to-month,none,1,cancelled
C01906,54,68,68.83,4711.39,3,one-year,dsl,0,no_contact
C01907,46,43,103.9,4518.83,0,month-to-month,dsl,1,unresolved
C01908,51,31,99.62,3026.63,3,two-year,fiber,0,resolved
C01909,52,11,120.47,1397.88,0,month-to-month,fiber,1,cancelled
C01910,44,16,90.9,1494.5,1,month-to-month,fiber,0,resolved
C01911,35,4,46.88,273.85,0,month-to-month,dsl,0,no_contact
C01912,44,2,118.73,343.0,0,two-year,fiber,1,cancelled
C01913,56,20,,486.52,2,month-to-month,dsl,1,cancelled
C01914,48,23,44.64,1030.24,2,month-to-month,fiber,0,no_contact
C01915,62,31,82.57,2623.3,0,month-to-month,dsl,1,cancelled
C01916,38,11,50.27,,1,one-year,dsl,1,cancelled
C01917,47,17,38.11,693.77,3,month-to-month,fiber,0,escalated
C01918,29,7,48.23,,0,month-to-month,none,0,resolved
C01919,39,6,65.62,380.47,1,two-year,fiber,0,resolved
C01920,76,12,86.65,1005.99,2,two-year,dsl,0,escalated
C01921,41,8,82.03,584.6,1,month-to-month,fiber,1,unresolved
C01922,30,3,80.54,209.03,1,month-to-month,fiber,1,cancelled
C01923,27,27,52.95,1423.54,0,month-to-month,dsl,1,cancelled
C01924,72,16,109.02,1714.11,1,month-to-month,fiber,1,cancelled
C01925,59,13,106.48,1435.83,3,month-to-month,dsl,1,unresolved
C01926,38,15,69.93,,0,month-to-month,fiber,1,cancelled
C01927,32,4,,342.97,1,two-year,fiber,0,no_contact
C01928,28,17,47.21,825.46,3,one-year,fiber,0,resolved
C01929,18,32,75.01,2453.35,1,month-to-month,none,0,resolved
C01930,32,31,91.38,2868.52,1,two-year,fiber,1,cancelled
C01931,48,28,51.2,1370.35,0,month-to-month,fiber,0,resolved
C01932,52,46,45.02,2173.4,1,month-to-month,fiber,1,cancelled
C01933,57,19,69.19,1290.81,3,one-year,fiber,1,cancelled
C01934,44,16,84.04,1311.17,1,month-to-month,dsl,1,cancelled
C01935,36,40,100.9,4015.0,0,month-to-month,none,1,cancelled
C01936,35,11,50.64,570.28,2,two-year,none,0,resolved
C01937,40,36,35.24,1291.4,1,month-to-month,dsl,1,cancelled
C01938,18,11,105.8,1092.68,0,one-year,fiber,0,resolved
C01939,53,11,62.82,688.92,0,month-to-month,dsl,0,resolved
C01940,56,9,64.3,531.94,3,month-to-month,fiber,1,cancelled
C01941,29,11,53.79,637.39,0,month-to-month,fiber,0,no_contact
C01942,58,48,,4338.54,0,month-to-month,dsl,0,resolved
C01943,39,42,38.46,1616.67,0,month-to-month,fiber,0,no_contact
C01944,50,26,89.44,2233.88,1,month-to-month,dsl,1,unresolved
C01945,47,27,74.12,2018.64,2,one-year,none,1,cancelled
C01946,53,24,97.1,2372.73,0,month-to-month,fiber,0,no_contact
C01947,46,13,89.12,1156.68,1,one-year,none,1,cancelled
C01948,78,19,75.79,1489.26,2,one-year,fiber,1,cancelled
C01949,44,17,87.8,1547.65,0,month-to-month,dsl,0,resolved
C01950,61,51,105.22,5411.72,1,month-to-month,fiber,1,cancelled
C01951,38,6,85.27,476.36,0,month-to-month,dsl,1,cancelled
C01952,53,18,25.48,409.69,0,month-to-month,dsl,0,resolved
C01953,52,62,65.09,4092.55,2,month-to-month,fiber,0,no_contact
C01954,22,72,82.99,5985.06,1,month-to-month,dsl,0,escalated
C01955,75,21,85.14,,1,month-to-month,fiber,0,resolved
C01956,33,36,77.89,2797.68,1,month-to-month,dsl,0,resolved
C01957,57,33,75.45,,0,month-to-month,fiber,0,escalated
C01958,28,16,118.68,1968.66,1,one-year,fiber,1,cancelled
C01959,43,27,74.33,,0,month-to-month,dsl,0,resolved
C01960,33,17,74.4,1282.32,0,month-to-month,fiber,1,unresolved
C01961,57,31,78.07,2387.04,0,month-to-month,dsl,1,cancelled
C01962,56,19,90.96,1719.27,1,month-to-month,none,0,no_contact
C01963,46,39,68.2,2663.52,1,month-to-month,dsl,0,resolved
C01964,61,8,70.95,595.84,1,month-to-month,dsl,1,escalated
C01965,49,54,94.0,5002.08,0,one-year,fiber,0,resolved
C01966,45,22,87.4,1886.03,1,month-to-month,dsl,1,cancelled
C01967,39,15,85.86,1339.44,1,month-to-month,dsl,1,cancelled
C01968,58,11,59.76,696.24,1,month-to-month,fiber,1,cancelled
C01969,54,7,35.46,264.37,2,one-year,dsl,0,no_contact
C01970,76,33,51.62,1651.09,2,month-to-month,fiber,0,resolved
C01971,58,9,112.44,992.31,2,two-year,none,1,cancelled
C01972,43,12,107.17,1219.99,2,month-to-month,fiber,0,no_contact
C01973,30,19,59.92,1158.38,0,month-to-month,fiber,1,unresolved
C01974,32,13,48.83,686.0,2,month-to-month,fiber,0,resolved
C01975,26,32,72.84,2298.68,1,month-to-month,fiber,1,cancelled
C01976,43,6,81.24,536.06,0,month-to-month,dsl,0,resolved
C01977,49,7,38.6,162.28,2,two-year,dsl,1,cancelled
C01978,19,11,51.93,586.95,2,one-year,dsl,1,cancelled
C01979,39,10,65.17,684.91,1,one-year,dsl,0,resolved
C01980,45,2,82.5,116.16,2,one-year,fiber,0,resolved
C01981,33,61,56.42,3393.4,2,month-to-month,fiber,0,resolved
C01982,30,36,,2864.58,1,month-to-month,dsl,0,no_contact
C01983,25,22,32.76,726.34,0,month-to-month,fiber,0,resolved
C01984,44,28,92.87,2628.62,0,month-to-month,fiber,0,resolved
C01985,65,58,93.32,5460.4,1,month-to-month,fiber,0,no_contact
C01986,32,21,86.88,1770.72,0,month-to-month,fiber,0,resolved
C01987,50,15,40.09,548.01,0,two-year,satellite,0,resolved
C01988,-1,59,80.94,4825.43,1,two-year,fiber,0,resolved
C01989,79,20,99.58,2038.32,0,month-to-month,fiber,1,cancelled
C01990,51,29,103.29,3001.36,2,two-year,fiber,1,cancelled
C01991,48,13,96.45,1244.06,2,month-to-month,dsl,1,cancelled
C01992,62,21,120.49,2462.58,0,two-year,fiber,1,cancelled
C01993,78,63,99.78,6299.96,1,one-year,fiber,0,resolved
C01994,35,16,70.86,1152.66,0,month-to-month,dsl,0,no_contact
C01995,57,16,53.14,851.37,1,one-year,dsl,1,cancelled
C01996,39,23,31.9,761.32,1,one-year,fiber,0,resolved
C01997,62,6,53.59,277.63,0,two-year,dsl,1,cancelled
C01998,61,32,74.18,,1,month-to-month,none,0,no_contact
C01999,46,41,80.0,3254.7,0,month-to-month,dsl,0,resolved
C02000,56,23,50.71,1173.83,2,one-year,dsl,0,no_contact
C02001,23,26,145.33,3828.01,1,month-to-month,fiber,0,resolved
C02002,22,8,79.56,608.9,1,month-to-month,fiber,0,resolved
C02003,49,20,56.4,1049.35,3,one-year,none,1,unresolved
C02004,21,11,109.03,1249.41,6,,fiber,1,cancelled
C02005,85,9,37.07,348.61,2,month-to-month,none,1,cancelled
C02006,44,7,18.33,196.13,3,month-to-month,none,1,escalated
C02007,64,24,47.82,1062.21,1,month-to-month,dsl,0,no_contact
C02008,43,51,72.15,3656.1,1,one-year,fiber,0,resolved
C02009,50,12,83.51,1059.97,2,month-to-month,fiber,1,cancelled
C02010,57,53,124.52,6675.64,2,month-to-month,fiber,1,cancelled
C02011,43,20,89.6,1846.61,0,month-to-month,fiber,1,cancelled
C02012,79,4,52.31,,0,month-to-month,dsl,1,escalated
C02013,63,22,71.4,,0,two-year,none,0,no_contact
C02014,47,27,57.52,1574.75,0,month-to-month,fiber,0,resolved
C02015,57,7,29.24,197.63,1,month-to-month,dsl,1,cancelled
C02016,57,19,76.31,1339.23,2,month-to-month,fiber,1,cancelled
C02017,36,55,72.41,3971.66,3,month-to-month,dsl,1,cancelled
C02018,18,44,41.81,1868.15,1,one-year,none,0,escalated
C02019,33,36,76.42,2767.06,0,month-to-month,none,0,resolved
C02020,35,28,58.31,1658.94,0,one-year,fiber,0,escalated
C02021,44,11,,638.29,1,month-to-month,dsl,1,escalated
C02022,62,17,32.78,499.06,0,month-to-month,fiber,0,resolved
C02023,40,8,73.98,,1,month-to-month,fiber,0,no_contact
C02024,38,13,59.99,666.45,1,one-year,fiber,1,escalated
C02025,47,22,95.49,2104.17,2,month-to-month,none,1,cancelled
C02026,57,5,116.93,570.34,1,month-to-month,dsl,1,cancelled
C02027,37,20,46.19,,2,one-year,dsl,0,no_contact
C02028,39,11,52.41,573.94,0,month-to-month,fiber,1,cancelled
C02029,48,33,74.4,2455.3,1,one-year,dsl,1,cancelled
C02030,29,18,82.81,1525.31,0,one-year,none,1,escalated
C02031,30,17,101.68,1754.73,2,month-to-month,fiber,1,cancelled
C02032,56,8,75.97,631.4,2,month-to-month,dsl,1,cancelled
C02033,26,6,86.38,503.26,0,one-year,fiber,1,escalated
C02034,44,7,84.04,,1,month-to-month,none,1,cancelled
C02035,51,28,66.88,2021.02,1,one-year,fiber,0,no_contact
C02036,45,72,80.28,5802.94,0,one-year,fiber,0,no_contact
C02037,58,19,88.35,1679.22,0,month-to-month,fiber,1,cancelled
C02038,57,21,82.89,1758.93,1,month-to-month,dsl,0,no_contact
C02039,41,12,54.96,627.2,0,two-year,dsl,0,no_contact
C02040,61,25,81.12,2013.87,0,one-year,fiber,0,resolved
C02041,41,39,54.84,2142.41,1,one-year,dsl,0,resolved
C02042,53,20,82.54,1681.37,1,two-year,none,1,escalated
C02043,60,37,32.04,1214.87,1,month-to-month,none,1,escalated
C02044,44,3,32.95,113.65,0,two-year,fiber,0,resolved
C02045,54,30,52.03,1560.89,0,month-to-month,none,1,escalated
C02046,54,31,30.2,893.32,0,one-year,dsl,0,no_contact
C02047,59,17,18.0,367.06,1,month-to-month,fiber,0,resolved
C02048,50,5,83.68,424.43,1,two-year,fiber,0,resolved
C02049,42,27,52.13,1377.02,0,month-to-month,fiber,1,unresolved
C02050,25,9,75.61,649.73,2,one-year,none,0,resolved
C02051,36,45,85.47,3853.64,2,month-to-month,fiber,0,resolved
C02052,55,15,72.71,1072.07,3,month-to-month,fiber,1,cancelled
C02053,18,5,63.36,345.57,1,month-to-month,fiber,1,cancelled
C02054,33,8,73.04,590.38,0,month-to-month,fiber,1,cancelled
C02055,57,13,41.37,490.67,0,one-year,fiber,0,resolved
C02056,81,6,64.01,418.16,1,month-to-month,none,0,no_contact
C02057,53,10,57.96,529.15,1,one-year,dsl,0,no_contact
C02058,81,25,112.3,2845.2,0,month-to-month,satellite,1,cancelled
C02059,20,53,110.88,5898.82,1,month-to-month,dsl,0,resolved
C02060,19,50,108.02,5409.15,2,month-to-month,fiber,0,no_contact
C02061,60,17,54.38,873.69,1,month-to-month,dsl,0,resolved
C02062,51,19,80.15,1564.75,0,,fiber,0,resolved
C02063,43,72,83.27,5986.88,0,two-year,dsl,0,resolved
C02064,45,8,89.24,721.19,0,month-to-month,fiber,1,cancelled
C02065,47,13,84.55,1118.69,1,two-year,dsl,1,cancelled
C02066,42,16,91.49,1504.6,0,month-to-month,none,1,unresolved
C02067,57,21,60.59,,1,one-year,none,0,no_contact
C02068,33,12,84.22,1074.59,0,one-year,fiber,1,cancelled
C02069,44,5,40.84,153.79,0,month-to-month,dsl,0,resolved
C02070,65,25,94.59,,1,month-to-month,dsl,1,cancelled
C02071,30,19,75.06,1446.78,1,month-to-month,none,0,resolved
C02072,74,72,93.65,6705.15,0,two-year,dsl,0,no_contact
C02073,30,36,19.65,702.36,0,one-year,fiber,0,resolved
C02074,69,25,111.61,2854.39,1,month-to-month,dsl,1,escalated
C02075,55,30,46.27,1329.45,1,month-to-month,fiber,0,no_contact
C02076,38,42,108.7,4646.35,2,month-to-month,fiber,0,resolved
C02077,48,15,62.75,877.04,0,one-year,dsl,0,resolved
C02078,64,34,56.7,1950.82,0,month-to-month,dsl,0,resolved
C02079,32,9,78.31,735.51,1,two-year,fiber,1,cancelled
C02080,47,13,56.55,693.82,1,two-year,dsl,0,resolved
C02081,66,7,64.49,461.31,1,month-to-month,fiber,1,cancelled
C02082,42,12,61.38,817.83,0,month-to-month,fiber,0,resolved
C02083,26,3,52.59,272.92,1,month-to-month,dsl,0,resolved
C02084,77,39,116.43,4549.06,3,one-year,fiber,0,resolved
C02085,51,72,118.68,8531.31,1,month-to-month,fiber,0,resolved
C02086,64,20,52.71,1011.02,1,month-to-month,dsl,1,cancelled
C02087,27,15,18.0,237.01,1,one-year,dsl,0,no_contact
C02088,43,12,18.0,122.93,1,two-year,fiber,0,no_contact
C02089,31,34,56.59,1976.58,1,month-to-month,dsl,1,escalated
C02090,52,9,68.83,615.57,1,one-year,dsl,1,escalated
C02091,46,35,106.55,3782.89,0,month-to-month,dsl,1,escalated
C02092,49,22,22.78,506.28,0,month-to-month,dsl,0,no_contact
C02093,57,8,73.17,587.06,3,month-to-month,fiber,1,cancelled
C02094,39,26,59.5,1528.96,1,month-to-month,none,0,resolved
C02095,37,5,33.15,162.75,3,month-to-month,none,1,cancelled
C02096,50,19,54.57,993.56,0,,none,0,resolved
C02097,18,36,41.43,1469.93,1,month-to-month,none,0,no_contact
C02098,50,15,18.0,204.27,0,month-to-month,fiber,0,no_contact
C02099,49,10,54.28,522.06,0,month-to-month,dsl,1,cancelled
C02100,35,43,124.59,5370.49,1,one-year,fiber,0,resolved
C02101,39,30,89.13,2659.6,1,month-to-month,fiber,0,resolved
C02102,77,25,50.25,1283.55,0,two-year,fiber,1,escalated
C02103,66,22,133.4,2990.36,1,two-year,fiber,1,cancelled
C02104,27,72,73.52,5347.37,0,month-to-month,dsl,0,resolved
C02105,53,45,54.38,2376.79,1,month-to-month,fiber,0,no_contact
C02106,18,7,51.37,411.4,4,month-to-month,fiber,1,cancelled
C02107,45,16,91.51,1463.68,2,month-to-month,none,1,cancelled
C02108,62,16,73.71,1149.51,1,two-year,none,0,no_contact
C02109,34,28,84.32,2393.04,0,one-year,satellite,0,resolved
C02110,32,68,41.38,2874.73,0,month-to-month,dsl,0,resolved
C02111,58,6,100.28,636.16,0,month-to-month,dsl,1,unresolved
C02112,29,19,98.27,,1,month-to-month,dsl,1,cancelled
C02113,39,19,84.22,1647.52,0,two-year,dsl,1,cancelled
C02114,48,16,49.04,775.63,2,month-to-month,fiber,0,resolved
C02115,36,26,66.21,1734.87,0,month-to-month,dsl,1,cancelled
C02116,53,32,82.47,2587.47,2,month-to-month,dsl,1,cancelled
C02117,24,19,107.53,2017.82,1,month-to-month,dsl,1,cancelled
C02118,49,34,62.13,2096.31,2,two-year,fiber,1,cancelled
C02119,32,63,101.34,6439.39,0,month-to-month,fiber,0,resolved
C02120,39,31,43.13,1402.77,1,month-to-month,dsl,0,no_contact
C02121,41,36,61.57,2250.78,1,month-to-month,fiber,1,escalated
C02122,61,30,71.2,2165.75,0,month-to-month,fiber,0,resolved
C02123,42,6,61.05,330.12,2,one-year,dsl,0,no_contact
C02124,39,36,78.49,2814.65,0,month-to-month,fiber,0,resolved
C02125,22,33,80.05,2659.98,1,month-to-month,fiber,0,no_contact
C02126,52,7,90.41,622.28,0,month-to-month,fiber,1,cancelled
C02127,43,30,66.32,,2,one-year,fiber,0,no_contact
C02128,52,9,113.1,1031.89,3,month-to-month,dsl,0,no_contact
C02129,20,27,30.19,785.98,1,month-to-month,dsl,0,resolved
C02130,71,28,54.91,1614.84,0,one-year,fiber,0,resolved
C02131,46,23,76.53,1779.39,0,one-year,dsl,0,no_contact
C02132,47,35,79.39,2787.42,0,month-to-month,fiber,0,resolved
C02133,37,17,81.14,1393.1,2,month-to-month,fiber,1,unresolved
C02134,65,23,84.75,1957.83,2,month-to-month,fiber,1,cancelled
C02135,52,10,71.48,,1,month-to-month,fiber,0,no_contact
C02136,40,20,74.46,1477.47,1,month-to-month,fiber,0,resolved
C02137,28,4,53.91,204.62,0,two-year,none,1,cancelled
C02138,30,54,18.0,976.4,1,month-to-month,dsl,0,no_contact
C02139,56,54,59.02,3152.76,1,one-year,dsl,1,cancelled
C02140,35,14,78.63,1089.41,0,month-to-month,dsl,1,cancelled
C02141,70,53,113.96,6079.47,1,month-to-month,fiber,1,cancelled
C02142,69,27,109.41,2928.75,0,one-year,dsl,1,cancelled
C02143,48,8,41.44,425.87,4,month-to-month,satellite,1,cancelled
C02144,39,14,106.48,1547.43,1,one-year,dsl,1,cancelled
C02145,53,39,116.31,4595.92,0,month-to-month,dsl,0,resolved
C02146,35,14,91.77,1289.57,0,two-year,none,1,cancelled
C02147,30,47,61.28,2865.46,3,one-year,fiber,0,no_contact
C02148,46,16,53.34,862.45,1,month-to-month,none,0,escalated
C02149,72,26,72.95,1896.92,2,month-to-month,fiber,1,unresolved
C02150,43,51,99.82,5089.2,2,month-to-month,fiber,1,cancelled
C02151,88,29,87.83,2529.26,0,two-year,dsl,0,escalated
C02152,36,44,111.26,4939.33,0,one-year,fiber,0,resolved
C02153,72,12,75.12,941.74,0,two-year,dsl,1,cancelled
C02154,67,13,79.89,954.29,0,month-to-month,fiber,1,cancelled
C02155,47,4,40.24,216.38,2,month-to-month,fiber,1,cancelled
C02156,60,25,119.35,3021.06,0,month-to-month,none,1,cancelled
C02157,39,16,42.59,695.84,0,,none,1,unresolved
C02158,47,7,37.19,361.61,0,one-year,dsl,1,cancelled
C02159,61,20,129.35,2599.23,0,two-year,dsl,1,cancelled
C02160,35,34,34.88,1275.64,1,two-year,none,0,resolved
C02161,62,18,33.14,580.74,1,month-to-month,none,0,resolved
C02162,29,8,77.5,653.01,1,one-year,fiber,0,resolved
C02163,39,34,92.81,3083.34,0,two-year,none,0,no_contact
C02164,52,27,39.11,1084.98,4,one-year,fiber,0,no_contact
C02165,51,39,18.0,619.25,1,one-year,dsl,0,no_contact
C02166,47,66,,4649.96,0,month-to-month,fiber,1,cancelled
C02167,48,5,69.12,360.41,2,one-year,dsl,1,cancelled
C02168,38,25,77.57,1918.95,1,two-year,dsl,0,resolved
C02169,50,18,61.33,1085.46,1,month-to-month,fiber,0,resolved
C02170,46,5,43.69,166.13,2,month-to-month,fiber,1,escalated
C02171,36,21,73.45,1555.46,2,,none,1,escalated
C02172,60,8,83.7,697.23,1,month-to-month,none,1,cancelled
C02173,53,24,119.31,2913.71,2,month-to-month,none,1,cancelled
C02174,53,72,73.67,5410.59,2,two-year,fiber,0,no_contact
C02175,58,23,102.47,2327.4,1,month-to-month,dsl,1,escalated
C02176,29,17,99.37,1667.75,1,two-year,dsl,1,cancelled
C02177,42,8,140.91,1147.89,0,,dsl,1,unresolved
C02178,18,20,90.78,1854.22,0,month-to-month,fiber,1,cancelled
C02179,71,24,109.27,2624.3,1,month-to-month,fiber,0,resolved
C02180,26,23,,2584.48,1,month-to-month,dsl,1,cancelled
C02181,61,12,64.67,822.41,0,two-year,fiber,0,no_contact
C02182,45,59,98.18,5768.24,0,one-year,dsl,0,resolved
C02183,45,25,131.74,3324.14,0,month-to-month,fiber,1,cancelled
C02184,63,18,52.73,975.91,1,two-year,dsl,0,resolved
C02185,43,30,62.33,1788.44,1,month-to-month,none,0,resolved
C02186,52,22,100.93,2124.19,1,month-to-month,dsl,1,cancelled
C02187,52,64,70.88,4466.62,0,one-year,none,0,resolved
C02188,54,72,133.33,9624.67,2,two-year,dsl,1,cancelled
C02189,68,21,56.24,1225.63,1,month-to-month,fiber,1,cancelled
C02190,47,37,67.38,2489.24,1,one-year,dsl,0,resolved
C02191,36,22,58.15,1241.73,3,month-to-month,dsl,1,escalated
C02192,-1,27,104.88,2844.58,1,two-year,none,1,cancelled
C02193,59,14,102.93,1432.49,0,month-to-month,dsl,1,cancelled
C02194,27,27,80.83,2240.28,1,two-year,fiber,0,no_contact
C02195,59,41,62.7,2552.2,1,month-to-month,fiber,0,resolved
C02196,56,34,88.12,2979.92,0,two-year,fiber,0,resolved
C02197,82,36,58.8,2126.67,1,two-year,fiber,0,resolved
C02198,60,25,18.0,511.24,0,month-to-month,fiber,0,no_contact
C02199,30,16,77.97,1266.71,0,one-year,fiber,0,resolved
C02200,19,11,100.82,1129.97,0,one-year,dsl,1,unresolved
C02201,52,60,69.64,4179.33,1,month-to-month,fiber,0,no_contact
C02202,50,20,93.58,1946.32,1,,fiber,0,resolved
C02203,44,4,53.58,165.65,1,month-to-month,none,1,escalated
C02204,66,20,105.74,2172.3,0,month-to-month,dsl,1,unresolved
C02205,63,17,70.34,1268.17,0,month-to-month,none,0,no_contact
C02206,55,26,100.91,2522.78,2,month-to-month,dsl,1,cancelled
C02207,42,44,62.77,2805.18,0,two-year,dsl,0,no_contact
C02208,43,19,90.43,1745.53,2,one-year,dsl,1,cancelled
C02209,64,21,69.89,,2,month-to-month,fiber,1,cancelled
C02210,45,9,102.73,901.08,0,two-year,dsl,1,cancelled
C02211,37,47,68.05,3174.6,1,month-to-month,dsl,0,no_contact
C02212,40,5,84.83,,3,two-year,none,1,escalated
C02213,59,24,108.57,2551.54,0,month-to-month,dsl,0,no_contact
C02214,67,21,91.36,1898.44,1,,dsl,1,cancelled
C02215,80,43,94.6,4156.53,1,two-year,fiber,1,cancelled
C02216,26,5,31.73,215.83,0,two-year,none,0,no_contact
C02217,55,10,95.65,1041.71,1,two-year,fiber,1,cancelled
C02218,35,1,86.33,26.97,1,month-to-month,dsl,1,unresolved
C02219,64,3,69.79,260.97,1,month-to-month,none,0,resolved
C02220,29,39,100.37,3975.86,1,one-year,fiber,0,resolved
C02221,52,9,18.0,131.22,2,two-year,dsl,1,escalated
C02222,32,48,97.27,4634.82,1,one-year,fiber,0,resolved
C02223,54,28,89.59,2559.02,0,month-to-month,fiber,0,no_contact
C02224,69,51,55.14,2754.45,0,month-to-month,dsl,0,no_contact
C02225,48,11,43.19,379.9,1,month-to-month,none,0,no_contact
C02226,26,57,40.3,2258.87,1,month-to-month,fiber,1,cancelled
C02227,55,13,82.59,1060.45,0,month-to-month,dsl,1,cancelled
C02228,51,20,88.91,1750.15,1,month-to-month,fiber,1,escalated
C02229,63,35,101.62,3617.44,2,month-to-month,none,0,no_contact
C02230,51,2,104.29,276.27,1,month-to-month,dsl,1,unresolved
C02231,48,62,18.0,1103.69,1,month-to-month,fiber,0,no_contact
C02232,60,9,88.79,763.53,2,two-year,dsl,1,cancelled
C02233,47,29,20.03,572.2,0,one-year,dsl,0,resolved
C02234,41,56,59.2,3292.17,3,month-to-month,fiber,0,no_contact
C02235,18,44,66.47,2936.43,1,one-year,none,0,resolved
C02236,25,7,46.08,287.54,0,one-year,fiber,0,resolved
C02237,51,24,18.0,444.33,2,month-to-month,fiber,0,resolved
C02238,60,29,30.87,930.9,1,two-year,dsl,0,no_contact
C02239,33,33,18.0,582.72,0,one-year,dsl,0,no_contact
C02240,35,11,80.45,892.02,1,month-to-month,dsl,1,cancelled
C02241,76,8,50.42,,1,month-to-month,fiber,0,resolved
C02242,60,25,102.22,2520.24,0,month-to-month,fiber,1,escalated
C02243,45,35,23.42,800.51,1,one-year,fiber,0,no_contact
C02244,63,30,71.41,2098.45,2,month-to-month,dsl,1,cancelled
C02245,68,18,109.04,1927.7,0,one-year,dsl,0,resolved
C02246,40,5,47.65,249.98,4,one-year,none,1,escalated
C02247,26,3,113.83,337.68,2,two-year,fiber,1,cancelled
C02248,57,16,72.83,1193.23,1,one-year,fiber,0,resolved
C02249,42,5,106.22,517.24,0,month-to-month,fiber,0,resolved
C02250,87,25,70.53,1729.5,0,month-to-month,fiber,0,resolved
C02251,80,13,35.95,489.97,1,month-to-month,none,1,cancelled
C02252,63,23,78.89,1826.59,1,month-to-month,fiber,0,no_contact
C02253,35,17,118.87,1998.1,5,one-year,dsl,1,escalated
C02254,42,12,32.17,320.21,0,month-to-month,none,1,escalated
C02255,44,18,27.22,473.78,3,one-year,fiber,1,cancelled
C02256,43,35,88.68,3071.12,0,two-year,fiber,0,no_contact
C02257,55,40,70.29,2840.84,0,two-year,fiber,0,resolved
C02258,58,12,86.26,1027.04,2,two-year,fiber,0,resolved
C02259,62,30,,2788.08,2,two-year,none,1,unresolved
C02260,42,9,123.19,1046.31,1,one-year,fiber,1,cancelled
C02261,39,62,82.02,5187.64,0,month-to-month,fiber,0,resolved
C02262,34,32,82.65,2668.3,3,two-year,fiber,0,resolved
C02263,32,9,18.0,155.19,2,one-year,none,1,unresolved
C02264,37,6,95.03,,2,month-to-month,fiber,1,cancelled
C02265,18,14,39.3,556.85,1,two-year,fiber,0,no_contact
C02266,45,51,67.95,3466.9,0,two-year,dsl,0,no_contact
C02267,38,37,81.59,3042.83,3,one-year,fiber,1,cancelled
C02268,42,33,80.29,2672.34,2,one-year,fiber,0,no_contact
C02269,67,27,72.26,1972.72,1,two-year,dsl,0,resolved
C02270,71,23,88.31,2041.09,1,month-to-month,dsl,1,cancelled
C02271,46,48,64.41,3082.73,0,one-year,fiber,0,resolved
C02272,56,25,50.63,1299.11,1,month-to-month,dsl,1,cancelled
C02273,46,29,70.96,,1,month-to-month,dsl,0,resolved
C02274,48,21,70.21,1440.38,0,one-year,dsl,0,no_contact
C02275,32,48,46.64,2305.76,0,one-year,dsl,0,no_contact
C02276,40,21,65.04,1382.36,2,two-year,fiber,1,cancelled
C02277,35,61,75.02,4633.53,0,month-to-month,none,0,no_contact
C02278,27,27,69.84,1926.74,1,two-year,dsl,0,no_contact
C02279,41,5,18.0,,1,two-year,fiber,0,resolved
C02280,48,25,20.87,530.21,1,two-year,fiber,0,resolved
C02281,51,25,104.08,2666.63,2,one-year,none,0,no_contact
C02282,70,26,57.48,1477.07,0,month-to-month,none,0,no_contact
C02283,30,27,55.54,1549.87,2,two-year,fiber,0,resolved
C02284,42,14,54.55,,3,one-year,dsl,0,resolved
C02285,27,44,45.78,2032.03,1,month-to-month,dsl,0,no_contact
C02286,21,36,92.31,3280.99,1,two-year,dsl,1,cancelled
C02287,39,45,82.74,3804.42,0,month-to-month,fiber,0,resolved
C02288,40,25,55.5,1473.88,2,month-to-month,none,1,cancelled
C02289,79,26,60.21,1559.64,1,,dsl,0,resolved
C02290,44,33,69.65,2291.64,0,month-to-month,fiber,1,escalated
C02291,46,29,69.16,2076.64,1,two-year,dsl,1,escalated
C02292,75,19,84.11,1565.51,1,month-to-month,none,0,no_contact
C02293,42,10,41.88,437.99,2,month-to-month,dsl,1,escalated
C02294,46,18,62.88,1193.32,1,one-year,dsl,0,no_contact
C02295,47,32,38.4,1193.35,0,one-year,fiber,0,no_contact
C02296,29,11,88.1,1002.6,1,month-to-month,dsl,1,cancelled
C02297,18,27,71.89,1981.41,0,one-year,fiber,0,resolved
C02298,36,47,55.79,2620.43,1,month-to-month,dsl,0,resolved
C02299,40,11,111.13,1161.4,2,two-year,none,0,no_contact
C02300,25,50,86.36,4374.24,2,month-to-month,dsl,0,no_contact
C02301,36,58,77.66,4483.46,0,month-to-month,fiber,0,resolved
C02302,74,17,54.06,995.95,0,two-year,fiber,0,resolved
C02303,70,26,107.19,2748.92,1,month-to-month,dsl,1,unresolved
C02304,61,51,67.5,3386.27,1,one-year,dsl,0,resolved
C02305,32,50,92.04,4532.17,1,two-year,fiber,0,no_contact
C02306,72,54,66.82,3602.77,0,month-to-month,fiber,0,no_contact
C02307,57,25,39.34,959.89,1,one-year,fiber,1,escalated
C02308,47,35,88.84,3157.89,1,month-to-month,none,0,no_contact
C02309,33,21,67.84,1430.89,0,one-year,none,1,escalated
C02310,30,62,91.84,5619.9,3,two-year,fiber,0,no_contact
C02311,39,28,80.47,2207.25,1,month-to-month,dsl,0,escalated
C02312,59,5,104.74,495.25,1,one-year,fiber,1,cancelled
C02313,45,1,77.69,111.82,1,month-to-month,dsl,1,escalated
C02314,48,38,77.75,2955.71,0,month-to-month,dsl,0,no_contact
C02315,36,29,65.17,1863.56,1,month-to-month,none,1,cancelled
C02316,57,32,115.05,3743.65,1,month-to-month,fiber,1,unresolved
C02317,48,10,82.34,796.75,0,two-year,fiber,1,cancelled
C02318,58,24,91.16,2217.18,0,two-year,fiber,0,no_contact
C02319,54,18,97.3,1740.23,0,one-year,dsl,0,no_contact
C02320,28,14,80.7,1087.7,3,month-to-month,fiber,0,no_contact
C02321,43,72,38.99,2882.9,0,two-year,fiber,0,resolved
C02322,26,38,76.77,2911.51,1,one-year,fiber,0,no_contact
C02323,88,8,,510.21,2,one-year,dsl,1,cancelled
C02324,57,17,90.19,1514.45,0,month-to-month,fiber,1,cancelled
C02325,28,10,100.97,1082.5,0,month-to-month,dsl,1,escalated
C02326,24,51,85.9,4437.48,1,one-year,satellite,1,cancelled
C02327,44,23,71.21,1658.58,0,month-to-month,fiber,0,resolved
C02328,65,4,18.0,83.66,3,one-year,fiber,0,resolved
C02329,43,24,83.14,1927.91,0,two-year,fiber,1,unresolved
C02330,58,33,42.7,1510.43,0,one-year,dsl,0,resolved
C02331,49,9,65.39,612.39,1,one-year,fiber,0,resolved
C02332,36,24,96.65,2389.14,2,one-year,dsl,1,unresolved
C02333,53,17,65.04,,0,two-year,fiber,1,cancelled
C02334,56,12,98.46,1199.63,0,month-to-month,fiber,1,cancelled
C02335,54,8,50.97,428.49,0,month-to-month,fiber,0,resolved
C02336,60,23,,1848.44,0,month-to-month,fiber,0,escalated
C02337,59,17,72.97,1261.6,3,one-year,fiber,1,cancelled
C02338,30,46,114.6,5253.38,0,month-to-month,dsl,1,cancelled
C02339,35,7,70.11,465.25,0,month-to-month,fiber,1,escalated
C02340,51,21,67.03,1466.53,1,,fiber,0,resolved
C02341,54,35,24.46,806.02,2,one-year,dsl,0,no_contact
C02342,57,37,63.6,2395.61,1,month-to-month,dsl,0,resolved
C02343,28,33,69.89,2320.06,0,month-to-month,fiber,0,escalated
C02344,49,32,70.61,2228.4,2,one-year,dsl,0,no_contact
C02345,24,8,74.59,560.38,1,month-to-month,fiber,1,unresolved
C02346,51,5,86.6,485.84,2,month-to-month,dsl,1,escalated
C02347,55,21,101.08,2177.17,1,,dsl,0,no_contact
C02348,57,21,66.51,1376.32,0,month-to-month,fiber,0,no_contact
C02349,42,12,108.37,1294.97,0,one-year,fiber,1,cancelled
C02350,68,24,21.35,593.51,2,one-year,fiber,0,resolved
C02351,35,13,82.98,1099.39,0,one-year,dsl,0,resolved
C02352,66,19,65.9,1288.41,0,month-to-month,fiber,1,cancelled
C02353,36,70,71.8,5044.67,0,one-year,fiber,0,resolved
C02354,76,15,26.45,333.34,2,month-to-month,fiber,1,cancelled
C02355,52,12,47.44,572.25,1,two-year,fiber,0,resolved
C02356,34,56,70.14,4008.76,1,one-year,fiber,0,resolved
C02357,39,33,42.48,1398.88,0,one-year,fiber,0,no_contact
C02358,33,29,58.95,1674.11,1,one-year,dsl,0,resolved
C02359,22,24,38.43,922.23,1,month-to-month,fiber,0,no_contact
C02360,46,68,34.22,2298.43,1,one-year,none,0,no_contact
C02361,56,12,53.23,,0,month-to-month,fiber,1,cancelled
C02362,36,14,46.32,672.59,1,month-to-month,fiber,1,cancelled
C02363,27,6,65.68,357.11,1,month-to-month,fiber,1,unresolved
C02364,54,29,49.38,1396.06,0,month-to-month,dsl,0,resolved
C02365,29,33,70.82,2342.49,2,one-year,none,0,no_contact
C02366,78,26,57.83,1551.34,0,month-to-month,fiber,0,no_contact
C02367,72,51,93.13,4713.99,1,one-year,none,0,resolved
C02368,31,12,47.68,632.2,1,one-year,fiber,1,cancelled
C02369,51,9,112.04,,0,month-to-month,dsl,0,no_contact
C02370,44,3,68.53,141.43,0,one-year,dsl,0,no_contact
C02371,43,39,28.6,1129.35,4,one-year,fiber,0,resolved
C02372,28,18,139.61,2510.73,0,month-to-month,dsl,0,resolved
C02373,60,18,80.21,1400.49,0,month-to-month,satellite,0,no_contact
C02374,33,4,47.68,,0,month-to-month,dsl,1,escalated
C02375,38,10,113.2,1153.81,1,month-to-month,satellite,1,escalated
C02376,18,25,37.62,1026.06,3,one-year,dsl,0,resolved
C02377,77,18,84.26,1501.53,0,month-to-month,fiber,1,escalated
C02378,50,21,56.3,1261.9,1,one-year,fiber,0,no_contact
C02379,38,13,,1347.12,0,one-year,satellite,1,cancelled
C02380,44,13,68.5,,1,month-to-month,dsl,0,resolved
C02381,52,13,64.1,813.71,0,month-to-month,fiber,0,no_contact
C02382,73,14,21.66,302.59,1,month-to-month,none,0,escalated
C02383,18,8,68.6,550.67,0,one-year,none,0,no_contact
C02384,45,27,65.09,1770.8,0,month-to-month,dsl,0,resolved
C02385,50,25,52.08,1318.13,0,month-to-month,fiber,0,resolved
C02386,65,23,90.54,1988.0,1,month-to-month,fiber,1,cancelled
C02387,43,31,66.95,2047.92,0,one-year,dsl,0,resolved
C02388,51,18,62.85,1221.7,2,month-to-month,dsl,0,no_contact
C02389,63,16,76.84,,1,one-year,satellite,0,resolved
C02390,49,29,27.48,803.06,0,one-year,fiber,0,resolved
C02391,59,1,68.14,77.18,1,month-to-month,dsl,1,cancelled
C02392,82,12,83.52,988.91,3,month-to-month,dsl,1,unresolved
C02393,59,5,111.58,,0,month-to-month,fiber,1,unresolved
C02394,45,24,83.5,2025.18,0,one-year,dsl,0,resolved
C02395,18,16,94.27,1462.17,1,month-to-month,fiber,1,escalated
C02396,59,5,105.47,428.49,0,month-to-month,none,1,cancelled
C02397,58,52,121.62,6348.2,2,two-year,fiber,0,resolved
C02398,62,20,77.6,1520.07,0,one-year,dsl,1,cancelled
C02399,50,72,105.01,7556.73,1,month-to-month,none,0,resolved
C02400,48,32,40.59,1354.58,2,one-year,fiber,0,resolved
C02401,27,47,18.0,830.8,2,month-to-month,fiber,0,resolved
C02402,31,20,132.58,2726.35,1,one-year,dsl,1,escalated
C02403,37,12,93.23,1113.65,0,one-year,fiber,1,escalated
C02404,37,38,92.92,3453.86,0,two-year,none,0,no_contact
C02405,43,32,60.33,1871.36,1,one-year,fiber,1,cancelled
C02406,68,72,88.46,6248.16,0,one-year,fiber,0,resolved
C02407,57,20,59.45,,0,month-to-month,fiber,0,no_contact
C02408,27,39,92.06,3574.4,1,two-year,fiber,1,cancelled
C02409,82,29,80.93,2384.78,3,two-year,dsl,1,cancelled
C02410,20,19,,811.03,0,month-to-month,none,0,resolved
C02411,28,32,83.56,2684.41,4,,fiber,1,cancelled
C02412,21,9,28.99,305.48,4,month-to-month,fiber,1,cancelled
C02413,31,5,50.43,176.16,1,month-to-month,fiber,1,cancelled
C02414,42,17,64.64,980.68,1,month-to-month,fiber,0,no_contact
C02415,62,13,93.61,,1,month-to-month,dsl,1,unresolved
C02416,35,26,73.31,1850.14,1,one-year,none,1,cancelled
C02417,68,4,119.35,430.41,0,month-to-month,dsl,1,unresolved
C02418,71,72,65.33,4748.94,0,month-to-month,fiber,0,resolved
C02419,44,12,61.02,,1,two-year,dsl,0,no_contact
C02420,67,16,98.47,1457.27,0,one-year,none,0,no_contact
C02421,50,12,123.73,1421.85,0,two-year,dsl,0,no_contact
C02422,36,25,54.13,1338.24,2,one-year,dsl,1,cancelled
C02423,46,16,53.51,901.13,2,month-to-month,fiber,1,cancelled
C02424,58,57,60.8,3526.47,1,month-to-month,dsl,0,no_contact
C02425,56,21,92.45,1870.21,1,two-year,fiber,0,no_contact
C02426,42,36,33.25,1195.26,1,one-year,fiber,0,resolved
C02427,58,18,59.53,1054.91,1,month-to-month,dsl,1,cancelled
C02428,35,29,81.61,2383.1,1,month-to-month,fiber,0,escalated
C02429,54,22,48.13,1053.75,4,month-to-month,dsl,0,resolved
C02430,62,0,57.74,-27.39,1,one-year,fiber,1,cancelled
C02431,39,18,115.5,2089.43,1,month-to-month,fiber,1,unresolved
C02432,44,17,77.07,1322.98,1,two-year,none,1,cancelled
C02433,35,27,46.16,1247.22,0,two-year,fiber,0,resolved
C02434,30,15,71.65,1036.56,0,month-to-month,fiber,0,resolved
C02435,43,46,61.06,2800.03,1,month-to-month,dsl,0,resolved
C02436,18,13,18.0,244.96,1,month-to-month,none,0,no_contact
C02437,53,14,69.65,,0,month-to-month,dsl,0,resolved
C02438,32,10,88.29,887.52,1,month-to-month,none,1,cancelled
C02439,51,15,84.63,1156.01,1,one-year,fiber,0,escalated
C02440,40,50,,4981.88,1,month-to-month,none,1,cancelled
C02441,32,35,92.46,3205.15,1,one-year,dsl,0,resolved
C02442,49,18,53.32,910.56,2,two-year,fiber,0,resolved
C02443,67,23,64.34,1479.46,2,two-year,fiber,0,resolved
C02444,28,63,81.13,5014.73,0,month-to-month,none,0,no_contact
C02445,74,54,77.88,4268.69,1,two-year,fiber,0,resolved
C02446,60,21,86.6,1816.58,0,two-year,fiber,0,resolved
C02447,42,43,110.51,,1,one-year,fiber,0,no_contact
C02448,29,29,72.23,2053.68,1,one-year,dsl,0,escalated
C02449,47,11,32.1,380.08,0,month-to-month,dsl,0,no_contact
C02450,39,7,49.41,361.53,0,two-year,fiber,1,cancelled
C02451,45,6,75.2,458.61,1,month-to-month,dsl,0,resolved
C02452,24,33,51.33,1648.77,0,one-year,dsl,0,resolved
C02453,79,21,74.57,1515.8,1,month-to-month,fiber,1,escalated
C02454,70,4,68.17,,2,two-year,dsl,0,no_contact
C02455,55,6,62.34,358.4,1,two-year,dsl,0,resolved
C02456,46,1,85.9,139.08,2,month-to-month,dsl,0,resolved
C02457,48,6,82.03,485.14,0,month-to-month,fiber,1,cancelled
C02458,34,37,76.65,2906.43,3,month-to-month,fiber,1,cancelled
C02459,50,4,50.32,237.26,1,month-to-month,dsl,1,cancelled
C02460,25,18,44.64,760.71,0,month-to-month,fiber,1,unresolved
C02461,61,11,33.9,432.36,0,month-to-month,none,1,cancelled
C02462,44,4,92.99,398.61,0,two-year,dsl,0,resolved
C02463,18,9,158.61,,3,month-to-month,fiber,1,cancelled
C02464,55,10,71.08,702.69,3,month-to-month,fiber,1,escalated
C02465,36,2,18.0,89.45,1,month-to-month,dsl,1,unresolved
C02466,45,25,80.16,2042.76,0,month-to-month,fiber,1,cancelled
C02467,42,14,99.6,1386.65,1,month-to-month,fiber,0,resolved
C02468,45,13,80.64,1041.73,2,one-year,none,1,cancelled
C02469,19,37,,3255.71,0,month-to-month,none,0,no_contact
C02470,55,7,49.59,384.73,1,one-year,fiber,0,escalated
C02471,33,44,40.61,1792.97,0,month-to-month,fiber,0,no_contact
C02472,86,27,62.14,1746.06,2,month-to-month,fiber,1,unresolved
C02473,70,6,82.05,409.31,2,,dsl,1,cancelled
C02474,58,21,82.45,1678.36,0,month-to-month,fiber,1,cancelled
C02475,50,72,103.07,7378.69,2,month-to-month,fiber,0,no_contact
C02476,47,60,73.69,4434.66,1,month-to-month,dsl,1,unresolved
C02477,70,6,70.53,496.22,2,one-year,fiber,1,cancelled
C02478,75,16,78.35,1242.06,1,month-to-month,fiber,1,cancelled
C02479,44,20,18.0,431.85,0,one-year,fiber,0,escalated
C02480,48,34,84.54,2871.92,0,one-year,fiber,1,cancelled
C02481,37,40,76.73,3064.28,1,month-to-month,fiber,0,no_contact
C02482,43,13,75.17,926.18,2,month-to-month,dsl,1,cancelled
C02483,88,5,,402.22,1,two-year,fiber,1,escalated
C02484,31,12,64.32,759.79,1,month-to-month,fiber,0,no_contact
C02485,62,53,57.89,3079.68,0,month-to-month,dsl,0,no_contact
C02486,26,11,40.08,255.51,0,one-year,satellite,0,resolved
C02487,53,4,41.42,139.32,1,one-year,none,0,resolved
C02488,46,52,43.41,2272.71,0,one-year,none,0,no_contact
C02489,48,14,48.24,687.3,1,month-to-month,fiber,0,no_contact
C02490,38,11,82.08,889.73,0,month-to-month,fiber,1,escalated
C02491,39,8,117.05,905.97,0,one-year,dsl,0,no_contact
C02492,38,49,111.63,5475.29,2,month-to-month,dsl,0,resolved
C02493,47,8,64.85,583.02,0,month-to-month,dsl,1,cancelled
C02494,48,40,,3552.96,0,month-to-month,dsl,0,no_contact
C02495,56,14,25.09,368.08,2,one-year,fiber,0,escalated
C02496,43,20,83.11,1611.31,0,month-to-month,fiber,0,no_contact
C02497,23,34,115.23,3957.11,2,month-to-month,dsl,1,cancelled
C02498,43,32,49.57,1587.19,0,one-year,dsl,0,resolved
C02499,44,12,77.99,921.25,1,one-year,fiber,1,cancelled
C02500,28,16,78.8,1274.84,1,one-year,dsl,1,escalated
C02501,52,24,83.32,2023.89,1,month-to-month,dsl,1,cancelled
C02502,42,29,65.84,1948.41,3,month-to-month,fiber,1,cancelled
C02503,47,60,101.69,6123.05,0,month-to-month,fiber,0,no_contact
C02504,42,18,22.3,425.61,0,two-year,fiber,0,no_contact
C02505,33,17,98.01,1644.12,0,month-to-month,dsl,1,escalated
C02506,63,27,79.0,2166.3,1,one-year,none,0,resolved
C02507,84,29,69.96,2012.39,2,,none,0,resolved
C02508,64,10,59.13,570.4,2,month-to-month,dsl,0,no_contact
C02509,22,7,45.36,353.45,1,two-year,dsl,0,resolved
C02510,29,29,35.89,953.27,2,two-year,dsl,0,escalated
C02511,21,22,71.91,1617.57,1,month-to-month,fiber,0,no_contact
C02512,38,30,,,1,month-to-month,dsl,0,resolved
C02513,30,8,77.75,590.27,0,one-year,dsl,1,cancelled
C02514,53,39,38.91,1573.21,1,month-to-month,dsl,0,resolved
C02515,25,23,34.64,767.03,2,one-year,fiber,0,resolved
C02516,51,6,97.17,648.59,1,month-to-month,dsl,1,escalated
C02517,48,19,29.27,486.86,1,month-to-month,dsl,0,resolved
C02518,49,19,50.48,955.44,0,two-year,dsl,0,no_contact
C02519,51,13,127.59,,0,one-year,none,0,no_contact
C02520,54,5,31.57,,0,one-year,fiber,0,no_contact
C02521,58,45,77.58,3499.52,2,month-to-month,dsl,1,cancelled
C02522,56,50,97.49,4785.57,0,month-to-month,dsl,0,resolved
C02523,42,21,37.12,832.76,2,month-to-month,fiber,0,resolved
C02524,39,18,79.07,1464.47,1,one-year,dsl,1,cancelled
C02525,46,45,68.7,3040.64,2,month-to-month,fiber,0,resolved
C02526,59,17,32.11,547.51,2,one-year,fiber,1,cancelled
C02527,56,7,37.59,273.6,0,month-to-month,dsl,1,unresolved
C02528,42,16,59.48,1000.34,1,one-year,dsl,0,no_contact
C02529,52,15,45.69,655.72,0,month-to-month,fiber,0,resolved
C02530,26,70,99.1,6844.54,1,month-to-month,none,0,resolved
C02531,45,14,58.82,834.24,3,one-year,fiber,1,cancelled
C02532,38,32,41.15,1303.84,2,two-year,fiber,0,no_contact
C02533,18,32,67.35,2107.33,2,one-year,fiber,1,cancelled
C02534,29,7,82.49,,0,one-year,fiber,0,no_contact
C02535,34,9,47.2,,4,month-to-month,dsl,1,escalated
C02536,54,16,104.76,1727.38,1,month-to-month,dsl,0,resolved
C02537,67,23,45.47,985.0,1,month-to-month,fiber,0,no_contact
C02538,67,72,113.31,8119.42,0,two-year,dsl,0,resolved
C02539,37,33,,2178.34,0,month-to-month,fiber,0,no_contact
C02540,28,7,47.09,213.37,0,two-year,fiber,1,unresolved
C02541,56,12,60.15,766.36,1,month-to-month,fiber,1,cancelled
C02542,56,1,107.89,,0,one-year,dsl,1,escalated
C02543,48,6,65.02,,1,month-to-month,fiber,1,cancelled
C02544,22,4,106.28,400.7,1,month-to-month,dsl,1,cancelled
C02545,51,17,79.37,1351.31,1,two-year,none,1,cancelled
C02546,50,44,88.89,3866.15,1,month-to-month,none,1,cancelled
C02547,24,10,25.83,207.4,0,one-year,fiber,0,no_contact
C02548,69,4,93.3,366.45,1,month-to-month,dsl,1,escalated
C02549,47,6,93.62,604.79,2,one-year,fiber,0,resolved
C02550,22,11,75.42,800.35,2,two-year,fiber,1,escalated
C02551,62,15,71.68,1107.34,1,month-to-month,none,0,resolved
C02552,36,5,57.48,359.98,0,month-to-month,fiber,0,no_contact
C02553,57,21,69.05,1517.65,0,one-year,dsl,1,escalated
C02554,42,11,52.89,561.17,2,month-to-month,none,1,cancelled
C02555,58,26,,1581.95,0,two-year,dsl,0,resolved
C02556,63,7,85.88,677.94,1,month-to-month,fiber,1,cancelled
C02557,29,10,70.29,713.86,2,one-year,dsl,1,cancelled
C02558,32,19,61.26,1119.84,1,one-year,fiber,0,resolved
C02559,28,21,84.79,1777.03,3,month-to-month,dsl,1,cancelled
C02560,51,9,90.59,898.6,2,month-to-month,fiber,0,no_contact
C02561,54,18,71.75,1386.66,0,one-year,fiber,1,cancelled
C02562,43,12,57.19,677.4,2,two-year,fiber,1,cancelled
C02563,18,24,45.83,1189.08,1,month-to-month,satellite,0,resolved
C02564,46,26,96.17,2519.46,0,month-to-month,satellite,0,resolved
C02565,68,14,26.33,407.46,1,month-to-month,dsl,1,cancelled
C02566,46,15,98.23,,4,two-year,dsl,1,escalated
C02567,52,72,63.2,4576.68,1,month-to-month,dsl,0,no_contact
C02568,33,5,77.92,499.27,1,month-to-month,none,1,cancelled
C02569,40,38,97.01,3750.16,0,month-to-month,fiber,1,unresolved
C02570,42,21,69.19,,0,one-year,dsl,0,resolved
C02571,29,18,75.93,1381.31,1,month-to-month,fiber,1,escalated
C02572,18,18,54.59,928.36,1,month-to-month,fiber,1,cancelled
C02573,60,4,74.09,344.07,2,month-to-month,fiber,1,cancelled
C02574,42,38,106.77,4025.26,0,month-to-month,dsl,0,no_contact
C02575,52,8,100.86,800.57,3,two-year,fiber,1,cancelled
C02576,36,31,45.09,,1,one-year,dsl,1,escalated
C02577,45,66,87.86,5880.5,1,month-to-month,fiber,0,resolved
C02578,51,20,18.0,301.41,0,one-year,dsl,0,no_contact
C02579,36,28,101.75,2863.65,1,two-year,fiber,0,no_contact
C02580,44,17,36.99,642.57,0,month-to-month,fiber,0,no_contact
C02581,41,27,71.94,2019.79,2,month-to-month,dsl,1,cancelled
C02582,45,3,,,1,two-year,fiber,1,cancelled
C02583,34,41,59.85,2423.15,1,two-year,dsl,0,no_contact
C02584,68,20,107.83,2198.4,0,month-to-month,dsl,1,cancelled
C02585,28,7,62.78,461.4,5,month-to-month,dsl,1,cancelled
C02586,51,14,,882.82,1,month-to-month,fiber,1,cancelled
C02587,33,8,116.33,980.16,1,month-to-month,dsl,1,escalated
C02588,35,17,51.76,883.3,3,month-to-month,none,1,cancelled
C02589,39,5,64.25,,1,month-to-month,dsl,1,cancelled
C02590,38,12,103.11,1280.31,0,month-to-month,dsl,1,escalated
C02591,27,43,97.95,4181.96,1,two-year,dsl,0,resolved
C02592,23,38,63.11,2401.98,0,one-year,dsl,0,resolved
C02593,36,15,65.5,927.94,2,month-to-month,fiber,1,cancelled
C02594,32,19,62.33,1116.91,0,two-year,dsl,1,escalated
C02595,67,8,109.68,901.04,0,month-to-month,none,1,escalated
C02596,49,33,42.69,1363.06,2,two-year,fiber,0,no_contact
C02597,42,22,32.16,788.16,0,month-to-month,none,1,unresolved
C02598,52,8,9999.0,675.31,1,one-year,dsl,1,cancelled
C02599,57,42,102.07,4262.98,3,month-to-month,fiber,1,cancelled
C02600,32,17,84.04,1608.43,2,two-year,satellite,0,resolved
C02601,28,21,57.45,1132.59,1,one-year,fiber,0,resolved
C02602,51,31,115.63,3568.69,2,month-to-month,fiber,1,escalated
C02603,42,31,82.14,2548.18,2,month-to-month,fiber,1,cancelled
C02604,18,8,91.18,,0,month-to-month,dsl,1,unresolved
C02605,62,6,88.13,487.03,2,month-to-month,dsl,0,resolved
C02606,26,16,72.97,1208.94,2,one-year,dsl,0,no_contact
C02607,54,30,36.47,1139.08,1,month-to-month,dsl,0,resolved
C02608,37,5,91.82,461.22,1,month-to-month,fiber,1,cancelled
C02609,58,54,72.13,3915.78,2,one-year,dsl,0,resolved
C02610,43,39,95.82,3721.31,0,month-to-month,none,1,escalated
C02611,51,16,48.36,792.72,1,one-year,fiber,0,resolved
C02612,59,8,92.97,717.04,1,month-to-month,none,1,cancelled
C02613,62,5,73.49,,4,month-to-month,dsl,1,escalated
C02614,35,72,68.23,4928.26,2,month-to-month,dsl,0,no_contact
C02615,50,60,56.96,3364.84,1,two-year,dsl,0,no_contact
C02616,50,27,88.56,2412.47,1,month-to-month,fiber,0,no_contact
C02617,54,8,36.74,386.88,1,month-to-month,fiber,0,resolved
C02618,61,6,39.61,260.54,0,two-year,fiber,0,resolved
C02619,50,47,82.26,3866.51,0,one-year,dsl,0,no_contact
C02620,34,21,33.89,635.21,1,month-to-month,fiber,0,no_contact
C02621,50,19,39.09,764.2,0,one-year,none,0,no_contact
C02622,43,27,61.12,1636.81,2,month-to-month,dsl,1,cancelled
C02623,52,40,52.93,2134.57,1,two-year,dsl,0,no_contact
C02624,50,67,73.56,4966.63,1,month-to-month,dsl,0,no_contact
C02625,56,13,57.41,743.73,3,month-to-month,none,0,resolved
C02626,39,32,74.08,2379.37,0,month-to-month,dsl,1,cancelled
C02627,67,53,,2057.48,1,two-year,dsl,0,no_contact
C02628,54,16,,961.94,2,month-to-month,fiber,1,cancelled
C02629,48,11,87.61,884.55,1,month-to-month,fiber,1,cancelled
C02630,37,14,90.52,1239.3,0,two-year,dsl,1,cancelled
C02631,60,17,92.83,1526.91,2,month-to-month,satellite,0,resolved
C02632,18,46,64.97,2998.47,1,one-year,fiber,0,no_contact
C02633,53,25,83.71,2076.14,2,month-to-month,dsl,1,cancelled
C02634,31,20,85.34,1729.18,1,month-to-month,dsl,0,resolved
C02635,43,3,71.22,227.55,0,two-year,fiber,0,no_contact
C02636,51,45,54.68,2521.28,1,one-year,none,0,no_contact
C02637,50,12,58.88,693.06,2,two-year,none,0,resolved
C02638,76,30,98.19,2909.41,0,one-year,satellite,0,no_contact
C02639,50,38,81.27,3122.56,1,month-to-month,fiber,1,escalated
C02640,50,7,,499.38,1,month-to-month,fiber,1,unresolved
C02641,36,17,113.98,1842.23,2,one-year,dsl,0,no_contact
C02642,26,42,51.43,2111.92,2,month-to-month,satellite,0,no_contact
C02643,46,16,101.26,1583.23,1,month-to-month,dsl,1,cancelled
C02644,30,9,118.39,1090.41,0,one-year,dsl,1,cancelled
C02645,27,68,63.38,4280.29,1,month-to-month,fiber,0,resolved
C02646,88,21,87.55,1843.71,0,month-to-month,fiber,0,no_contact
C02647,58,25,23.73,602.99,2,two-year,fiber,0,resolved
C02648,55,33,,2574.41,0,one-year,dsl,0,resolved
C02649,57,16,91.58,1504.18,0,one-year,fiber,0,no_contact
C02650,51,23,64.94,1563.28,0,month-to-month,none,1,cancelled
C02651,18,10,134.43,1333.21,0,month-to-month,fiber,1,cancelled
C02652,24,24,59.07,1341.25,1,month-to-month,fiber,0,no_contact
C02653,57,5,28.54,100.58,2,month-to-month,dsl,0,no_contact
C02654,34,46,81.65,3707.53,0,month-to-month,fiber,1,cancelled
C02655,62,34,52.75,1799.98,2,two-year,fiber,0,resolved
C02656,47,10,111.99,,0,month-to-month,fiber,1,cancelled
C02657,53,35,82.85,2925.97,1,one-year,fiber,0,no_contact
C02658,55,34,121.34,4166.84,0,month-to-month,dsl,1,cancelled
C02659,45,23,98.64,2278.69,1,one-year,fiber,0,resolved
C02660,66,10,50.45,,1,month-to-month,dsl,1,cancelled
C02661,43,29,30.86,904.6,1,month-to-month,fiber,1,escalated
C02662,67,45,93.68,4212.17,0,one-year,fiber,0,no_contact
C02663,28,4,18.0,52.44,2,month-to-month,none,1,cancelled
C02664,46,11,45.41,492.55,2,two-year,none,1,escalated
C02665,51,1,,72.64,2,month-to-month,fiber,1,cancelled
C02666,52,7,30.64,155.14,4,month-to-month,dsl,0,escalated
C02667,52,17,112.97,1898.19,0,two-year,dsl,1,cancelled
C02668,50,37,75.77,2838.26,1,month-to-month,fiber,1,unresolved
C02669,46,20,78.3,1509.9,0,month-to-month,fiber,0,no_contact
C02670,55,9,64.53,579.6,0,month-to-month,fiber,1,cancelled
C02671,45,17,73.52,1247.51,0,month-to-month,fiber,0,resolved
C02672,30,48,41.99,2032.12,0,month-to-month,fiber,0,resolved
C02673,39,20,53.1,1104.05,1,,fiber,0,resolved
C02674,27,39,99.4,3894.0,0,month-to-month,dsl,1,unresolved
C02675,43,18,74.13,1275.12,1,two-year,none,1,cancelled
C02676,25,21,64.43,1380.98,1,month-to-month,dsl,0,resolved
C02677,49,20,98.98,1915.83,0,month-to-month,dsl,1,cancelled
C02678,39,17,75.34,1264.37,2,two-year,dsl,1,cancelled
C02679,79,40,35.03,1382.5,0,two-year,dsl,1,unresolved
C02680,61,8,61.48,488.37,0,one-year,dsl,0,no_contact
C02681,51,30,82.2,2513.0,2,two-year,fiber,0,resolved
C02682,40,6,67.35,,4,month-to-month,fiber,1,unresolved
C02683,52,43,93.34,4047.89,1,two-year,dsl,1,cancelled
C02684,32,14,68.64,964.98,1,two-year,none,1,escalated
C02685,50,36,59.51,2071.95,3,one-year,none,0,resolved
C02686,61,28,124.19,3454.03,1,one-year,dsl,1,cancelled
C02687,42,33,78.35,2589.25,0,month-to-month,dsl,0,no_contact
C02688,27,33,64.88,2096.8,2,month-to-month,satellite,1,cancelled
C02689,39,11,65.44,790.22,0,one-year,dsl,1,cancelled
C02690,42,14,88.8,1277.98,1,month-to-month,fiber,1,escalated
C02691,57,23,81.47,1875.24,0,month-to-month,dsl,1,cancelled
C02692,50,50,61.03,3069.38,1,month-to-month,fiber,0,no_contact
C02693,62,21,59.72,1214.69,1,month-to-month,dsl,1,cancelled
C02694,18,24,90.68,2119.21,1,month-to-month,fiber,0,no_contact
C02695,76,61,64.88,3922.21,0,month-to-month,dsl,1,escalated
C02696,39,24,28.86,603.88,1,one-year,dsl,1,cancelled
C02697,25,19,47.48,920.04,0,month-to-month,dsl,1,cancelled
C02698,21,20,85.52,1655.99,0,one-year,fiber,1,cancelled
C02699,66,13,76.81,1037.69,0,month-to-month,satellite,1,cancelled
C02700,60,11,87.66,1051.88,0,month-to-month,dsl,0,resolved
C02701,29,29,77.67,2199.99,1,one-year,none,1,cancelled
C02702,59,25,46.51,1217.27,1,two-year,dsl,0,resolved
C02703,66,13,60.81,795.54,0,month-to-month,dsl,0,resolved
C02704,62,15,84.69,1225.27,1,two-year,fiber,1,cancelled
C02705,58,10,56.31,565.04,1,two-year,fiber,0,no_contact
C02706,75,8,32.08,203.8,0,month-to-month,fiber,1,cancelled
C02707,40,9,63.0,,2,one-year,fiber,1,cancelled
C02708,46,6,105.4,564.12,1,month-to-month,dsl,0,no_contact
C02709,39,28,88.34,2462.34,2,one-year,fiber,0,resolved
C02710,59,12,100.6,1167.46,2,month-to-month,fiber,1,cancelled
C02711,40,57,114.07,6541.43,1,one-year,satellite,0,no_contact
C02712,71,10,31.27,280.18,3,two-year,fiber,0,no_contact
C02713,39,11,59.95,662.32,1,month-to-month,none,0,resolved
C02714,62,32,62.66,2039.56,1,two-year,fiber,0,resolved
C02715,62,9,119.52,998.33,1,one-year,fiber,0,no_contact
C02716,30,10,119.25,1241.4,1,month-to-month,none,1,cancelled
C02717,53,14,77.25,1046.5,0,month-to-month,none,1,cancelled
C02718,32,10,50.84,543.57,0,month-to-month,dsl,0,resolved
C02719,33,15,50.29,788.74,0,month-to-month,fiber,0,no_contact
C02720,35,26,52.78,1327.05,0,two-year,fiber,1,cancelled
C02721,60,4,33.61,123.31,0,month-to-month,fiber,1,cancelled
C02722,40,72,67.55,4865.43,0,month-to-month,none,0,resolved
C02723,35,54,45.72,2461.97,0,month-to-month,fiber,0,resolved
C02724,52,24,49.93,1217.6,0,month-to-month,fiber,1,escalated
C02725,72,32,90.66,2841.57,0,one-year,fiber,1,cancelled
C02726,68,15,78.74,1184.51,1,one-year,fiber,0,resolved
C02727,72,28,124.5,3557.26,0,two-year,none,1,cancelled
C02728,39,28,54.35,1557.86,2,two-year,dsl,1,escalated
C02729,40,36,65.03,2323.76,0,month-to-month,fiber,0,no_contact
C02730,18,4,42.44,202.73,1,one-year,dsl,1,cancelled
C02731,57,37,59.11,2160.39,2,month-to-month,fiber,1,cancelled
C02732,35,4,41.95,212.11,1,month-to-month,none,0,resolved
C02733,55,29,81.18,2396.22,0,month-to-month,fiber,0,resolved
C02734,33,19,,1591.91,1,one-year,dsl,1,escalated
C02735,59,39,37.05,1409.72,2,two-year,fiber,0,resolved
C02736,45,8,56.07,409.59,1,month-to-month,none,1,cancelled
C02737,58,6,87.74,537.77,0,two-year,none,0,resolved
C02738,20,20,98.37,1904.04,0,two-year,fiber,1,cancelled
C02739,59,72,70.05,5004.73,0,month-to-month,fiber,0,no_contact
C02740,58,72,97.22,7061.01,0,month-to-month,dsl,0,resolved
C02741,18,13,62.24,792.79,1,two-year,fiber,0,resolved
C02742,58,47,40.27,1928.19,1,month-to-month,dsl,1,escalated
C02743,49,38,104.7,3988.69,0,month-to-month,fiber,0,no_contact
C02744,44,24,,2762.91,1,two-year,fiber,1,unresolved
C02745,48,59,52.62,3215.08,0,month-to-month,fiber,0,resolved
C02746,32,18,105.79,1881.52,0,month-to-month,fiber,0,resolved
C02747,43,4,50.43,200.01,0,month-to-month,dsl,1,cancelled
C02748,59,59,52.69,3122.51,0,month-to-month,dsl,0,resolved
C02749,28,56,127.34,7169.85,1,two-year,fiber,0,resolved
C02750,66,22,38.91,,3,one-year,dsl,0,resolved
C02751,67,6,110.19,635.41,0,one-year,fiber,0,resolved
C02752,29,33,37.62,1288.85,1,one-year,dsl,0,resolved
C02753,30,36,106.92,3836.19,0,month-to-month,fiber,1,cancelled
C02754,60,9,86.47,749.84,3,one-year,fiber,1,cancelled
C02755,67,41,68.91,2859.41,0,month-to-month,dsl,0,no_contact
C02756,56,19,90.64,1723.56,0,month-to-month,fiber,1,unresolved
C02757,60,39,71.06,2790.27,0,one-year,none,1,cancelled
C02758,51,16,71.43,1202.52,4,month-to-month,fiber,1,cancelled
C02759,41,17,45.82,711.92,0,month-to-month,fiber,1,cancelled
C02760,28,8,60.98,526.54,2,,dsl,1,cancelled
C02761,63,18,80.84,1456.18,0,month-to-month,dsl,1,cancelled
C02762,57,27,74.02,2014.87,2,one-year,dsl,0,no_contact
C02763,38,21,114.29,2405.35,2,month-to-month,none,1,cancelled
C02764,56,20,68.13,1340.11,0,month-to-month,dsl,0,resolved
C02765,42,11,48.99,586.61,2,two-year,none,1,escalated
C02766,63,26,,1611.8,0,month-to-month,none,0,resolved
C02767,26,29,56.36,1700.36,2,month-to-month,dsl,1,cancelled
C02768,33,7,53.92,367.08,1,month-to-month,none,0,no_contact
C02769,51,17,87.13,1499.76,0,month-to-month,none,0,no_contact
C02770,55,3,60.03,283.14,0,one-year,fiber,1,cancelled
C02771,43,19,67.86,1256.31,0,month-to-month,dsl,0,no_contact
C02772,75,10,55.78,475.58,0,two-year,dsl,1,unresolved
C02773,53,11,51.49,609.93,4,two-year,fiber,0,no_contact
C02774,56,29,72.56,2123.29,1,month-to-month,fiber,0,no_contact
C02775,30,5,32.53,91.34,0,month-to-month,fiber,0,resolved
C02776,88,14,82.89,1130.55,2,two-year,dsl,1,cancelled
C02777,45,7,79.84,560.59,1,,fiber,1,escalated
C02778,18,42,60.19,2486.43,3,month-to-month,fiber,1,cancelled
C02779,40,9,52.91,372.87,1,month-to-month,dsl,1,escalated
C02780,-1,11,54.37,604.13,1,month-to-month,fiber,1,cancelled
C02781,31,16,61.46,,0,month-to-month,fiber,0,resolved
C02782,24,33,103.6,3440.92,0,two-year,fiber,1,cancelled
C02783,36,6,64.48,366.05,0,one-year,dsl,0,resolved
C02784,32,10,88.66,782.62,1,month-to-month,fiber,1,unresolved
C02785,58,10,87.21,900.28,0,one-year,dsl,1,cancelled
C02786,51,13,92.92,1235.45,2,month-to-month,fiber,1,cancelled
C02787,45,21,91.45,1928.05,0,month-to-month,none,1,unresolved
C02788,31,7,82.62,552.74,2,two-year,fiber,0,no_contact
C02789,66,14,65.73,918.39,4,two-year,fiber,1,escalated
C02790,26,12,51.42,650.89,0,month-to-month,none,0,no_contact
C02791,48,7,41.51,,1,one-year,fiber,1,cancelled
C02792,33,18,87.35,1507.33,1,month-to-month,dsl,1,unresolved
C02793,35,17,62.47,1099.43,3,two-year,fiber,1,escalated
C02794,50,11,47.78,495.49,0,two-year,fiber,0,no_contact
C02795,54,22,18.0,425.33,1,one-year,dsl,0,no_contact
C02796,42,24,56.65,1386.08,2,two-year,fiber,0,no_contact
C02797,36,18,82.8,1425.01,1,one-year,fiber,0,resolved
C02798,61,41,80.56,3251.67,2,month-to-month,dsl,1,cancelled
C02799,61,1,76.2,93.35,1,one-year,dsl,1,escalated
C02800,22,28,154.12,4296.32,2,month-to-month,fiber,1,cancelled
C02801,60,54,78.02,4330.9,1,month-to-month,fiber,0,no_contact
C02802,49,21,76.89,1657.15,2,month-to-month,dsl,1,cancelled
C02803,64,24,72.28,1698.34,2,one-year,none,0,resolved
C02804,47,16,47.16,763.58,0,month-to-month,dsl,0,resolved
C02805,59,10,96.17,968.2,0,one-year,dsl,1,unresolved
C02806,42,16,78.49,1284.32,0,one-year,dsl,0,resolved
C02807,52,23,95.51,2197.95,1,two-year,fiber,1,cancelled
C02808,18,18,111.16,2010.62,2,two-year,dsl,1,cancelled
C02809,37,14,100.65,1411.19,1,month-to-month,dsl,0,resolved
C02810,41,13,92.58,1216.13,0,month-to-month,fiber,1,cancelled
C02811,37,11,48.49,523.79,1,two-year,dsl,1,cancelled
C02812,29,29,64.87,1911.13,0,month-to-month,fiber,0,no_contact
C02813,62,42,82.55,3451.17,1,one-year,none,0,no_contact
C02814,59,8,56.9,381.94,0,,fiber,0,no_contact
C02815,39,11,85.79,1041.37,2,one-year,dsl,1,cancelled
C02816,34,17,91.34,1553.8,2,month-to-month,dsl,1,unresolved
C02817,34,28,62.36,1750.72,0,one-year,dsl,0,no_contact
C02818,19,72,56.01,4033.95,0,month-to-month,fiber,0,resolved
C02819,43,2,89.86,217.03,2,two-year,fiber,1,cancelled
C02820,42,22,59.24,1272.26,1,month-to-month,dsl,1,cancelled
C02821,37,28,52.39,1353.67,0,one-year,fiber,0,resolved
C02822,56,11,71.88,716.49,2,month-to-month,fiber,1,escalated
C02823,55,57,74.87,4229.67,0,two-year,dsl,0,no_contact
C02824,63,10,71.87,661.38,1,one-year,fiber,1,cancelled
C02825,66,17,63.48,1109.3,2,month-to-month,dsl,0,resolved
C02826,49,29,45.27,1267.06,0,month-to-month,fiber,0,resolved
C02827,49,12,80.63,927.06,2,month-to-month,dsl,0,no_contact
C02828,35,12,58.03,,1,,fiber,1,cancelled
C02829,51,15,124.32,1881.27,0,month-to-month,dsl,0,no_contact
C02830,32,23,83.56,1842.34,0,,fiber,1,cancelled
C02831,47,13,46.68,509.03,4,month-to-month,fiber,1,cancelled
C02832,54,6,57.86,327.66,0,month-to-month,dsl,0,resolved
C02833,67,31,92.75,2882.28,2,,dsl,1,cancelled
C02834,37,9,76.35,660.75,1,month-to-month,fiber,1,cancelled
C02835,20,20,51.29,939.59,2,one-year,fiber,0,no_contact
C02836,33,39,71.67,2858.51,1,two-year,fiber,0,no_contact
C02837,18,29,99.66,2998.69,1,one-year,fiber,0,no_contact
C02838,22,56,86.24,4846.65,0,two-year,fiber,0,resolved
C02839,49,47,145.87,6844.68,0,month-to-month,dsl,1,cancelled
C02840,32,39,73.74,2894.48,0,month-to-month,dsl,1,escalated
C02841,32,17,71.79,1256.85,0,month-to-month,dsl,0,no_contact
C02842,62,53,93.31,4992.5,1,one-year,dsl,0,no_contact
C02843,41,6,66.32,396.45,1,month-to-month,fiber,1,cancelled
C02844,35,33,98.72,3278.85,1,one-year,fiber,0,resolved
C02845,66,46,29.01,1397.69,2,,fiber,0,no_contact
C02846,43,45,41.85,1891.87,1,month-to-month,satellite,1,cancelled
C02847,57,46,30.46,1374.67,1,month-to-month,none,0,resolved
C02848,34,65,,4453.61,0,month-to-month,dsl,0,resolved
C02849,52,33,39.81,1323.36,0,month-to-month,fiber,1,cancelled
C02850,62,72,61.46,4437.79,0,month-to-month,fiber,1,escalated
C02851,36,41,55.04,2266.83,0,month-to-month,fiber,0,resolved
C02852,19,30,61.33,1845.08,1,month-to-month,dsl,0,no_contact
C02853,62,13,92.61,1188.04,1,month-to-month,fiber,0,resolved
C02854,21,34,82.15,2784.11,0,month-to-month,fiber,1,cancelled
C02855,49,30,103.39,3173.31,0,one-year,dsl,0,no_contact
C02856,18,30,98.39,2930.62,2,one-year,none,0,no_contact
C02857,37,44,74.41,3276.66,1,month-to-month,dsl,0,no_contact
C02858,32,9,79.7,661.21,2,one-year,dsl,0,no_contact
C02859,18,11,37.33,403.9,4,two-year,dsl,1,escalated
C02860,49,35,83.71,2928.56,1,month-to-month,dsl,0,no_contact
C02861,45,12,111.14,1371.81,2,month-to-month,dsl,1,escalated
C02862,37,22,63.26,1366.25,0,,dsl,1,cancelled
C02863,34,34,68.36,2356.14,0,one-year,dsl,0,resolved
C02864,57,27,88.18,2450.64,4,month-to-month,dsl,1,cancelled
C02865,58,53,112.97,6020.72,0,one-year,fiber,1,cancelled
C02866,50,19,91.43,1713.49,1,month-to-month,dsl,1,cancelled
C02867,54,28,65.77,1823.97,0,one-year,fiber,0,resolved
C02868,42,9,73.12,634.82,1,month-to-month,fiber,1,cancelled
C02869,30,5,63.66,297.69,1,month-to-month,fiber,0,no_contact
C02870,60,16,,967.53,0,month-to-month,none,1,escalated
C02871,58,10,31.97,319.11,1,,dsl,0,resolved
C02872,48,21,81.31,1701.21,0,month-to-month,none,1,cancelled
C02873,35,20,42.98,837.43,2,,dsl,1,escalated
C02874,65,4,76.68,278.16,1,month-to-month,dsl,1,cancelled
C02875,49,12,36.9,482.6,1,two-year,dsl,0,resolved
C02876,31,24,50.3,1176.52,2,month-to-month,fiber,0,no_contact
C02877,83,61,,4830.62,1,month-to-month,dsl,1,cancelled
C02878,41,21,92.4,1948.49,1,month-to-month,fiber,1,cancelled
C02879,52,17,107.89,1888.49,0,month-to-month,fiber,0,resolved
C02880,30,21,129.4,2679.77,1,two-year,dsl,1,cancelled
C02881,46,54,74.75,4074.67,1,month-to-month,dsl,0,resolved
C02882,52,34,52.74,1790.01,0,two-year,dsl,0,resolved
C02883,38,7,115.44,813.46,0,month-to-month,fiber,1,cancelled
C02884,73,41,68.21,2775.13,0,month-to-month,dsl,1,cancelled
C02885,38,55,60.54,3228.4,2,one-year,fiber,1,cancelled
C02886,18,1,55.33,99.03,1,month-to-month,dsl,1,cancelled
C02887,61,30,65.99,2019.92,1,month-to-month,dsl,1,cancelled
C02888,43,6,,95.9,3,month-to-month,none,1,cancelled
C02889,67,31,51.49,1636.06,1,month-to-month,fiber,1,unresolved
C02890,45,6,83.02,531.29,2,one-year,none,1,cancelled
C02891,62,16,64.27,1066.91,0,two-year,dsl,0,resolved
C02892,37,13,59.13,,3,month-to-month,none,1,cancelled
C02893,61,59,18.0,1069.8,0,one-year,none,0,resolved
C02894,43,39,66.31,2583.88,1,month-to-month,fiber,1,cancelled
C02895,47,34,92.71,3202.61,1,month-to-month,fiber,1,cancelled
C02896,59,16,73.24,1188.9,2,month-to-month,fiber,1,escalated
C02897,42,4,76.71,257.93,1,two-year,fiber,1,cancelled
C02898,41,32,93.89,2909.6,0,month-to-month,none,1,cancelled
C02899,66,44,,2904.36,0,two-year,dsl,0,resolved
C02900,53,15,42.81,635.85,1,month-to-month,fiber,1,cancelled
C02901,29,34,74.2,2467.37,0,month-to-month,dsl,1,cancelled
C02902,57,4,25.77,80.8,0,month-to-month,dsl,0,no_contact
C02903,56,44,84.5,3707.69,1,month-to-month,fiber,0,resolved
C02904,55,54,86.66,4723.67,0,month-to-month,fiber,0,no_contact
C02905,63,12,60.7,716.86,2,month-to-month,fiber,1,cancelled
C02906,47,18,39.8,739.21,0,month-to-month,dsl,1,escalated
C02907,26,8,105.25,,0,one-year,dsl,1,cancelled
C02908,49,49,61.05,3034.2,0,one-year,dsl,0,resolved
C02909,67,38,,3543.21,1,one-year,fiber,0,no_contact
C02910,42,13,56.24,706.88,0,month-to-month,fiber,0,no_contact
C02911,43,35,86.96,3090.13,0,month-to-month,dsl,0,no_contact
C02912,39,33,64.13,2130.51,1,month-to-month,dsl,1,cancelled
C02913,35,9,62.82,487.9,2,one-year,fiber,0,no_contact
C02914,20,22,87.61,1953.28,2,one-year,dsl,0,no_contact
C02915,63,5,80.21,408.42,2,,none,1,escalated
C02916,77,12,34.44,455.99,0,month-to-month,none,0,resolved
C02917,63,14,,732.49,0,two-year,fiber,0,resolved
C02918,52,44,21.63,947.57,2,two-year,fiber,0,resolved
C02919,48,44,40.43,1772.45,2,one-year,fiber,0,no_contact
C02920,48,33,26.12,879.29,0,month-to-month,fiber,1,escalated
C02921,49,72,90.99,6581.26,0,month-to-month,dsl,0,resolved
C02922,18,13,104.93,1460.88,2,,dsl,0,resolved
C02923,23,3,87.33,306.75,0,month-to-month,fiber,0,no_contact
C02924,54,20,93.5,1890.19,2,month-to-month,dsl,0,resolved
C02925,56,28,118.09,3292.94,2,one-year,dsl,1,cancelled
C02926,39,9,23.39,150.8,2,month-to-month,dsl,1,cancelled
C02927,40,6,112.31,558.68,2,,dsl,1,cancelled
C02928,43,25,63.91,1512.16,0,month-to-month,fiber,1,cancelled
C02929,64,43,87.8,3746.62,0,month-to-month,fiber,0,resolved
C02930,18,27,50.25,1234.31,3,month-to-month,none,0,resolved
C02931,53,19,88.86,1698.74,0,month-to-month,none,1,cancelled
C02932,64,72,88.04,6327.49,1,two-year,fiber,0,no_contact
C02933,40,17,65.7,1065.99,1,one-year,dsl,0,resolved
C02934,41,5,,302.86,2,month-to-month,dsl,0,no_contact
C02935,26,36,104.99,3764.08,1,two-year,dsl,1,cancelled
C02936,44,32,60.49,,3,month-to-month,none,1,cancelled
C02937,42,18,22.74,380.35,2,two-year,none,0,resolved
C02938,57,7,35.37,195.63,1,month-to-month,dsl,0,resolved
C02939,33,13,,574.43,2,month-to-month,none,1,escalated
C02940,57,21,42.72,900.37,1,month-to-month,fiber,0,resolved
C02941,35,71,106.49,7635.23,1,month-to-month,fiber,0,resolved
C02942,44,56,119.35,6718.85,1,one-year,fiber,1,unresolved
C02943,54,1,,,4,one-year,fiber,1,escalated
C02944,54,35,28.58,923.78,2,one-year,dsl,0,no_contact
C02945,20,3,53.74,157.83,0,month-to-month,dsl,0,resolved
C02946,50,7,128.45,849.35,1,month-to-month,dsl,1,cancelled
C02947,40,16,52.0,832.6,2,month-to-month,fiber,1,escalated
C02948,55,8,,641.48,0,one-year,dsl,1,cancelled
C02949,34,72,77.24,5525.33,0,one-year,fiber,0,resolved
C02950,48,11,55.85,640.99,2,month-to-month,fiber,1,cancelled
C02951,31,14,66.28,1027.67,1,month-to-month,fiber,1,cancelled
C02952,48,22,22.96,572.98,1,month-to-month,fiber,0,resolved
C02953,18,24,29.88,596.96,1,month-to-month,dsl,0,resolved
C02954,43,5,18.0,66.16,1,month-to-month,dsl,0,resolved
C02955,44,40,71.25,2799.5,1,one-year,fiber,0,resolved
C02956,47,58,82.08,,1,one-year,dsl,0,resolved
C02957,56,47,48.9,2327.47,0,one-year,dsl,0,escalated
C02958,78,48,93.31,4443.86,0,month-to-month,none,0,resolved
C02959,24,11,29.07,245.29,2,month-to-month,dsl,1,cancelled
C02960,66,27,34.84,1020.89,2,month-to-month,dsl,1,escalated
C02961,43,13,75.86,1033.86,0,two-year,dsl,1,cancelled
C02962,58,10,82.38,813.27,1,one-year,none,1,cancelled
C02963,39,11,88.14,,0,month-to-month,fiber,1,cancelled
C02964,26,23,83.17,1993.3,2,two-year,dsl,1,unresolved
C02965,63,4,146.98,592.37,2,month-to-month,dsl,1,unresolved
C02966,41,42,76.51,3185.63,0,month-to-month,none,0,resolved
C02967,36,19,109.75,2048.79,0,month-to-month,fiber,0,resolved
C02968,43,32,85.44,,0,month-to-month,fiber,0,resolved
C02969,62,11,67.93,743.36,1,month-to-month,fiber,1,escalated
C02970,45,23,80.92,1944.63,1,month-to-month,dsl,1,unresolved
C02971,63,43,104.15,4473.22,0,one-year,dsl,0,no_contact
C02972,69,20,88.23,1753.34,0,month-to-month,fiber,0,no_contact
C02973,63,58,62.92,3623.61,0,month-to-month,dsl,0,resolved
C02974,24,14,54.02,806.12,0,one-year,dsl,0,escalated
C02975,47,36,54.62,1879.58,1,month-to-month,dsl,0,no_contact
C02976,41,9,123.25,1027.4,0,month-to-month,fiber,1,cancelled
C02977,50,50,60.79,3102.77,1,month-to-month,dsl,1,cancelled
C02978,65,43,91.36,3891.14,2,month-to-month,dsl,1,cancelled
C02979,56,9,76.66,718.93,1,two-year,fiber,1,unresolved
C02980,42,72,37.77,2711.43,2,two-year,fiber,0,resolved
C02981,58,46,58.7,2685.85,2,month-to-month,fiber,1,escalated
C02982,20,42,,4255.85,0,one-year,dsl,0,no_contact
C02983,68,12,72.35,931.95,3,one-year,fiber,1,cancelled
C02984,40,15,89.62,1293.44,1,month-to-month,fiber,1,escalated
C02985,38,8,89.14,698.21,0,one-year,fiber,0,no_contact
C02986,39,17,58.69,1051.23,1,month-to-month,satellite,1,cancelled
C02987,60,19,52.7,1004.55,1,one-year,fiber,1,cancelled
C02988,41,26,,1856.01,0,month-to-month,dsl,0,no_contact
C02989,45,12,59.53,708.63,2,one-year,none,1,cancelled
C02990,55,4,28.97,81.29,0,month-to-month,dsl,1,cancelled
C02991,49,27,92.23,2471.6,0,month-to-month,dsl,0,resolved
C02992,19,11,42.51,493.67,0,month-to-month,dsl,1,cancelled
C02993,35,18,59.69,,2,month-to-month,fiber,1,cancelled
C02994,52,29,69.13,1992.36,0,month-to-month,none,0,resolved
C02995,50,34,50.35,1734.34,0,two-year,none,1,unresolved
C02996,69,29,78.26,2298.08,1,month-to-month,fiber,1,cancelled
C02997,41,8,87.21,722.27,0,two-year,none,0,resolved
C02998,68,26,91.74,2366.09,0,one-year,fiber,0,resolved
C02999,29,32,97.51,3082.84,2,month-to-month,dsl,1,cancelled
C03000,27,15,73.2,1016.04,2,month-to-month,dsl,1,cancelled
C03001,46,71,,4899.87,0,month-to-month,fiber,0,no_contact
C03002,36,27,54.42,1469.44,2,month-to-month,fiber,1,escalated
C03003,54,20,61.8,,2,month-to-month,satellite,0,resolved
C03004,70,20,83.05,1698.8,2,month-to-month,fiber,0,no_contact
C03005,54,25,53.18,1291.17,0,one-year,dsl,0,no_contact
C03006,32,63,68.81,4366.94,0,one-year,fiber,0,resolved
C03007,18,28,61.96,1685.63,1,one-year,fiber,0,no_contact
C03008,30,29,63.05,1857.04,0,month-to-month,dsl,0,resolved
C03009,73,16,60.79,,2,two-year,dsl,0,no_contact
C03010,38,15,84.1,1226.64,1,month-to-month,fiber,1,cancelled
C03011,47,26,97.68,2480.04,0,month-to-month,fiber,0,resolved
C03012,47,16,99.92,1594.11,0,month-to-month,dsl,1,escalated
C03013,45,30,47.99,1373.7,0,two-year,dsl,0,no_contact
C03014,43,20,68.2,1351.74,0,month-to-month,dsl,0,escalated
C03015,18,16,35.25,563.01,2,month-to-month,none,0,no_contact
C03016,18,7,72.52,523.86,0,one-year,dsl,0,no_contact
C03017,56,36,71.44,2551.09,1,one-year,fiber,0,no_contact
C03018,39,4,59.94,,2,month-to-month,dsl,1,escalated
C03019,32,42,79.06,,1,one-year,none,0,resolved
C03020,42,11,9999.0,727.1,1,two-year,none,0,no_contact
C03021,70,14,68.52,939.7,2,,dsl,0,no_contact
C03022,34,7,136.25,,1,one-year,fiber,0,resolved
C03023,70,10,68.58,,0,month-to-month,fiber,1,cancelled
C03024,57,23,37.89,786.17,0,month-to-month,dsl,0,no_contact
C03025,45,15,46.18,650.89,0,one-year,dsl,0,resolved
C03026,32,7,93.58,645.23,2,one-year,fiber,1,cancelled
C03027,51,21,,1760.43,2,month-to-month,none,1,escalated
C03028,75,52,26.78,1382.33,0,month-to-month,fiber,0,no_contact
C03029,52,11,40.31,416.73,0,one-year,fiber,1,unresolved
C03030,24,3,97.59,237.62,0,month-to-month,fiber,1,cancelled
C03031,34,37,99.55,3678.89,0,month-to-month,dsl,0,resolved
C03032,70,33,61.37,1967.88,0,one-year,fiber,1,cancelled
C03033,42,15,83.21,1189.35,0,one-year,dsl,0,escalated
C03034,66,20,56.93,1138.41,1,month-to-month,none,0,resolved
C03035,45,42,63.6,2672.8,0,month-to-month,dsl,0,resolved
C03036,49,9,54.11,438.41,1,month-to-month,dsl,1,escalated
C03037,55,15,106.64,1604.28,2,one-year,dsl,0,no_contact
C03038,41,57,46.48,2651.49,0,month-to-month,fiber,0,no_contact
C03039,55,30,25.59,816.91,1,two-year,fiber,0,resolved
C03040,44,22,84.64,1858.26,1,month-to-month,dsl,1,cancelled
C03041,54,64,32.09,2015.84,0,one-year,none,0,resolved
C03042,61,15,115.56,1661.8,3,two-year,dsl,0,resolved
C03043,35,5,98.17,,1,two-year,fiber,1,cancelled
C03044,46,15,88.43,1351.72,2,two-year,dsl,0,resolved
C03045,51,14,66.37,952.21,2,,dsl,0,no_contact
C03046,52,62,95.34,5957.11,1,month-to-month,fiber,0,resolved
C03047,28,33,66.65,2276.78,0,month-to-month,satellite,1,escalated
C03048,51,59,40.27,2362.38,0,month-to-month,dsl,0,resolved
C03049,48,15,69.22,980.49,0,month-to-month,fiber,1,cancelled
C03050,35,11,45.74,,1,month-to-month,fiber,0,escalated
C03051,61,15,44.46,,0,one-year,fiber,0,escalated
C03052,36,2,69.02,182.66,1,two-year,dsl,1,cancelled
C03053,39,12,103.5,1217.99,1,one-year,dsl,1,escalated
C03054,41,35,104.6,3610.7,0,month-to-month,dsl,0,escalated
C03055,23,12,61.75,650.74,0,two-year,dsl,1,unresolved
C03056,57,45,78.64,3522.37,3,month-to-month,fiber,0,resolved
C03057,51,7,82.36,586.71,2,month-to-month,fiber,1,cancelled
C03058,74,57,51.92,2956.83,0,two-year,fiber,0,no_contact
C03059,46,10,90.12,803.76,3,two-year,fiber,0,resolved
C03060,74,59,110.89,6548.23,0,one-year,dsl,1,cancelled
C03061,50,8,80.87,639.55,0,one-year,fiber,0,resolved
C03062,62,24,91.28,2223.52,1,two-year,fiber,1,escalated
C03063,27,27,34.08,948.25,2,one-year,fiber,0,no_contact
C03064,34,35,81.09,2871.56,2,one-year,dsl,0,no_contact
C03065,57,58,56.33,3331.34,2,month-to-month,none,0,resolved
C03066,59,24,9999.0,2163.0,1,one-year,none,0,resolved
C03067,60,12,108.35,1241.68,2,month-to-month,dsl,1,cancelled
C03068,61,25,96.42,2351.67,0,month-to-month,dsl,0,resolved
C03069,38,13,74.35,1036.02,2,month-to-month,fiber,1,unresolved
C03070,33,29,55.35,1633.49,1,one-year,dsl,0,resolved
C03071,19,21,55.49,1221.04,4,two-year,fiber,0,resolved
C03072,52,27,98.64,2599.94,0,one-year,fiber,0,no_contact
C03073,38,3,89.08,,0,month-to-month,fiber,0,resolved
C03074,18,25,107.32,2694.09,1,month-to-month,dsl,1,escalated
C03075,18,66,46.72,3054.21,0,month-to-month,fiber,0,resolved
C03076,35,19,70.8,1343.46,2,month-to-month,fiber,1,escalated
C03077,73,39,81.25,3204.88,1,one-year,satellite,0,resolved
C03078,39,7,90.26,598.59,3,one-year,fiber,1,cancelled
C03079,51,34,124.95,4321.48,2,two-year,fiber,1,cancelled
C03080,64,8,87.15,,0,month-to-month,dsl,1,cancelled
C03081,41,38,93.77,3575.73,0,month-to-month,none,0,resolved
C03082,51,4,50.7,195.85,1,month-to-month,fiber,0,no_contact
C03083,51,13,93.32,1326.36,2,month-to-month,dsl,1,escalated
C03084,18,3,63.29,193.77,0,one-year,dsl,1,cancelled
C03085,38,38,50.37,1906.15,1,one-year,fiber,0,resolved
C03086,42,8,67.68,506.15,3,month-to-month,fiber,1,cancelled
C03087,51,62,18.0,1165.97,0,one-year,fiber,0,resolved
C03088,48,3,69.48,137.78,2,one-year,fiber,0,resolved
C03089,47,11,61.63,701.58,2,month-to-month,fiber,0,no_contact
C03090,49,25,60.34,1511.99,1,month-to-month,dsl,1,cancelled
C03091,36,10,74.52,794.83,1,month-to-month,dsl,1,unresolved
C03092,61,58,98.87,5704.01,1,,none,1,unresolved
C03093,35,42,40.96,1652.11,2,two-year,none,0,no_contact
C03094,54,36,126.09,4535.4,0,month-to-month,dsl,0,resolved
C03095,32,9,73.54,662.71,2,month-to-month,dsl,1,cancelled
C03096,51,19,108.76,2044.52,0,two-year,dsl,0,resolved
C03097,39,3,102.11,,0,two-year,fiber,1,cancelled
C03098,37,13,60.34,697.57,2,month-to-month,fiber,1,cancelled
C03099,34,35,43.03,1402.1,1,two-year,fiber,0,no_contact
C03100,26,22,83.62,,0,month-to-month,fiber,0,no_contact
C03101,40,4,75.06,,2,month-to-month,fiber,1,cancelled
C03102,37,36,83.12,3023.79,1,one-year,dsl,0,resolved
C03103,42,13,37.04,,2,two-year,satellite,1,cancelled
C03104,18,27,79.09,2152.84,3,month-to-month,none,0,no_contact
C03105,70,39,80.46,3110.4,1,month-to-month,none,0,resolved
C03106,80,3,19.35,97.27,2,month-to-month,satellite,1,unresolved
C03107,36,38,90.62,3452.36,1,one-year,fiber,1,cancelled
C03108,43,13,39.98,515.52,0,one-year,dsl,0,resolved
C03109,47,22,66.68,1393.12,0,one-year,fiber,0,resolved
C03110,68,46,69.64,3134.2,0,month-to-month,dsl,0,resolved
C03111,55,25,77.55,1959.45,0,month-to-month,dsl,1,escalated
C03112,35,14,34.57,503.93,4,month-to-month,dsl,0,resolved
C03113,54,13,29.54,374.71,2,month-to-month,dsl,1,cancelled
C03114,40,15,114.46,1753.22,2,two-year,none,1,escalated
C03115,34,17,61.77,1042.39,0,one-year,fiber,1,cancelled
C03116,49,18,77.14,1419.69,1,two-year,fiber,0,escalated
C03117,49,17,50.4,899.75,0,one-year,dsl,0,resolved
C03118,37,23,86.02,2091.12,1,one-year,dsl,1,escalated
C03119,33,41,51.47,2127.72,1,one-year,fiber,0,no_contact
C03120,41,28,91.23,2519.78,1,one-year,satellite,0,resolved
C03121,36,15,59.52,898.26,0,month-to-month,dsl,0,resolved
C03122,31,22,59.12,1367.86,0,month-to-month,fiber,1,cancelled
C03123,49,68,106.23,7266.58,1,two-year,fiber,0,resolved
C03124,18,7,18.0,128.34,1,one-year,none,0,resolved
C03125,54,14,100.8,1399.63,2,one-year,dsl,1,cancelled
C03126,21,14,94.62,1290.27,0,month-to-month,dsl,1,cancelled
C03127,28,30,92.52,2805.55,0,one-year,dsl,0,no_contact
C03128,67,20,110.49,2197.01,3,month-to-month,none,1,cancelled
C03129,32,26,59.07,1509.1,1,month-to-month,fiber,0,escalated
C03130,49,6,94.15,613.58,2,month-to-month,dsl,1,cancelled
C03131,30,18,48.99,849.62,0,month-to-month,fiber,0,resolved
C03132,64,56,65.32,3685.14,0,two-year,dsl,0,resolved
C03133,86,17,56.32,987.72,2,month-to-month,dsl,1,cancelled
C03134,32,51,84.91,4344.55,1,two-year,dsl,0,resolved
C03135,50,26,91.06,,1,one-year,dsl,0,resolved
C03136,30,26,105.02,,1,month-to-month,fiber,1,unresolved
C03137,53,19,80.76,,1,one-year,fiber,1,cancelled
C03138,58,17,92.19,1551.44,0,two-year,fiber,0,no_contact
C03139,47,29,76.02,2248.7,1,one-year,dsl,0,resolved
C03140,23,72,40.08,2901.3,0,month-to-month,dsl,0,no_contact
C03141,61,16,34.89,563.87,3,two-year,dsl,0,resolved
C03142,53,23,40.01,925.38,0,month-to-month,dsl,0,resolved
C03143,37,28,79.43,,0,one-year,fiber,0,resolved
C03144,55,21,49.61,980.17,0,month-to-month,dsl,0,resolved
C03145,48,59,74.87,4384.68,0,two-year,fiber,0,resolved
C03146,24,33,59.56,1960.57,1,one-year,dsl,1,cancelled
C03147,47,11,90.44,984.67,3,two-year,fiber,1,cancelled
C03148,66,11,73.85,793.91,2,month-to-month,fiber,0,resolved
C03149,44,8,82.48,629.53,2,one-year,dsl,1,escalated
C03150,49,13,90.81,1123.56,2,month-to-month,fiber,1,cancelled
C03151,64,9,42.35,,0,month-to-month,fiber,0,no_contact
C03152,81,16,64.69,1134.98,1,month-to-month,fiber,1,cancelled
C03153,39,28,67.56,1832.59,0,one-year,none,0,resolved
C03154,53,39,79.85,3112.16,1,month-to-month,fiber,1,cancelled
C03155,40,9,87.46,763.3,0,month-to-month,none,0,resolved
C03156,68,8,78.24,640.64,0,one-year,fiber,0,resolved
C03157,61,49,63.81,3148.4,0,,fiber,1,cancelled
C03158,71,15,59.13,921.24,2,month-to-month,dsl,1,escalated
C03159,50,10,80.52,,1,month-to-month,fiber,1,cancelled
C03160,52,41,85.37,3504.33,1,two-year,fiber,0,resolved
C03161,28,33,64.17,2188.45,1,month-to-month,satellite,0,escalated
C03162,60,12,85.06,1028.56,3,month-to-month,fiber,1,unresolved
C03163,36,68,59.49,3987.43,1,month-to-month,fiber,0,no_contact
C03164,44,7,70.21,480.47,1,month-to-month,dsl,1,cancelled
C03165,18,25,86.73,2205.2,1,month-to-month,none,1,escalated
C03166,40,6,72.83,453.17,1,two-year,fiber,0,no_contact
C03167,35,26,96.94,2498.88,3,month-to-month,none,0,no_contact
C03168,55,1,33.85,55.55,1,one-year,dsl,0,escalated
C03169,26,13,33.23,466.43,1,one-year,dsl,1,cancelled
C03170,44,24,106.11,2542.54,1,month-to-month,fiber,0,escalated
C03171,26,13,88.69,1132.66,3,,dsl,1,unresolved
C03172,54,9,92.88,784.4,2,month-to-month,dsl,1,cancelled
C03173,42,50,66.11,3323.84,1,two-year,fiber,1,cancelled
C03174,62,8,64.7,,1,month-to-month,none,1,cancelled
C03175,40,14,37.12,448.48,1,month-to-month,none,0,no_contact
C03176,57,17,55.94,974.97,1,month-to-month,dsl,0,no_contact
C03177,62,26,42.67,1099.53,2,one-year,fiber,0,no_contact
C03178,44,2,67.82,153.53,3,month-to-month,dsl,1,unresolved
C03179,30,23,18.0,368.47,0,one-year,dsl,0,no_contact
C03180,36,5,105.95,506.57,4,one-year,fiber,1,unresolved
C03181,46,18,75.0,1405.83,1,one-year,fiber,0,resolved
C03182,50,24,109.85,2598.48,1,month-to-month,dsl,1,cancelled
C03183,46,16,78.04,1279.17,0,one-year,fiber,1,cancelled
C03184,39,5,50.9,257.58,0,month-to-month,none,1,escalated
C03185,48,18,72.48,1317.48,1,month-to-month,none,1,escalated
C03186,45,5,91.02,,2,month-to-month,dsl,0,no_contact
C03187,31,53,18.0,927.08,0,month-to-month,dsl,0,resolved
C03188,61,19,82.89,1512.24,0,month-to-month,fiber,0,no_contact
C03189,63,24,66.54,1655.76,0,month-to-month,none,1,escalated
C03190,69,39,31.05,1192.08,0,month-to-month,fiber,0,resolved
C03191,25,11,120.34,1350.24,1,one-year,dsl,1,cancelled
C03192,41,24,34.8,888.1,2,month-to-month,fiber,0,resolved
C03193,51,12,106.1,1277.94,1,one-year,none,1,cancelled
C03194,32,13,18.0,151.16,1,month-to-month,fiber,0,no_contact
C03195,37,2,61.74,,0,month-to-month,fiber,1,escalated
C03196,68,15,71.59,1073.71,1,month-to-month,none,0,no_contact
C03197,51,23,115.37,2639.9,2,month-to-month,dsl,1,cancelled
C03198,46,31,91.64,2791.52,1,month-to-month,dsl,1,cancelled
C03199,38,55,68.17,3752.94,0,one-year,dsl,0,resolved
C03200,61,34,41.16,1388.46,0,month-to-month,fiber,0,no_contact
C03201,51,9,124.83,1129.25,0,one-year,dsl,1,unresolved
C03202,36,9,76.72,621.09,0,one-year,dsl,0,resolved
C03203,46,25,59.75,1496.04,2,two-year,dsl,0,resolved
C03204,76,36,62.1,2237.02,2,,dsl,1,cancelled
C03205,31,45,80.25,3622.08,2,one-year,fiber,0,no_contact
C03206,65,16,47.76,794.97,1,one-year,fiber,0,no_contact
C03207,31,72,60.41,4294.45,2,two-year,fiber,0,resolved
C03208,44,15,61.15,844.36,2,two-year,fiber,1,cancelled
C03209,31,33,49.78,1776.13,1,two-year,dsl,0,escalated
C03210,29,10,94.61,941.9,2,month-to-month,fiber,1,cancelled
C03211,19,56,71.54,4010.39,1,month-to-month,dsl,0,resolved
C03212,41,25,61.79,1578.1,0,one-year,dsl,0,resolved
C03213,48,18,77.95,1423.6,1,one-year,fiber,1,cancelled
C03214,61,21,78.56,1686.3,0,one-year,fiber,0,resolved
C03215,48,11,53.44,549.57,0,two-year,none,1,cancelled
C03216,31,72,88.24,6417.26,2,one-year,fiber,0,resolved
C03217,20,15,45.68,703.98,2,,none,0,no_contact
C03218,24,20,18.41,322.33,0,month-to-month,dsl,0,resolved
C03219,24,17,126.04,2177.36,0,one-year,dsl,1,cancelled
C03220,24,15,115.54,1729.09,0,two-year,dsl,1,cancelled
C03221,51,6,98.43,469.42,2,month-to-month,fiber,1,escalated
C03222,74,18,79.58,1426.64,1,month-to-month,fiber,1,cancelled
C03223,50,19,46.81,846.11,1,one-year,fiber,0,resolved
C03224,33,69,67.76,4621.49,3,month-to-month,dsl,0,escalated
C03225,45,10,90.27,922.13,1,one-year,fiber,1,cancelled
C03226,63,31,105.01,3323.58,1,two-year,fiber,0,resolved
C03227,33,13,97.24,1318.98,1,month-to-month,dsl,0,no_contact
C03228,45,48,46.1,2219.32,0,two-year,dsl,0,no_contact
C03229,51,55,71.68,4005.63,0,two-year,none,0,no_contact
C03230,28,29,82.34,2401.0,0,one-year,dsl,0,resolved
C03231,36,72,57.1,4110.07,1,month-to-month,dsl,0,resolved
C03232,49,3,73.76,189.82,1,one-year,fiber,1,cancelled
C03233,44,9,96.14,800.73,1,month-to-month,none,1,cancelled
C03234,74,28,116.4,3259.49,0,two-year,dsl,1,cancelled
C03235,33,45,121.57,5473.56,0,month-to-month,dsl,0,resolved
C03236,75,13,49.14,588.06,0,month-to-month,fiber,1,cancelled
C03237,59,29,80.81,2375.57,0,month-to-month,satellite,1,escalated
C03238,23,28,41.92,1110.37,1,two-year,fiber,1,cancelled
C03239,48,35,96.78,3388.24,2,two-year,none,0,resolved
C03240,34,14,61.22,910.49,3,one-year,fiber,1,escalated
C03241,48,7,85.31,547.7,0,month-to-month,dsl,1,cancelled
C03242,69,9,49.6,441.96,0,one-year,dsl,0,no_contact
C03243,62,60,69.52,4153.05,0,two-year,dsl,0,no_contact
C03244,54,14,58.29,827.22,2,month-to-month,none,1,cancelled
C03245,69,11,62.85,669.0,0,one-year,fiber,0,resolved
C03246,27,72,57.36,4082.65,3,one-year,fiber,0,resolved
C03247,72,21,45.01,997.38,0,month-to-month,dsl,1,cancelled
C03248,39,20,62.53,1264.97,2,month-to-month,dsl,1,escalated
C03249,49,23,121.47,2826.4,0,,fiber,0,resolved
C03250,43,19,,1980.29,0,two-year,none,0,resolved
C03251,44,72,81.81,5849.75,1,month-to-month,fiber,0,escalated
C03252,37,5,102.18,503.12,0,month-to-month,dsl,1,escalated
C03253,36,20,83.0,1725.64,1,month-to-month,dsl,1,cancelled
C03254,56,33,74.36,2505.43,2,one-year,none,0,resolved
C03255,43,14,49.84,673.16,1,month-to-month,fiber,1,escalated
C03256,39,21,99.59,2105.9,1,,fiber,0,no_contact
C03257,21,26,125.56,3200.75,0,month-to-month,dsl,0,no_contact
C03258,44,19,66.56,1219.96,2,month-to-month,fiber,1,cancelled
C03259,44,10,81.17,,0,one-year,dsl,0,no_contact
C03260,33,4,69.02,289.85,1,month-to-month,fiber,1,cancelled
C03261,46,13,26.47,283.61,0,month-to-month,fiber,0,no_contact
C03262,28,16,58.42,941.76,3,one-year,fiber,0,resolved
C03263,41,3,36.46,79.45,2,month-to-month,fiber,0,no_contact
C03264,33,24,90.69,2186.49,1,month-to-month,dsl,1,cancelled
C03265,54,6,65.76,290.53,1,month-to-month,none,0,resolved
C03266,44,9,24.86,207.77,2,one-year,dsl,1,cancelled
C03267,18,15,70.07,1024.36,1,month-to-month,fiber,1,cancelled
C03268,18,44,94.46,4149.43,2,one-year,fiber,0,resolved
C03269,23,16,73.92,1098.08,2,one-year,fiber,1,cancelled
C03270,46,13,20.52,,0,month-to-month,dsl,0,no_contact
C03271,68,4,93.49,,1,month-to-month,dsl,1,cancelled
C03272,36,22,55.23,1304.3,0,month-to-month,dsl,0,no_contact
C03273,55,40,94.72,3775.32,1,one-year,fiber,1,cancelled
C03274,74,34,79.31,2734.93,1,month-to-month,fiber,0,resolved
C03275,30,25,121.51,3017.6,0,month-to-month,dsl,1,cancelled
C03276,47,18,78.88,1410.07,2,month-to-month,dsl,1,cancelled
C03277,57,16,53.73,871.38,1,month-to-month,fiber,1,escalated
C03278,45,49,60.83,3008.53,2,month-to-month,fiber,0,no_contact
C03279,33,33,89.59,2933.74,0,one-year,dsl,0,escalated
C03280,38,4,51.2,,0,one-year,fiber,0,no_contact
C03281,47,41,111.9,4603.0,0,month-to-month,none,0,no_contact
C03282,75,8,51.17,440.2,0,one-year,fiber,0,no_contact
C03283,57,34,53.27,1713.23,1,two-year,dsl,0,no_contact
C03284,37,15,46.56,733.32,2,one-year,dsl,1,escalated
C03285,47,7,64.85,439.23,1,one-year,fiber,1,unresolved
C03286,43,18,72.61,1352.57,0,one-year,dsl,0,no_contact
C03287,68,16,134.71,2110.78,1,month-to-month,fiber,1,escalated
C03288,51,16,84.31,1230.21,0,one-year,fiber,0,no_contact
C03289,59,11,70.05,809.92,0,two-year,dsl,0,resolved
C03290,51,9,87.02,820.58,0,month-to-month,dsl,0,resolved
C03291,32,23,36.79,807.74,2,month-to-month,fiber,1,escalated
C03292,42,10,83.44,770.18,2,one-year,none,1,unresolved
C03293,50,11,94.38,1058.89,2,month-to-month,dsl,1,cancelled
C03294,45,16,,1225.28,1,one-year,none,1,escalated
C03295,67,15,62.36,1019.11,2,two-year,fiber,0,resolved
C03296,18,44,74.58,3301.01,0,one-year,fiber,1,escalated
C03297,45,41,79.79,3311.75,0,month-to-month,fiber,1,cancelled
C03298,49,14,79.9,1182.69,2,two-year,fiber,1,cancelled
C03299,33,2,89.96,170.32,1,month-to-month,fiber,1,cancelled
C03300,43,11,86.13,1033.23,0,month-to-month,dsl,0,resolved
C03301,56,3,67.17,189.03,0,one-year,fiber,1,unresolved
C03302,47,9,95.3,884.47,1,month-to-month,fiber,1,cancelled
C03303,55,6,63.51,371.19,1,two-year,none,1,cancelled
C03304,61,21,53.34,1122.79,0,month-to-month,dsl,0,resolved
C03305,37,25,91.28,2280.15,2,month-to-month,satellite,1,cancelled
C03306,53,20,36.61,696.57,4,month-to-month,fiber,1,escalated
C03307,55,21,84.85,1709.37,3,one-year,dsl,0,no_contact
C03308,44,24,23.96,613.4,1,month-to-month,fiber,0,resolved
C03309,20,10,115.06,1196.61,1,two-year,dsl,0,resolved
C03310,66,10,74.39,791.44,2,one-year,fiber,1,escalated
C03311,46,30,86.66,2581.19,0,month-to-month,none,0,resolved
C03312,28,10,152.08,,0,month-to-month,none,1,cancelled
C03313,88,26,62.77,1696.13,5,one-year,dsl,0,resolved
C03314,67,39,24.78,953.52,0,two-year,fiber,0,resolved
C03315,33,52,81.12,4231.21,2,two-year,fiber,1,cancelled
C03316,40,22,87.77,1881.2,1,month-to-month,dsl,0,no_contact
C03317,19,9,77.44,712.36,2,month-to-month,fiber,1,cancelled
C03318,54,25,53.45,1260.3,2,one-year,dsl,0,escalated
C03319,59,42,79.46,3333.84,0,month-to-month,dsl,1,escalated
C03320,70,36,85.26,3058.04,0,two-year,fiber,0,resolved
C03321,36,25,44.03,1119.65,3,month-to-month,fiber,1,cancelled
C03322,21,41,90.05,3640.23,1,two-year,none,1,cancelled
C03323,45,17,60.3,1005.83,1,month-to-month,fiber,0,resolved
C03324,85,72,94.29,6816.11,0,one-year,none,0,resolved
C03325,33,72,50.84,3681.1,0,month-to-month,dsl,0,resolved
C03326,54,35,158.47,5539.96,3,one-year,fiber,0,resolved
C03327,34,13,65.85,,1,one-year,fiber,0,no_contact
C03328,49,39,99.91,3905.73,0,month-to-month,dsl,1,cancelled
C03329,40,8,30.06,275.1,3,one-year,fiber,0,escalated
C03330,27,59,29.72,1706.02,0,two-year,dsl,0,resolved
C03331,59,4,70.33,269.48,0,two-year,none,1,cancelled
C03332,55,17,40.77,,1,one-year,none,0,resolved
C03333,22,41,71.2,2995.54,0,month-to-month,fiber,0,resolved
C03334,38,16,89.1,1434.16,3,month-to-month,dsl,1,escalated
C03335,44,39,74.45,2873.94,0,month-to-month,none,0,resolved
C03336,53,11,80.22,961.44,0,one-year,fiber,1,cancelled
C03337,50,12,43.55,582.14,1,month-to-month,fiber,1,escalated
C03338,66,9,69.12,635.45,0,one-year,fiber,0,resolved
C03339,38,20,71.63,1379.85,0,month-to-month,dsl,0,resolved
C03340,30,42,112.08,4742.12,1,one-year,fiber,0,no_contact
C03341,18,58,49.47,2859.06,2,two-year,dsl,0,resolved
C03342,67,3,62.58,273.4,2,one-year,dsl,1,cancelled
C03343,65,5,42.23,174.27,0,two-year,fiber,1,unresolved
C03344,41,66,38.72,2613.22,1,two-year,fiber,0,no_contact
C03345,54,27,76.97,2071.78,1,one-year,fiber,0,resolved
C03346,62,30,90.38,2797.61,0,two-year,dsl,1,unresolved
C03347,31,10,49.91,476.63,0,two-year,dsl,0,resolved
C03348,61,8,79.05,647.61,3,month-to-month,dsl,1,cancelled
C03349,50,40,47.16,1964.76,1,month-to-month,fiber,1,cancelled
C03350,40,43,61.01,2601.95,0,one-year,fiber,0,no_contact
C03351,59,31,100.09,2972.34,1,one-year,dsl,0,resolved
C03352,33,11,106.29,1132.33,1,month-to-month,none,1,cancelled
C03353,36,4,46.8,,1,month-to-month,none,1,cancelled
C03354,37,41,70.8,2856.44,1,month-to-month,dsl,1,cancelled
C03355,67,27,90.89,2456.41,3,month-to-month,satellite,0,resolved
C03356,55,42,86.85,3657.62,1,one-year,none,0,no_contact
C03357,37,21,35.85,735.89,1,month-to-month,fiber,0,no_contact
C03358,38,3,64.83,227.19,0,month-to-month,dsl,0,resolved
C03359,59,25,115.39,,2,month-to-month,dsl,1,cancelled
C03360,43,19,80.5,1558.56,2,month-to-month,dsl,1,cancelled
C03361,31,13,48.88,614.79,2,month-to-month,dsl,1,cancelled
C03362,51,33,105.34,,1,one-year,dsl,1,cancelled
C03363,64,21,37.04,799.5,0,month-to-month,fiber,0,no_contact
C03364,43,17,98.75,1718.08,1,month-to-month,dsl,0,no_contact
C03365,48,10,70.96,688.12,3,two-year,dsl,1,cancelled
C03366,37,42,72.49,3063.12,1,month-to-month,dsl,0,resolved
C03367,42,35,83.78,2919.46,0,one-year,fiber,0,resolved
C03368,41,11,85.57,,1,two-year,satellite,1,cancelled
C03369,31,12,91.52,1124.7,1,month-to-month,dsl,1,cancelled
C03370,58,16,26.39,442.53,1,month-to-month,dsl,1,cancelled
C03371,24,9,99.19,881.54,1,month-to-month,fiber,0,resolved
C03372,48,42,64.04,2666.9,2,month-to-month,fiber,0,resolved
C03373,47,7,36.82,249.3,0,one-year,none,1,cancelled
C03374,23,14,43.58,594.55,0,two-year,fiber,0,resolved
C03375,66,10,44.9,450.41,3,month-to-month,fiber,0,resolved
C03376,50,28,85.2,2377.61,0,month-to-month,fiber,1,cancelled
C03377,59,41,53.43,2190.69,0,month-to-month,fiber,0,resolved
C03378,21,3,50.2,242.85,0,month-to-month,fiber,0,no_contact
C03379,23,24,66.87,1581.43,3,one-year,dsl,0,resolved
C03380,58,30,98.76,2943.44,0,month-to-month,dsl,1,cancelled
C03381,49,45,75.58,3388.69,0,one-year,fiber,0,no_contact
C03382,62,2,68.35,66.55,0,one-year,fiber,1,cancelled
C03383,41,21,,1857.8,0,month-to-month,dsl,1,cancelled
C03384,48,33,50.19,1605.43,1,one-year,fiber,0,resolved
C03385,36,23,100.16,2300.69,1,month-to-month,dsl,0,resolved
C03386,18,45,69.02,3094.27,1,month-to-month,fiber,0,resolved
C03387,40,18,79.58,1364.15,1,month-to-month,none,0,escalated
C03388,63,48,81.36,3898.77,1,one-year,fiber,1,unresolved
C03389,38,3,20.34,-34.18,0,month-to-month,fiber,0,resolved
C03390,40,12,64.03,756.07,1,two-year,dsl,0,resolved
C03391,59,23,135.62,3087.1,0,month-to-month,dsl,1,cancelled
C03392,49,4,56.92,281.27,0,one-year,fiber,0,resolved
C03393,32,20,74.84,1602.81,1,two-year,dsl,1,escalated
C03394,34,28,38.96,1046.21,4,two-year,dsl,1,cancelled
C03395,49,37,77.21,2917.41,0,two-year,dsl,0,no_contact
C03396,40,6,,481.04,0,month-to-month,dsl,0,escalated
C03397,65,25,69.15,1757.96,0,month-to-month,fiber,0,no_contact
C03398,52,36,108.97,3913.05,0,one-year,fiber,0,resolved
C03399,29,25,77.87,1977.57,1,one-year,fiber,0,resolved
C03400,55,6,94.35,624.13,2,month-to-month,none,1,escalated
C03401,42,40,78.99,3106.62,1,month-to-month,fiber,0,no_contact
C03402,48,48,,1347.14,3,one-year,fiber,0,resolved
C03403,52,19,65.92,1205.98,0,month-to-month,fiber,1,unresolved
C03404,37,15,112.21,1632.04,1,one-year,fiber,0,resolved
C03405,47,40,72.26,2977.07,1,,fiber,1,cancelled
C03406,54,3,57.4,129.6,1,one-year,dsl,1,cancelled
C03407,63,15,101.34,1471.87,1,month-to-month,dsl,1,cancelled
C03408,52,31,69.91,2151.86,0,month-to-month,fiber,0,resolved
C03409,65,54,112.71,6122.15,0,month-to-month,dsl,0,no_contact
C03410,45,52,,2745.29,0,one-year,fiber,0,no_contact
C03411,75,4,44.79,84.06,3,month-to-month,fiber,0,resolved
C03412,45,17,60.72,1051.17,3,month-to-month,dsl,1,cancelled
C03413,39,21,116.26,2425.04,0,one-year,none,1,escalated
C03414,73,12,51.8,592.95,1,month-to-month,fiber,1,cancelled
C03415,70,72,79.71,5766.24,0,one-year,fiber,0,no_contact
C03416,51,23,111.61,2626.39,0,two-year,dsl,1,cancelled
C03417,54,2,78.69,,1,two-year,fiber,1,cancelled
C03418,43,59,65.3,3823.66,1,one-year,dsl,0,no_contact
C03419,61,37,100.99,3833.04,3,month-to-month,fiber,0,no_contact
C03420,68,24,80.79,2004.99,2,two-year,fiber,0,no_contact
C03421,41,69,51.24,3563.54,0,month-to-month,dsl,0,no_contact
C03422,50,14,93.83,1341.35,1,month-to-month,dsl,1,cancelled
C03423,53,17,39.96,758.33,0,one-year,none,0,no_contact
C03424,44,30,82.7,2401.52,0,month-to-month,fiber,1,cancelled
C03425,58,5,74.68,395.57,1,two-year,fiber,0,no_contact
C03426,38,29,49.93,1376.12,0,one-year,fiber,0,resolved
C03427,33,37,73.62,2675.52,0,month-to-month,none,0,resolved
C03428,50,16,97.82,1578.78,1,two-year,dsl,0,resolved
C03429,63,16,59.29,894.45,1,one-year,none,1,escalated
C03430,59,9,122.25,1024.55,0,month-to-month,dsl,0,escalated
C03431,81,7,65.6,408.2,1,month-to-month,dsl,1,cancelled
C03432,51,12,43.79,,1,month-to-month,fiber,1,cancelled
C03433,57,11,18.0,194.33,0,two-year,dsl,1,cancelled
C03434,65,39,92.25,3587.8,1,two-year,fiber,0,resolved
C03435,37,11,95.39,1074.29,1,month-to-month,fiber,1,escalated
C03436,25,56,108.6,5980.33,0,month-to-month,fiber,0,resolved
C03437,52,44,66.74,2930.19,2,month-to-month,dsl,1,cancelled
C03438,57,10,120.38,1126.59,2,month-to-month,dsl,1,cancelled
C03439,43,15,74.02,1071.11,2,one-year,dsl,0,no_contact
C03440,48,21,82.55,1679.29,1,month-to-month,dsl,1,cancelled
C03441,53,9,67.63,625.13,0,one-year,fiber,0,resolved
C03442,29,16,91.99,1415.11,1,two-year,fiber,0,resolved
C03443,49,18,39.79,665.0,1,month-to-month,fiber,0,resolved
C03444,42,11,85.09,917.24,0,month-to-month,fiber,1,cancelled
C03445,33,3,82.71,298.83,1,month-to-month,fiber,1,cancelled
C03446,54,20,73.41,1448.01,0,one-year,fiber,1,escalated
C03447,37,61,53.23,3304.12,2,two-year,dsl,0,no_contact
C03448,41,4,66.44,317.93,2,one-year,dsl,1,cancelled
C03449,69,20,65.43,1278.65,2,month-to-month,dsl,1,cancelled
C03450,18,10,53.74,495.94,2,month-to-month,fiber,0,resolved
C03451,61,22,80.17,1808.99,0,month-to-month,fiber,0,no_contact
C03452,52,13,18.05,193.1,1,one-year,dsl,1,cancelled
C03453,47,9,83.86,806.32,2,month-to-month,dsl,0,resolved
C03454,53,9,51.57,436.9,1,month-to-month,none,1,cancelled
C03455,49,4,29.45,180.25,3,one-year,dsl,0,resolved
C03456,53,58,85.91,,0,one-year,fiber,0,resolved
C03457,49,4,76.67,362.19,0,month-to-month,dsl,1,cancelled
C03458,49,28,9999.0,2518.54,1,month-to-month,fiber,0,resolved
C03459,52,72,41.2,2904.49,1,one-year,none,0,no_contact
C03460,55,12,51.54,528.96,2,month-to-month,fiber,1,escalated
C03461,45,2,85.12,,2,two-year,dsl,0,resolved
C03462,67,71,55.58,3917.4,1,month-to-month,fiber,0,escalated
C03463,40,16,90.05,1446.03,4,month-to-month,fiber,1,cancelled
C03464,48,22,93.49,2066.81,0,month-to-month,dsl,0,no_contact
C03465,46,8,84.76,651.13,3,one-year,dsl,0,resolved
C03466,44,23,77.38,1734.57,3,one-year,fiber,1,cancelled
C03467,21,9,59.55,535.87,1,month-to-month,fiber,1,cancelled
C03468,31,10,46.76,468.09,2,month-to-month,fiber,0,no_contact
C03469,35,13,85.54,1146.35,2,month-to-month,fiber,1,escalated
C03470,75,4,55.17,111.62,1,month-to-month,none,0,no_contact
C03471,63,27,116.67,,3,month-to-month,none,0,resolved
C03472,19,44,72.77,3178.17,1,one-year,dsl,0,resolved
C03473,61,54,87.64,4746.32,0,one-year,dsl,0,no_contact
C03474,60,29,94.27,2697.85,2,two-year,satellite,1,cancelled
C03475,23,19,43.6,779.27,0,month-to-month,fiber,0,no_contact
C03476,23,12,97.85,1164.75,1,month-to-month,dsl,1,escalated
C03477,68,25,30.13,771.31,2,two-year,fiber,0,resolved
C03478,53,5,112.15,,0,one-year,fiber,0,no_contact
C03479,42,29,78.82,2333.2,0,month-to-month,fiber,1,escalated
C03480,44,2,96.36,256.04,1,month-to-month,fiber,1,escalated
C03481,18,4,60.42,176.63,2,month-to-month,dsl,1,unresolved
C03482,41,25,97.24,2386.34,2,two-year,fiber,1,cancelled
C03483,68,22,28.6,672.3,0,month-to-month,fiber,0,resolved
C03484,44,21,55.08,1167.58,2,one-year,fiber,1,cancelled
C03485,64,13,49.63,693.56,1,month-to-month,dsl,1,escalated
C03486,52,38,53.79,2031.85,1,one-year,fiber,0,resolved
C03487,88,48,101.14,4819.46,0,month-to-month,fiber,0,no_contact
C03488,51,32,72.32,2327.53,0,two-year,dsl,0,resolved
C03489,42,18,65.09,,1,month-to-month,dsl,0,no_contact
C03490,27,10,80.27,868.87,1,month-to-month,fiber,1,cancelled
C03491,29,30,64.65,1881.24,2,one-year,dsl,1,cancelled
C03492,56,30,83.13,2427.7,0,two-year,fiber,1,cancelled
C03493,81,31,76.13,2335.31,3,month-to-month,dsl,1,cancelled
C03494,88,27,81.81,2191.45,2,one-year,dsl,1,cancelled
C03495,64,3,70.76,228.88,0,month-to-month,fiber,1,cancelled
C03496,51,20,81.67,1653.38,2,month-to-month,dsl,1,cancelled
C03497,51,13,41.85,582.72,0,month-to-month,dsl,0,resolved
C03498,50,19,64.18,1208.66,1,month-to-month,fiber,1,cancelled
C03499,52,33,43.24,1446.09,0,month-to-month,fiber,0,resolved
C03500,44,36,,3860.81,0,month-to-month,dsl,1,escalated
C03501,55,10,29.07,329.14,0,month-to-month,none,0,resolved
C03502,18,26,75.57,2006.22,1,month-to-month,none,1,unresolved
C03503,18,49,79.2,3785.61,0,month-to-month,fiber,1,cancelled
C03504,60,2,131.0,282.21,1,month-to-month,dsl,1,cancelled
C03505,56,60,77.32,4671.69,0,two-year,none,0,no_contact
C03506,46,4,62.67,316.95,1,two-year,fiber,1,cancelled
C03507,40,10,53.34,496.73,3,two-year,dsl,1,cancelled
C03508,64,8,73.57,567.19,0,month-to-month,fiber,1,cancelled
C03509,60,7,77.63,488.72,2,one-year,fiber,0,no_contact
C03510,35,7,,820.02,0,month-to-month,none,1,cancelled
C03511,49,72,96.67,6994.92,0,two-year,dsl,0,no_contact
C03512,41,16,123.43,1932.38,0,two-year,fiber,0,resolved
C03513,46,21,9999.0,2353.81,0,one-year,none,0,resolved
C03514,77,28,66.26,1931.62,0,one-year,fiber,0,resolved
C03515,26,23,102.86,2292.5,0,two-year,dsl,0,no_contact
C03516,56,35,79.98,2862.0,1,one-year,dsl,1,cancelled
C03517,41,2,88.55,230.43,1,two-year,none,0,resolved
C03518,68,16,,889.24,0,month-to-month,dsl,1,cancelled
C03519,34,35,18.0,738.65,0,,fiber,0,resolved
C03520,64,21,,2162.83,1,month-to-month,fiber,1,escalated
C03521,18,26,68.62,1802.61,0,month-to-month,none,0,no_contact
C03522,23,68,75.1,5072.56,0,two-year,fiber,0,no_contact
C03523,34,14,9999.0,1027.12,1,two-year,none,1,cancelled
C03524,61,37,131.01,4826.46,1,one-year,none,0,resolved
C03525,25,10,74.59,699.46,2,month-to-month,dsl,0,resolved
C03526,73,30,59.17,1814.98,0,month-to-month,dsl,0,resolved
C03527,59,12,33.84,435.51,2,month-to-month,dsl,1,cancelled
C03528,18,32,89.03,2842.66,1,month-to-month,fiber,0,no_contact
C03529,47,14,78.18,1166.02,1,two-year,fiber,1,cancelled
C03530,43,25,108.4,2672.64,3,month-to-month,dsl,1,escalated
C03531,36,30,88.13,2653.69,3,one-year,dsl,0,resolved
C03532,44,21,56.55,1255.91,0,one-year,fiber,1,cancelled
C03533,53,24,41.49,1003.78,1,month-to-month,dsl,0,resolved
C03534,18,20,60.12,1232.04,2,month-to-month,dsl,0,no_contact
C03535,53,49,18.0,835.09,1,one-year,fiber,0,no_contact
C03536,54,26,36.94,959.5,2,month-to-month,fiber,0,no_contact
C03537,66,24,68.54,1651.56,2,two-year,fiber,1,escalated
C03538,42,36,106.5,3781.17,3,,fiber,0,no_contact
C03539,18,23,72.89,1705.15,1,month-to-month,dsl,0,no_contact
C03540,30,16,32.52,576.74,0,month-to-month,dsl,0,resolved
C03541,56,3,57.12,205.36,0,month-to-month,fiber,1,unresolved
C03542,47,35,85.37,3045.57,1,one-year,dsl,0,no_contact
C03543,54,51,51.62,2634.13,5,one-year,dsl,0,no_contact
C03544,18,59,29.4,1726.02,0,one-year,none,0,resolved
C03545,43,13,94.95,1245.41,2,two-year,dsl,1,cancelled
C03546,62,59,52.15,3059.35,0,two-year,fiber,0,escalated
C03547,52,37,106.2,3886.51,0,month-to-month,dsl,1,cancelled
C03548,30,25,67.29,1648.03,2,two-year,fiber,0,escalated
C03549,51,70,47.62,3321.53,2,one-year,fiber,0,no_contact
C03550,34,10,75.78,793.42,1,one-year,fiber,1,cancelled
C03551,50,30,58.04,1714.46,2,two-year,dsl,0,no_contact
C03552,41,13,82.1,1066.97,2,month-to-month,fiber,0,no_contact
C03553,50,34,56.0,1952.06,0,month-to-month,fiber,1,cancelled
C03554,74,12,97.77,1174.13,0,month-to-month,none,0,no_contact
C03555,43,6,72.01,504.01,1,month-to-month,fiber,1,escalated
C03556,56,35,,2297.5,0,two-year,fiber,1,cancelled
C03557,27,13,60.1,768.19,1,,dsl,0,no_contact
C03558,57,6,44.89,330.08,3,two-year,fiber,1,cancelled
C03559,36,8,76.45,611.27,2,one-year,dsl,1,unresolved
C03560,41,29,81.71,2320.84,2,month-to-month,fiber,0,resolved
C03561,31,37,65.27,2452.81,1,month-to-month,fiber,1,cancelled
C03562,43,11,,877.37,2,two-year,dsl,1,cancelled
C03563,68,9,96.48,886.91,0,one-year,fiber,1,cancelled
C03564,49,9,40.77,325.97,1,one-year,dsl,0,no_contact
C03565,39,38,79.62,3022.93,1,two-year,fiber,0,no_contact
C03566,18,7,78.71,,1,month-to-month,dsl,0,resolved
C03567,38,8,65.8,428.55,1,two-year,fiber,0,resolved
C03568,65,10,66.29,648.44,1,month-to-month,dsl,0,resolved
C03569,50,8,79.89,584.72,0,one-year,fiber,1,cancelled
C03570,47,27,96.22,2591.85,1,month-to-month,fiber,1,cancelled
C03571,60,20,44.35,922.21,0,month-to-month,fiber,1,cancelled
C03572,46,26,65.97,1799.49,2,two-year,dsl,1,cancelled
C03573,39,55,68.09,3763.79,1,one-year,dsl,0,no_contact
C03574,29,11,74.92,816.36,1,month-to-month,dsl,0,no_contact
C03575,39,21,18.0,390.16,2,month-to-month,fiber,0,resolved
C03576,45,46,72.9,3286.46,0,month-to-month,fiber,0,no_contact
C03577,50,18,85.57,1522.75,2,month-to-month,fiber,1,cancelled
C03578,43,2,89.75,211.47,1,month-to-month,fiber,1,cancelled
C03579,38,32,111.98,3618.48,0,one-year,fiber,0,no_contact
C03580,53,9,66.99,547.02,1,month-to-month,fiber,1,cancelled
C03581,67,26,82.5,2135.0,1,one-year,fiber,0,no_contact
C03582,54,45,70.57,3192.84,1,one-year,none,0,no_contact
C03583,30,3,113.09,327.29,1,month-to-month,fiber,1,cancelled
C03584,41,16,87.8,1391.8,1,two-year,dsl,1,escalated
C03585,32,30,90.09,2780.42,0,month-to-month,satellite,1,cancelled
C03586,40,18,89.86,1608.55,1,month-to-month,fiber,1,escalated
C03587,56,10,77.52,781.87,1,month-to-month,dsl,1,unresolved
C03588,46,35,78.17,2709.53,1,month-to-month,dsl,1,escalated
C03589,46,31,46.87,1343.49,0,two-year,fiber,1,unresolved
C03590,30,37,74.84,2702.12,1,,satellite,0,no_contact
C03591,58,24,45.93,,0,month-to-month,satellite,1,cancelled
C03592,60,40,101.86,4114.26,0,one-year,dsl,0,resolved
C03593,53,49,56.49,2774.05,0,month-to-month,fiber,0,resolved
C03594,19,23,95.74,2196.7,0,month-to-month,fiber,1,unresolved
C03595,55,11,78.1,,0,one-year,dsl,0,no_contact
C03596,24,23,62.66,1580.72,0,two-year,fiber,0,resolved
C03597,39,22,119.25,2618.62,0,month-to-month,fiber,1,cancelled
C03598,54,14,18.0,195.8,1,one-year,dsl,0,resolved
C03599,87,5,73.15,316.92,1,month-to-month,dsl,1,escalated
C03600,50,7,37.05,208.63,1,one-year,none,0,resolved
C03601,73,9,61.04,520.52,3,month-to-month,dsl,1,unresolved
C03602,56,15,71.98,1021.2,0,month-to-month,fiber,1,escalated
C03603,65,18,28.16,565.71,3,month-to-month,fiber,0,resolved
C03604,65,6,83.16,438.48,4,,fiber,1,escalated
C03605,39,23,53.88,1220.07,0,two-year,dsl,0,resolved
C03606,80,31,78.54,2484.4,1,month-to-month,dsl,1,cancelled
C03607,34,34,56.0,1952.36,1,month-to-month,dsl,0,no_contact
C03608,46,7,74.98,595.97,1,one-year,dsl,1,cancelled
C03609,27,28,58.82,1587.86,2,one-year,fiber,0,resolved
C03610,31,18,,1135.66,0,month-to-month,fiber,1,escalated
C03611,41,47,63.57,3033.26,0,month-to-month,fiber,0,resolved
C03612,32,6,34.69,235.55,3,month-to-month,fiber,1,escalated
C03613,36,22,55.28,1205.74,1,month-to-month,dsl,1,cancelled
C03614,41,4,51.48,,2,month-to-month,dsl,1,cancelled
C03615,47,47,48.75,2249.01,1,one-year,none,0,resolved
C03616,43,23,104.41,2389.71,2,month-to-month,dsl,1,cancelled
C03617,54,56,79.53,4485.31,1,month-to-month,dsl,0,resolved
C03618,77,13,57.97,793.94,2,two-year,dsl,0,resolved
C03619,62,3,37.0,94.51,0,one-year,dsl,0,no_contact
C03620,25,17,73.43,1202.97,3,month-to-month,none,1,cancelled
C03621,61,29,106.37,3065.39,3,two-year,none,1,cancelled
C03622,51,26,64.82,1659.24,0,two-year,fiber,1,cancelled
C03623,49,2,71.64,159.8,1,one-year,dsl,1,cancelled
C03624,36,41,88.89,3628.95,0,two-year,none,0,no_contact
C03625,45,42,81.19,3333.44,1,one-year,fiber,0,resolved
C03626,52,17,82.65,1384.62,2,two-year,dsl,0,escalated
C03627,35,12,30.08,351.77,2,month-to-month,dsl,1,escalated
C03628,44,72,93.01,6681.47,2,two-year,satellite,0,resolved
C03629,19,72,93.88,6744.17,0,month-to-month,fiber,0,no_contact
C03630,50,46,120.48,5497.99,0,one-year,dsl,0,escalated
C03631,52,29,99.39,2833.86,2,one-year,fiber,1,cancelled
C03632,68,49,100.49,4961.27,0,month-to-month,satellite,0,resolved
C03633,51,18,71.9,1351.19,0,,dsl,0,resolved
C03634,42,42,66.65,2782.48,2,month-to-month,fiber,0,resolved
C03635,30,5,47.67,209.84,1,two-year,dsl,0,resolved
C03636,46,6,32.59,148.47,0,,none,1,cancelled
C03637,45,31,42.27,1281.89,1,two-year,dsl,0,resolved
C03638,45,19,86.18,1581.84,2,month-to-month,fiber,1,cancelled
C03639,31,17,47.44,783.5,1,month-to-month,fiber,0,escalated
C03640,43,29,47.48,1388.57,2,month-to-month,fiber,0,resolved
C03641,49,27,74.5,2045.46,1,one-year,fiber,0,resolved
C03642,45,32,46.91,1493.02,0,month-to-month,dsl,0,no_contact
C03643,54,23,,1263.11,0,month-to-month,dsl,0,resolved
C03644,59,28,85.43,2359.88,0,two-year,none,0,resolved
C03645,32,4,57.08,205.8,1,two-year,dsl,1,cancelled
C03646,44,46,35.75,1600.24,0,two-year,dsl,0,resolved
C03647,51,26,48.07,1341.46,1,month-to-month,fiber,0,no_contact
C03648,43,53,90.56,4888.79,0,two-year,fiber,0,no_contact
C03649,55,50,99.68,4960.49,0,month-to-month,fiber,1,cancelled
C03650,43,40,59.19,2291.55,1,month-to-month,fiber,0,no_contact
C03651,70,34,35.58,1167.18,1,month-to-month,fiber,0,resolved
C03652,34,4,46.85,219.11,2,two-year,fiber,0,no_contact
C03653,22,21,86.32,1822.94,2,one-year,fiber,1,cancelled
C03654,44,27,41.84,1148.07,2,month-to-month,none,0,resolved
C03655,39,27,111.56,3017.72,0,month-to-month,none,1,cancelled
C03656,48,13,93.93,1239.12,1,two-year,dsl,1,unresolved
C03657,32,59,42.02,2463.03,0,month-to-month,none,1,cancelled
C03658,62,32,18.0,536.73,1,month-to-month,fiber,1,cancelled
C03659,43,22,62.67,1399.25,1,month-to-month,fiber,0,resolved
C03660,55,3,64.2,238.45,2,one-year,dsl,1,cancelled
C03661,47,25,,2014.33,0,month-to-month,fiber,1,cancelled
C03662,48,30,70.66,2101.18,2,month-to-month,satellite,0,resolved
C03663,28,6,61.84,443.67,0,month-to-month,satellite,1,cancelled
C03664,39,14,72.57,926.99,0,one-year,fiber,0,resolved
C03665,24,12,91.68,1104.86,2,month-to-month,fiber,1,cancelled
C03666,41,7,65.29,475.12,0,one-year,dsl,0,escalated
C03667,46,16,37.43,609.42,3,one-year,none,0,no_contact
C03668,37,5,42.0,,1,month-to-month,dsl,0,no_contact
C03669,51,22,92.41,2028.45,0,one-year,fiber,0,escalated
C03670,46,7,107.58,720.37,0,month-to-month,dsl,0,no_contact
C03671,25,2,57.79,,2,month-to-month,dsl,1,cancelled
C03672,47,33,77.6,2616.83,1,one-year,none,0,resolved
C03673,43,15,79.79,1210.97,0,month-to-month,fiber,0,no_contact
C03674,24,14,48.55,634.84,0,month-to-month,none,0,resolved
C03675,52,68,95.94,6491.71,1,month-to-month,dsl,0,resolved
C03676,21,59,90.88,5337.1,0,month-to-month,fiber,0,no_contact
C03677,53,19,49.14,862.99,1,two-year,none,0,escalated
C03678,18,36,103.89,3747.25,2,month-to-month,dsl,0,resolved
C03679,43,46,77.76,3623.29,0,month-to-month,fiber,0,resolved
C03680,40,17,43.56,723.11,0,two-year,fiber,0,no_contact
C03681,46,39,94.17,3713.56,0,two-year,fiber,0,no_contact
C03682,58,23,90.09,2050.55,0,month-to-month,dsl,0,no_contact
C03683,51,12,37.3,462.17,0,,dsl,0,no_contact
C03684,63,13,60.28,796.91,2,month-to-month,dsl,1,cancelled
C03685,33,1,79.23,34.48,1,one-year,fiber,1,cancelled
C03686,54,13,35.78,523.31,2,two-year,dsl,0,resolved
C03687,22,18,88.05,,2,month-to-month,fiber,1,cancelled
C03688,28,6,89.91,496.02,2,two-year,dsl,1,escalated
C03689,47,5,84.11,430.9,1,two-year,dsl,1,cancelled
C03690,42,42,110.31,4517.28,3,two-year,fiber,0,resolved
C03691,40,9,91.52,843.27,1,month-to-month,fiber,1,cancelled
C03692,50,26,48.59,1276.04,0,two-year,fiber,0,no_contact
C03693,69,40,93.01,3824.9,0,month-to-month,dsl,1,cancelled
C03694,40,53,77.1,4111.24,1,month-to-month,none,0,resolved
C03695,42,24,42.79,1082.89,0,one-year,fiber,0,escalated
C03696,50,31,36.74,1069.26,0,month-to-month,fiber,0,resolved
C03697,58,25,94.23,2224.34,0,one-year,dsl,0,resolved
C03698,45,3,83.54,302.81,1,one-year,dsl,1,escalated
C03699,42,9,55.27,,2,month-to-month,fiber,1,cancelled
C03700,37,19,83.83,1543.57,3,month-to-month,satellite,0,resolved
C03701,33,10,108.82,954.9,0,month-to-month,dsl,0,resolved
C03702,31,15,70.54,1067.98,0,two-year,fiber,0,resolved
C03703,42,1,83.61,110.95,1,month-to-month,fiber,1,cancelled
C03704,46,41,55.35,2345.41,1,month-to-month,dsl,0,resolved
C03705,57,15,104.91,1559.39,0,month-to-month,fiber,1,escalated
C03706,52,54,101.41,5443.34,0,one-year,dsl,0,resolved
C03707,18,39,46.88,1875.54,2,two-year,fiber,1,escalated
C03708,45,20,54.06,1079.44,1,month-to-month,dsl,0,no_contact
C03709,34,14,82.86,1144.79,1,two-year,fiber,0,no_contact
C03710,48,13,20.53,206.23,1,one-year,dsl,0,no_contact
C03711,34,15,69.58,1043.2,2,two-year,dsl,1,escalated
C03712,51,27,85.36,2339.59,0,month-to-month,dsl,1,cancelled
C03713,65,54,77.21,4114.51,0,month-to-month,fiber,0,resolved
C03714,40,18,80.96,1575.29,1,month-to-month,dsl,1,cancelled
C03715,54,27,18.0,507.47,0,month-to-month,dsl,0,resolved
C03716,36,18,35.98,,2,two-year,fiber,1,cancelled
C03717,27,30,96.55,2950.1,0,month-to-month,fiber,1,cancelled
C03718,54,50,82.16,4181.86,0,one-year,none,0,no_contact
C03719,56,13,83.14,1086.62,1,one-year,dsl,1,cancelled
C03720,40,15,80.98,1195.86,1,month-to-month,dsl,0,resolved
C03721,41,3,63.24,172.38,3,month-to-month,fiber,1,cancelled
C03722,40,21,63.8,1292.44,1,month-to-month,fiber,1,cancelled
C03723,57,16,94.1,1456.97,0,one-year,fiber,0,no_contact
C03724,62,21,85.51,1880.67,0,month-to-month,none,0,no_contact
C03725,42,8,31.82,277.16,0,month-to-month,fiber,0,resolved
C03726,37,31,20.94,631.51,1,two-year,fiber,0,resolved
C03727,60,5,94.39,428.57,1,month-to-month,dsl,1,cancelled
C03728,29,21,80.93,1702.27,3,one-year,dsl,1,escalated
C03729,40,18,69.18,1174.2,0,one-year,dsl,0,resolved
C03730,30,28,52.12,1403.26,0,month-to-month,fiber,1,unresolved
C03731,55,19,89.85,1760.23,1,one-year,dsl,1,cancelled
C03732,51,28,49.89,1438.5,0,two-year,satellite,1,cancelled
C03733,32,12,83.98,1038.85,2,one-year,fiber,1,cancelled
C03734,37,21,22.59,425.58,0,month-to-month,satellite,0,resolved
C03735,26,23,125.92,2860.08,0,one-year,fiber,0,resolved
C03736,51,22,54.04,1140.82,1,month-to-month,dsl,1,unresolved
C03737,41,17,18.0,281.63,1,month-to-month,dsl,0,resolved
C03738,30,11,93.15,1049.77,1,one-year,fiber,0,resolved
C03739,66,31,51.58,1626.43,1,month-to-month,dsl,0,resolved
C03740,41,30,67.27,2032.85,1,one-year,dsl,0,resolved
C03741,39,34,84.5,2910.48,2,one-year,fiber,0,resolved
C03742,57,7,73.59,475.6,0,one-year,fiber,0,resolved
C03743,48,7,,634.36,0,one-year,none,1,cancelled
C03744,84,17,35.8,591.96,0,month-to-month,dsl,0,resolved
C03745,50,16,79.7,1231.38,1,two-year,none,1,unresolved
C03746,47,27,82.24,2193.39,0,month-to-month,fiber,0,no_contact
C03747,34,23,96.95,2271.7,0,,none,1,cancelled
C03748,41,28,105.97,3016.97,1,one-year,none,1,cancelled
C03749,41,3,106.04,291.08,1,month-to-month,dsl,1,cancelled
C03750,65,8,78.27,,2,two-year,dsl,1,escalated
C03751,36,13,136.38,1809.73,2,month-to-month,none,1,cancelled
C03752,69,26,99.08,2538.62,2,two-year,fiber,0,no_contact
C03753,21,68,67.35,4544.03,2,one-year,fiber,0,resolved
C03754,69,4,101.47,398.36,0,month-to-month,fiber,1,cancelled
C03755,48,42,39.1,1604.59,1,one-year,fiber,0,resolved
C03756,44,23,60.97,1505.02,2,one-year,fiber,0,no_contact
C03757,18,12,79.34,956.92,0,month-to-month,dsl,0,resolved
C03758,41,25,59.69,1491.89,1,month-to-month,fiber,1,unresolved
C03759,63,27,25.81,664.21,2,one-year,fiber,1,cancelled
C03760,26,26,39.68,1021.83,0,month-to-month,fiber,1,cancelled
C03761,47,19,51.96,1000.87,1,two-year,fiber,0,resolved
C03762,54,35,70.42,2377.3,0,one-year,dsl,0,resolved
C03763,38,18,,587.21,0,one-year,fiber,0,resolved
C03764,36,8,81.07,666.65,0,two-year,fiber,1,cancelled
C03765,39,17,60.39,1068.28,2,one-year,fiber,0,no_contact
C03766,40,39,56.76,2199.76,2,month-to-month,fiber,0,no_contact
C03767,42,18,126.39,2212.27,1,month-to-month,dsl,1,cancelled
C03768,42,13,125.73,1604.05,2,month-to-month,fiber,1,cancelled
C03769,69,23,103.81,2419.15,2,two-year,satellite,1,cancelled
C03770,51,12,89.55,1129.25,2,month-to-month,dsl,0,resolved
C03771,59,1,43.87,-3.59,0,two-year,fiber,1,cancelled
C03772,42,20,68.74,1299.27,1,month-to-month,dsl,1,cancelled
C03773,75,15,79.72,1149.67,1,two-year,dsl,1,cancelled
C03774,47,40,74.3,2962.7,2,one-year,fiber,0,no_contact
C03775,58,18,48.99,938.68,0,two-year,dsl,0,resolved
C03776,58,15,88.88,1327.04,2,two-year,fiber,1,cancelled
C03777,33,51,87.84,4530.09,0,one-year,fiber,0,no_contact
C03778,62,12,18.0,220.63,0,month-to-month,dsl,0,resolved
C03779,34,26,93.65,2361.44,0,two-year,dsl,1,unresolved
C03780,59,51,74.01,3817.73,2,one-year,none,1,unresolved
C03781,32,20,67.96,1337.61,0,two-year,none,0,resolved
C03782,49,26,55.21,1456.79,1,month-to-month,fiber,0,resolved
C03783,76,17,99.2,1770.87,0,two-year,fiber,1,cancelled
C03784,28,5,50.35,296.61,1,two-year,fiber,0,no_contact
C03785,49,32,18.0,506.28,0,month-to-month,fiber,0,no_contact
C03786,60,10,102.35,1013.45,1,month-to-month,fiber,1,cancelled
C03787,52,19,63.98,1217.49,0,month-to-month,fiber,1,cancelled
C03788,34,15,43.24,,4,two-year,fiber,0,no_contact
C03789,35,72,34.55,2424.08,0,one-year,fiber,0,no_contact
C03790,29,32,39.87,1264.4,0,one-year,fiber,0,resolved
C03791,42,21,31.57,695.03,1,one-year,fiber,1,escalated
C03792,18,4,61.69,166.28,0,two-year,fiber,0,resolved
C03793,58,4,67.83,230.25,1,month-to-month,fiber,1,cancelled
C03794,55,23,73.52,1648.67,1,one-year,dsl,1,escalated
C03795,57,42,34.86,1429.24,0,month-to-month,dsl,0,no_contact
C03796,46,30,100.25,3002.44,0,one-year,dsl,0,no_contact
C03797,20,29,51.16,1441.69,1,one-year,dsl,0,resolved
C03798,59,34,79.29,2649.07,1,month-to-month,fiber,1,escalated
C03799,55,19,26.31,472.68,0,two-year,dsl,0,no_contact
C03800,79,17,65.31,1081.29,1,month-to-month,dsl,1,unresolved
C03801,38,36,43.58,1444.58,2,month-to-month,fiber,0,escalated
C03802,62,2,60.12,146.99,1,month-to-month,fiber,1,cancelled
C03803,56,23,84.33,1962.0,0,month-to-month,fiber,1,unresolved
C03804,28,20,60.7,1249.17,0,one-year,none,0,resolved
C03805,56,18,66.78,1174.02,0,month-to-month,fiber,0,no_contact
C03806,54,72,88.3,6337.29,2,one-year,satellite,0,resolved
C03807,56,1,105.42,108.15,1,month-to-month,fiber,1,cancelled
C03808,54,21,39.53,914.43,1,month-to-month,fiber,1,cancelled
C03809,22,13,51.87,677.81,1,two-year,fiber,1,cancelled
C03810,80,28,47.34,1401.69,0,month-to-month,dsl,0,resolved
C03811,18,37,79.49,2905.56,0,one-year,fiber,0,no_contact
C03812,59,27,,,2,two-year,dsl,0,escalated
C03813,40,12,99.28,1162.07,1,two-year,dsl,1,cancelled
C03814,35,17,45.44,742.13,1,one-year,fiber,0,no_contact
C03815,38,36,74.15,2664.66,1,month-to-month,dsl,0,no_contact
C03816,31,29,38.31,1112.16,0,month-to-month,dsl,1,cancelled
C03817,39,27,76.99,2069.8,1,month-to-month,fiber,1,cancelled
C03818,47,4,,315.94,3,month-to-month,none,1,escalated
C03819,28,14,54.69,829.82,0,month-to-month,none,0,escalated
C03820,38,1,117.55,,1,one-year,none,1,escalated
C03821,53,16,50.48,778.64,1,month-to-month,fiber,1,cancelled
C03822,46,8,49.49,407.8,0,one-year,dsl,0,escalated
C03823,48,4,66.5,310.65,1,month-to-month,fiber,1,unresolved
C03824,38,11,99.73,1011.24,0,one-year,none,1,unresolved
C03825,25,9,62.63,575.55,0,month-to-month,dsl,1,cancelled
C03826,53,25,,2131.54,2,month-to-month,dsl,1,cancelled
C03827,47,43,65.06,2887.52,0,one-year,dsl,0,resolved
C03828,51,19,113.5,2145.51,2,one-year,fiber,1,cancelled
C03829,54,40,69.58,2708.95,2,month-to-month,dsl,0,resolved
C03830,56,11,55.21,576.9,0,two-year,fiber,0,no_contact
C03831,69,16,61.62,,2,one-year,fiber,1,cancelled
C03832,73,61,97.58,5958.18,0,month-to-month,fiber,1,cancelled
C03833,24,1,42.65,-6.89,1,one-year,none,1,cancelled
C03834,47,15,51.24,817.02,0,month-to-month,fiber,0,resolved
C03835,37,18,31.56,619.48,3,one-year,fiber,1,cancelled
C03836,32,28,56.73,1581.78,3,one-year,fiber,0,resolved
C03837,54,20,62.6,1259.02,0,month-to-month,dsl,1,cancelled
C03838,45,8,,504.47,0,month-to-month,dsl,0,resolved
C03839,40,11,59.99,674.7,0,month-to-month,fiber,1,escalated
C03840,74,38,56.72,2127.27,2,month-to-month,fiber,1,unresolved
C03841,66,3,,189.46,1,one-year,satellite,0,no_contact
C03842,43,32,62.05,2008.99,0,month-to-month,fiber,0,no_contact
C03843,38,27,61.49,1723.69,1,,dsl,0,resolved
C03844,50,28,43.99,1243.09,2,month-to-month,dsl,0,resolved
C03845,38,50,91.06,4581.69,3,one-year,dsl,0,no_contact
C03846,34,30,44.33,1363.61,2,one-year,fiber,0,resolved
C03847,37,5,35.39,159.2,0,month-to-month,fiber,0,resolved
C03848,77,26,96.46,,1,two-year,dsl,1,cancelled
C03849,29,46,104.11,4808.0,0,one-year,fiber,0,no_contact
C03850,43,12,39.84,435.2,0,month-to-month,fiber,0,no_contact
C03851,61,26,86.9,2206.01,2,month-to-month,dsl,0,resolved
C03852,44,10,61.42,568.16,1,month-to-month,fiber,1,escalated
C03853,46,13,57.34,757.68,1,month-to-month,fiber,0,resolved
C03854,35,35,67.58,2379.46,2,one-year,fiber,1,cancelled
C03855,37,10,78.78,756.3,4,one-year,fiber,0,resolved
C03856,47,23,40.48,,1,month-to-month,dsl,1,escalated
C03857,52,26,38.28,1037.79,0,two-year,fiber,1,cancelled
C03858,47,21,70.71,1453.28,0,month-to-month,dsl,1,cancelled
C03859,38,32,87.92,2794.36,0,month-to-month,dsl,1,cancelled
C03860,54,7,18.0,126.56,2,month-to-month,fiber,1,cancelled
C03861,58,25,46.7,1241.32,0,month-to-month,fiber,0,resolved
C03862,43,24,21.45,511.04,0,month-to-month,fiber,0,no_contact
C03863,70,35,40.08,1362.66,3,month-to-month,dsl,1,cancelled
C03864,51,28,18.0,410.36,1,one-year,fiber,0,resolved
C03865,47,27,105.46,2769.46,2,two-year,dsl,1,escalated
C03866,50,11,63.9,678.3,2,month-to-month,dsl,0,resolved
C03867,50,6,52.53,271.86,0,month-to-month,dsl,0,no_contact
C03868,38,24,,2266.15,1,month-to-month,dsl,1,cancelled
C03869,29,26,66.92,1763.83,0,two-year,fiber,0,resolved
C03870,45,17,58.0,1012.52,1,one-year,dsl,0,resolved
C03871,43,17,52.97,950.67,1,month-to-month,dsl,1,cancelled
C03872,48,30,96.22,2903.32,1,one-year,fiber,1,cancelled
C03873,70,13,87.77,1158.47,2,two-year,dsl,0,resolved
C03874,33,30,62.04,1863.03,1,month-to-month,none,0,resolved
C03875,39,18,74.57,1333.44,0,month-to-month,fiber,1,escalated
C03876,60,33,53.39,1785.23,0,one-year,fiber,0,no_contact
C03877,64,16,43.47,,1,two-year,dsl,0,no_contact
C03878,67,13,18.8,294.24,0,two-year,none,0,no_contact
C03879,79,14,69.31,957.97,0,month-to-month,dsl,1,unresolved
C03880,43,4,71.94,291.06,2,month-to-month,fiber,1,escalated
C03881,58,31,58.6,1780.49,0,one-year,fiber,0,resolved
C03882,51,4,18.0,137.43,3,one-year,dsl,1,escalated
C03883,45,39,58.89,2221.21,3,month-to-month,fiber,1,escalated
C03884,57,9,67.58,643.6,1,two-year,fiber,1,cancelled
C03885,44,46,52.71,2416.26,3,one-year,none,0,resolved
C03886,40,12,97.12,1156.25,1,two-year,fiber,0,no_contact
C03887,45,33,52.59,,0,one-year,none,0,no_contact
C03888,18,38,68.25,2585.69,1,one-year,dsl,0,resolved
C03889,58,49,51.23,2437.89,0,month-to-month,none,0,no_contact
C03890,45,30,79.85,2497.77,1,month-to-month,fiber,1,escalated
C03891,57,29,43.29,1199.22,3,month-to-month,dsl,0,no_contact
C03892,60,6,76.82,,2,two-year,dsl,0,no_contact
C03893,20,16,109.65,1830.15,0,month-to-month,fiber,1,unresolved
C03894,35,27,68.22,1882.45,1,month-to-month,none,0,no_contact
C03895,44,10,105.38,1035.82,2,one-year,dsl,1,cancelled
C03896,34,17,91.1,1545.89,0,one-year,dsl,1,cancelled
C03897,62,37,78.28,2921.01,0,month-to-month,fiber,0,resolved
C03898,34,4,53.25,233.3,0,one-year,fiber,0,resolved
C03899,78,35,65.71,2204.92,1,month-to-month,fiber,0,no_contact
C03900,44,17,66.62,1130.64,0,month-to-month,none,1,cancelled
C03901,29,7,87.52,642.9,1,month-to-month,dsl,1,escalated
C03902,75,15,95.97,1444.72,0,one-year,none,0,resolved
C03903,51,15,31.62,537.38,0,month-to-month,fiber,1,cancelled
C03904,64,14,92.26,1303.64,2,month-to-month,fiber,0,resolved
C03905,33,32,38.53,1307.19,3,one-year,fiber,0,resolved
C03906,55,32,55.2,1701.56,1,one-year,dsl,0,resolved
C03907,50,4,,418.04,1,two-year,dsl,0,no_contact
C03908,58,47,128.62,6107.51,1,two-year,fiber,0,no_contact
C03909,18,46,103.94,4807.86,1,two-year,dsl,0,resolved
C03910,51,39,,3683.35,0,month-to-month,dsl,1,escalated
C03911,45,21,81.27,1601.61,1,,satellite,1,escalated
C03912,48,32,57.12,1876.23,1,one-year,dsl,0,no_contact
C03913,41,13,68.17,876.51,1,month-to-month,fiber,1,cancelled
C03914,47,36,18.0,663.57,1,month-to-month,dsl,1,cancelled
C03915,47,47,105.81,4959.19,0,month-to-month,fiber,1,escalated
C03916,48,16,64.52,1023.26,1,month-to-month,fiber,1,cancelled
C03917,18,18,18.0,413.34,1,month-to-month,fiber,1,cancelled
C03918,37,26,22.4,593.28,2,month-to-month,dsl,0,resolved
C03919,50,44,79.38,3509.9,0,month-to-month,fiber,0,resolved
C03920,40,19,53.8,1010.0,1,month-to-month,dsl,0,no_contact
C03921,59,18,61.31,1102.74,1,two-year,none,0,no_contact
C03922,28,61,88.56,5382.15,0,month-to-month,dsl,0,resolved
C03923,66,37,63.27,2322.31,0,one-year,dsl,0,escalated
C03924,24,12,91.52,1063.65,1,month-to-month,fiber,1,cancelled
C03925,67,36,55.33,1973.46,0,month-to-month,fiber,0,no_contact
C03926,24,16,78.3,1267.06,0,one-year,fiber,0,resolved
C03927,45,40,94.69,3861.45,0,two-year,fiber,0,resolved
C03928,34,10,67.39,713.13,0,two-year,dsl,0,resolved
C03929,56,16,95.07,1551.03,1,one-year,fiber,1,cancelled
C03930,42,22,113.7,2536.31,1,one-year,dsl,0,resolved
C03931,61,15,98.04,1446.34,2,two-year,fiber,0,resolved
C03932,47,46,70.13,3150.85,0,two-year,none,1,cancelled
C03933,65,12,115.99,1365.44,0,month-to-month,dsl,0,resolved
C03934,53,6,44.8,,2,two-year,fiber,0,no_contact
C03935,50,48,22.31,1030.49,0,month-to-month,none,0,resolved
C03936,43,19,45.36,892.7,0,one-year,dsl,0,no_contact
C03937,29,9,56.59,570.92,1,one-year,fiber,1,cancelled
C03938,57,25,37.93,944.13,0,two-year,fiber,0,resolved
C03939,26,50,52.92,2615.03,0,month-to-month,fiber,1,escalated
C03940,66,42,116.97,4947.62,3,month-to-month,dsl,0,resolved
C03941,73,18,18.0,296.85,0,month-to-month,fiber,0,escalated
C03942,18,20,62.82,1208.37,1,one-year,none,1,cancelled
C03943,81,10,34.14,333.74,0,one-year,fiber,0,resolved
C03944,56,39,28.49,1100.16,1,month-to-month,dsl,0,no_contact
C03945,51,28,43.46,1152.15,1,one-year,dsl,0,escalated
C03946,40,6,97.01,678.91,1,month-to-month,none,1,cancelled
C03947,26,15,125.66,1882.56,0,month-to-month,none,1,escalated
C03948,38,49,74.27,3659.35,1,one-year,fiber,0,no_contact
C03949,55,36,29.14,1077.85,0,month-to-month,fiber,0,escalated
C03950,76,6,88.2,487.74,1,two-year,dsl,1,cancelled
C03951,33,38,79.43,3031.84,2,month-to-month,fiber,1,escalated
C03952,48,39,53.71,2055.24,2,one-year,none,0,no_contact
C03953,69,42,33.52,1368.38,2,month-to-month,dsl,1,escalated
C03954,48,23,59.27,1385.71,1,one-year,fiber,1,cancelled
C03955,43,8,97.19,812.04,0,month-to-month,dsl,1,cancelled
C03956,30,64,109.32,6985.52,1,one-year,dsl,0,escalated
C03957,38,23,,2167.63,2,one-year,dsl,0,resolved
C03958,18,34,18.0,540.93,1,month-to-month,dsl,1,cancelled
C03959,27,32,,4002.58,2,month-to-month,dsl,1,cancelled
C03960,51,31,111.12,3406.67,0,one-year,fiber,0,resolved
C03961,35,16,85.9,1439.25,1,month-to-month,satellite,1,escalated
C03962,31,6,76.06,442.47,1,two-year,fiber,0,no_contact
C03963,30,24,43.21,1039.58,2,month-to-month,dsl,1,cancelled
C03964,26,4,78.46,282.23,0,two-year,dsl,1,cancelled
C03965,57,6,18.0,123.17,0,month-to-month,fiber,1,cancelled
C03966,48,1,112.53,20.18,0,month-to-month,dsl,1,cancelled
C03967,35,41,30.45,1335.51,0,month-to-month,fiber,0,no_contact
C03968,48,13,55.59,690.87,0,two-year,dsl,0,escalated
C03969,47,16,29.7,510.49,1,month-to-month,fiber,0,no_contact
C03970,35,27,67.16,1785.4,1,month-to-month,none,1,cancelled
C03971,66,19,63.4,1278.44,1,month-to-month,fiber,1,escalated
C03972,45,7,33.41,215.41,1,one-year,none,1,cancelled
C03973,37,2,69.8,,2,one-year,fiber,0,no_contact
C03974,41,16,18.0,317.87,6,one-year,dsl,1,cancelled
C03975,58,22,86.33,1865.76,1,two-year,dsl,0,escalated
C03976,38,11,37.05,,3,one-year,dsl,1,cancelled
C03977,55,18,112.01,2059.56,1,month-to-month,none,1,cancelled
C03978,37,33,44.81,1544.23,0,month-to-month,none,0,resolved
C03979,67,48,61.56,2880.36,0,two-year,fiber,0,resolved
C03980,48,7,77.83,508.59,2,two-year,dsl,0,resolved
C03981,38,11,18.0,205.13,0,month-to-month,dsl,0,resolved
C03982,42,9,35.71,,2,month-to-month,none,0,resolved
C03983,30,45,24.64,1106.16,1,month-to-month,fiber,0,no_contact
C03984,62,61,58.47,3514.34,1,two-year,fiber,0,no_contact
C03985,64,36,98.37,3487.67,0,one-year,fiber,0,resolved
C03986,37,33,18.89,571.76,1,month-to-month,none,0,no_contact
C03987,49,8,83.98,691.45,0,month-to-month,fiber,1,cancelled
C03988,42,4,105.37,470.61,1,one-year,dsl,1,cancelled
C03989,40,34,18.73,675.84,2,month-to-month,fiber,0,resolved
C03990,40,12,98.61,1165.64,1,two-year,dsl,1,cancelled
C03991,61,26,80.93,2040.09,0,one-year,fiber,0,no_contact
C03992,58,16,46.51,691.48,2,one-year,fiber,0,no_contact
C03993,38,9,56.55,505.87,1,month-to-month,fiber,1,unresolved
C03994,47,33,90.9,2974.59,1,month-to-month,fiber,0,no_contact
C03995,35,22,57.22,1246.33,0,one-year,fiber,0,no_contact
C03996,84,44,49.42,2094.01,2,two-year,dsl,1,cancelled
C03997,47,37,41.37,1511.14,0,month-to-month,none,0,resolved
C03998,47,13,88.48,1192.46,2,month-to-month,fiber,1,cancelled
C03999,20,32,85.01,2723.34,2,month-to-month,fiber,1,cancelled
C04000,51,9,89.87,746.43,1,month-to-month,fiber,0,resolved
C04001,66,26,52.13,1371.46,1,month-to-month,dsl,0,no_contact
C04002,41,17,95.19,1602.35,0,one-year,dsl,1,cancelled
C04003,59,4,87.35,316.4,1,one-year,fiber,1,escalated
C04004,51,11,123.11,1251.54,0,month-to-month,fiber,1,cancelled
C04005,35,29,43.14,1261.54,1,one-year,fiber,0,resolved
C04006,57,18,18.69,373.11,2,two-year,fiber,0,resolved
C04007,30,47,18.0,823.78,0,month-to-month,dsl,0,no_contact
C04008,48,43,85.88,3630.92,1,month-to-month,dsl,0,no_contact
C04009,41,15,91.33,1336.5,1,two-year,fiber,1,cancelled
C04010,51,9,79.32,672.74,0,month-to-month,fiber,1,cancelled
C04011,28,15,65.41,964.8,1,month-to-month,dsl,1,escalated
C04012,71,20,27.81,511.59,1,month-to-month,dsl,1,cancelled
C04013,44,24,,2099.57,0,one-year,dsl,0,resolved
C04014,39,23,39.16,942.01,1,two-year,fiber,0,resolved
C04015,48,72,129.58,9290.27,0,month-to-month,fiber,0,resolved
C04016,33,31,18.0,588.8,1,month-to-month,fiber,0,escalated
C04017,39,34,106.36,3520.71,1,month-to-month,dsl,0,resolved
C04018,53,30,79.22,2400.58,1,month-to-month,fiber,1,escalated
C04019,66,13,33.76,490.97,1,month-to-month,fiber,0,resolved
C04020,43,29,109.87,3218.79,3,one-year,fiber,1,cancelled
C04021,47,13,48.88,628.85,1,month-to-month,dsl,0,resolved
C04022,58,14,51.25,768.24,0,one-year,fiber,0,escalated
C04023,47,72,18.0,1323.13,2,month-to-month,fiber,0,no_contact
C04024,41,23,32.06,785.25,1,one-year,fiber,0,resolved
C04025,56,10,59.22,665.7,2,month-to-month,dsl,1,escalated
C04026,38,12,18.0,288.29,0,month-to-month,fiber,0,resolved
C04027,36,32,55.34,1744.22,2,one-year,none,1,escalated
C04028,56,14,34.12,576.87,0,month-to-month,dsl,1,unresolved
C04029,47,13,44.1,547.73,0,month-to-month,fiber,0,resolved
C04030,51,20,69.61,1396.92,0,two-year,fiber,0,no_contact
C04031,45,14,133.17,1840.9,1,,fiber,0,no_contact
C04032,46,39,83.65,3248.56,3,two-year,dsl,0,no_contact
C04033,25,25,85.63,2129.23,1,month-to-month,fiber,1,cancelled
C04034,70,17,58.55,912.23,1,one-year,none,0,resolved
C04035,26,18,96.43,,1,month-to-month,fiber,1,cancelled
C04036,24,31,84.55,2627.44,0,month-to-month,fiber,1,cancelled
C04037,43,9,62.39,567.66,1,two-year,fiber,0,no_contact
C04038,59,22,88.41,1966.15,1,month-to-month,dsl,1,cancelled
C04039,45,11,86.78,912.78,2,month-to-month,fiber,0,resolved
C04040,60,36,92.59,3315.69,1,one-year,fiber,0,resolved
C04041,60,26,74.54,1934.17,1,month-to-month,fiber,1,escalated
C04042,29,10,84.74,927.12,3,two-year,dsl,1,cancelled
C04043,44,32,101.67,3328.46,2,two-year,fiber,1,cancelled
C04044,31,23,96.05,2266.46,0,month-to-month,fiber,0,no_contact
C04045,46,40,135.95,5442.28,1,month-to-month,fiber,1,cancelled
C04046,18,70,71.54,4966.15,1,month-to-month,dsl,0,no_contact
C04047,55,18,45.15,805.81,1,one-year,dsl,0,no_contact
C04048,22,5,76.08,386.49,1,one-year,fiber,0,no_contact
C04049,64,56,39.6,2261.47,1,one-year,fiber,0,resolved
C04050,48,18,73.96,1330.84,3,month-to-month,dsl,1,cancelled
C04051,38,16,50.36,845.43,0,month-to-month,dsl,1,unresolved
C04052,52,42,106.6,,2,one-year,none,0,resolved
C04053,53,51,77.07,3963.16,0,month-to-month,fiber,0,resolved
C04054,41,47,49.09,2347.65,0,two-year,dsl,0,resolved
C04055,61,34,72.93,2527.1,1,month-to-month,fiber,0,no_contact
C04056,18,32,75.3,2404.78,0,two-year,dsl,0,no_contact
C04057,31,49,67.14,3367.38,4,month-to-month,dsl,1,cancelled
C04058,50,12,59.95,741.66,0,month-to-month,dsl,1,cancelled
C04059,64,4,52.02,122.98,1,month-to-month,fiber,1,unresolved
C04060,58,39,88.4,,0,month-to-month,dsl,1,cancelled
C04061,47,11,83.69,994.93,3,one-year,dsl,1,cancelled
C04062,39,3,,215.89,1,month-to-month,fiber,1,escalated
C04063,52,14,66.02,924.95,0,one-year,fiber,1,cancelled
C04064,38,21,65.25,1313.18,0,two-year,fiber,0,resolved
C04065,38,26,84.19,2243.83,0,month-to-month,fiber,0,no_contact
C04066,39,11,78.9,860.78,1,month-to-month,none,1,cancelled
C04067,43,38,52.75,1949.98,1,,fiber,1,escalated
C04068,48,10,74.41,647.35,1,month-to-month,fiber,1,cancelled
C04069,49,43,80.94,3423.58,0,month-to-month,none,1,escalated
C04070,51,6,59.41,367.31,2,month-to-month,none,1,cancelled
C04071,41,15,80.43,1220.74,1,one-year,none,1,unresolved
C04072,29,22,46.98,999.08,1,one-year,fiber,1,cancelled
C04073,43,19,100.93,1907.49,2,month-to-month,none,1,cancelled
C04074,40,21,52.36,1125.15,4,month-to-month,none,0,resolved
C04075,38,21,105.6,2247.56,2,one-year,dsl,0,no_contact
C04076,76,41,47.73,1987.84,1,month-to-month,fiber,0,no_contact
C04077,56,45,33.07,1547.11,3,two-year,fiber,0,no_contact
C04078,70,30,90.76,2682.67,1,one-year,fiber,0,no_contact
C04079,45,26,52.01,1377.28,0,one-year,fiber,0,resolved
C04080,59,50,62.69,3130.57,1,month-to-month,fiber,1,cancelled
C04081,63,18,18.0,332.32,0,two-year,fiber,1,cancelled
C04082,43,11,85.51,929.1,1,one-year,none,0,no_contact
C04083,41,19,78.39,1565.39,2,month-to-month,dsl,1,cancelled
C04084,39,13,74.28,963.52,1,two-year,dsl,0,no_contact
C04085,72,25,103.29,2507.92,1,month-to-month,dsl,1,cancelled
C04086,47,21,73.06,1550.78,3,two-year,none,0,resolved
C04087,59,29,128.22,3754.02,2,month-to-month,none,1,escalated
C04088,75,35,22.17,879.26,2,one-year,dsl,0,no_contact
C04089,42,7,18.0,172.51,0,two-year,fiber,0,no_contact
C04090,46,32,100.12,3171.72,1,one-year,dsl,0,no_contact
C04091,35,24,89.74,2137.94,0,one-year,none,0,escalated
C04092,32,7,91.68,582.0,2,month-to-month,fiber,0,resolved
C04093,18,13,123.54,1543.69,1,month-to-month,fiber,0,resolved
C04094,41,18,84.33,1480.08,1,month-to-month,fiber,1,cancelled
C04095,47,24,18.0,388.24,1,month-to-month,none,1,escalated
C04096,40,56,106.69,5947.82,1,one-year,fiber,0,resolved
C04097,47,21,59.73,1251.75,1,one-year,fiber,0,resolved
C04098,61,1,29.25,,2,month-to-month,fiber,1,cancelled
C04099,43,12,82.98,1015.9,1,month-to-month,fiber,1,cancelled
C04100,30,7,67.16,444.76,0,month-to-month,dsl,1,cancelled
C04101,64,13,73.42,1059.4,0,one-year,fiber,0,no_contact
C04102,35,17,81.16,1373.64,0,two-year,dsl,1,cancelled
C04103,60,45,18.0,776.6,0,one-year,fiber,0,no_contact
C04104,45,48,53.43,2566.07,1,two-year,fiber,0,resolved
C04105,29,27,70.11,1905.55,2,month-to-month,dsl,0,resolved
C04106,22,59,42.59,2500.31,0,one-year,satellite,0,no_contact
C04107,39,31,84.12,2651.3,0,month-to-month,fiber,1,escalated
C04108,25,38,68.23,2635.99,0,month-to-month,fiber,0,no_contact
C04109,51,11,,548.24,1,month-to-month,fiber,0,no_contact
C04110,48,11,137.93,1511.17,0,two-year,dsl,0,resolved
C04111,35,18,51.17,1003.88,1,two-year,dsl,0,no_contact
C04112,59,23,79.25,1914.39,2,two-year,none,0,no_contact
C04113,51,39,63.55,2471.14,2,one-year,dsl,0,no_contact
C04114,57,40,87.37,,1,two-year,dsl,0,resolved
C04115,50,16,71.11,1096.01,3,month-to-month,dsl,1,escalated
C04116,46,18,39.66,723.0,0,month-to-month,fiber,1,cancelled
C04117,64,41,75.78,3177.07,2,month-to-month,fiber,1,escalated
C04118,49,50,97.24,4761.34,0,month-to-month,fiber,0,no_contact
C04119,71,72,70.05,5093.26,2,one-year,dsl,0,resolved
C04120,52,20,40.18,759.34,0,one-year,fiber,0,no_contact
C04121,34,61,37.61,2219.09,1,month-to-month,fiber,0,no_contact
C04122,65,38,30.59,1148.12,1,two-year,none,0,escalated
C04123,23,40,69.45,2797.91,0,two-year,dsl,0,no_contact
C04124,46,42,72.11,3023.43,0,month-to-month,dsl,1,cancelled
C04125,84,6,71.55,528.29,0,month-to-month,fiber,1,cancelled
C04126,46,16,55.98,918.09,1,two-year,fiber,1,cancelled
C04127,55,11,78.46,918.16,0,month-to-month,dsl,1,cancelled
C04128,78,1,60.99,23.96,0,month-to-month,fiber,1,cancelled
C04129,40,40,77.17,3076.11,0,two-year,none,0,resolved
C04130,52,12,50.63,680.06,1,one-year,fiber,0,resolved
C04131,72,35,87.74,3047.89,0,,dsl,1,cancelled
C04132,32,32,131.98,,0,month-to-month,none,1,cancelled
C04133,69,25,53.02,,2,two-year,dsl,0,resolved
C04134,49,6,75.06,406.02,3,two-year,dsl,1,escalated
C04135,55,13,49.72,579.97,1,month-to-month,none,1,cancelled
C04136,36,9,77.38,750.76,3,one-year,fiber,1,cancelled
C04137,53,55,92.46,5095.23,1,one-year,fiber,1,cancelled
C04138,39,3,39.58,165.31,1,month-to-month,dsl,1,cancelled
C04139,47,6,56.96,378.83,2,,fiber,1,escalated
C04140,19,8,64.85,547.18,0,two-year,none,0,resolved
C04141,47,17,59.53,1015.95,2,one-year,dsl,0,resolved
C04142,39,14,41.09,551.18,1,two-year,dsl,0,resolved
C04143,43,24,64.97,1522.64,1,two-year,fiber,1,unresolved
C04144,42,46,83.98,3880.12,0,month-to-month,dsl,0,resolved
C04145,56,37,33.83,1266.48,0,month-to-month,fiber,0,resolved
C04146,78,68,20.21,1404.74,0,month-to-month,none,0,no_contact
C04147,58,50,76.92,3820.42,0,month-to-month,dsl,0,escalated
C04148,65,15,34.21,500.57,3,month-to-month,fiber,1,cancelled
C04149,41,17,69.83,1261.08,2,one-year,none,1,cancelled
C04150,48,51,116.68,5913.21,0,month-to-month,dsl,0,no_contact
C04151,69,15,30.45,466.43,1,two-year,dsl,0,resolved
C04152,57,29,,1958.7,0,month-to-month,fiber,1,escalated
C04153,55,14,44.12,603.6,2,month-to-month,none,0,resolved
C04154,18,10,55.63,566.46,1,one-year,dsl,0,no_contact
C04155,39,5,67.85,357.04,0,month-to-month,dsl,1,cancelled
C04156,38,31,72.16,2214.75,0,month-to-month,none,1,cancelled
C04157,56,12,81.59,1020.09,1,one-year,dsl,1,cancelled
C04158,55,7,65.29,413.13,1,two-year,dsl,0,resolved
C04159,41,18,53.34,986.51,0,one-year,dsl,0,resolved
C04160,29,29,55.65,1629.21,1,two-year,fiber,0,escalated
C04161,18,18,81.68,1451.74,0,month-to-month,dsl,1,unresolved
C04162,41,7,74.36,528.15,1,month-to-month,fiber,1,unresolved
C04163,45,40,85.76,3420.81,1,two-year,fiber,0,no_contact
C04164,44,31,95.91,2985.27,1,month-to-month,dsl,1,unresolved
C04165,32,15,98.56,1371.29,1,month-to-month,fiber,1,cancelled
C04166,18,13,82.83,1039.55,2,month-to-month,satellite,1,cancelled
C04167,61,14,43.67,645.51,2,month-to-month,fiber,1,escalated
C04168,41,45,100.55,4522.55,1,month-to-month,dsl,1,cancelled
C04169,57,29,54.21,1577.0,2,two-year,fiber,0,no_contact
C04170,33,14,55.14,831.33,2,month-to-month,dsl,1,cancelled
C04171,28,33,42.23,1436.6,3,month-to-month,fiber,1,cancelled
C04172,68,56,65.73,3710.69,1,month-to-month,dsl,0,resolved
C04173,39,15,89.68,1364.19,0,one-year,fiber,0,no_contact
C04174,61,9,47.01,,3,month-to-month,dsl,1,cancelled
C04175,18,24,55.86,1365.9,1,one-year,fiber,0,resolved
C04176,18,39,107.46,4176.85,0,month-to-month,dsl,1,cancelled
C04177,40,18,95.37,1625.3,1,one-year,dsl,1,cancelled
C04178,78,14,65.21,875.72,1,month-to-month,dsl,0,resolved
C04179,30,3,70.96,201.3,2,two-year,fiber,0,resolved
C04180,33,41,40.29,,1,one-year,dsl,0,resolved
C04181,41,13,18.0,212.3,2,month-to-month,fiber,1,cancelled
C04182,60,40,64.58,2484.12,0,one-year,fiber,0,resolved
C04183,60,8,76.96,581.82,1,month-to-month,none,1,cancelled
C04184,74,16,85.9,1438.93,0,month-to-month,fiber,0,resolved
C04185,44,8,109.57,923.66,0,month-to-month,dsl,1,unresolved
C04186,62,17,117.35,1963.67,0,one-year,fiber,1,cancelled
C04187,39,29,43.77,1281.31,1,one-year,fiber,0,resolved
C04188,59,21,100.6,2112.45,1,month-to-month,dsl,1,cancelled
C04189,48,32,73.28,2329.36,1,month-to-month,dsl,1,cancelled
C04190,38,50,97.14,4821.74,2,month-to-month,dsl,1,cancelled
C04191,28,10,,443.7,1,two-year,fiber,0,no_contact
C04192,44,12,74.43,942.27,1,one-year,fiber,0,no_contact
C04193,37,4,23.43,121.76,1,one-year,dsl,0,resolved
C04194,61,11,57.96,617.55,0,month-to-month,dsl,0,no_contact
C04195,46,9,58.34,588.95,2,month-to-month,fiber,1,cancelled
C04196,49,16,23.78,372.58,0,month-to-month,fiber,0,no_contact
C04197,47,43,71.57,3080.96,3,month-to-month,fiber,0,escalated
C04198,59,36,106.99,3794.29,1,one-year,fiber,1,escalated
C04199,30,17,85.56,1352.9,1,month-to-month,fiber,1,cancelled
