house_id,area_sqft,bedrooms,quality_score,age_years,neighbourhood,has_garage,price
H00000,1748,2,1.0,9.0,suburb,1,152300
H00001,1579,3,4.0,13.0,suburb,1,177900
H00002,1102,2,6.0,7.0,central,0,194200
H00003,1183,1,8.0,32.0,suburb,1,298800
H00004,938,3,10.0,7.0,riverside,0,567600
H00005,3611,5,8.0,12.0,suburb,1,773500
H00006,1424,3,,40.0,central,0,153100
H00007,2714,3,7.0,28.0,industrial,0,332300
H00008,1379,3,8.0,13.0,central,0,401400
H00009,1203,1,10.0,17.0,suburb,0,333100
H00010,3241,6,8.0,17.0,industrial,1,599400
H00011,1187,2,8.0,10.0,suburb,0,275200
H00012,2339,4,3.0,,industrial,1,174400
H00013,1749,4,7.0,20.0,central,0,371500
H00014,1506,2,4.0,14.0,industrial,1,174200
H00015,1553,2,,10.0,central,1,228900
H00016,991,1,1.0,9.0,suburb,0,79200
H00017,1435,2,7.0,30.0,suburb,0,291700
H00018,2548,5,9.0,8.0,riverside,0,747600
H00019,1589,4,9.0,9.0,suburb,1,395200
H00020,2051,3,,24.0,central,1,199600
H00021,1792,3,6.0,15.0,suburb,0,214200
H00022,1963,3,3.0,35.0,suburb,1,181000
H00023,1563,3,3.0,16.0,industrial,0,101300
H00024,1338,3,6.0,5.0,riverside,1,347000
H00025,2422,3,8.0,51.0,industrial,1,343200
H00026,1933,3,6.0,15.0,riverside,1,462200
H00027,997,1,,2.0,suburb,1,163300
H00028,2843,6,6.0,31.0,riverside,1,521800
H00029,1859,3,1.0,65.0,riverside,1,132300
H00030,1520,1,7.0,36.0,suburb,0,285300
H00031,1572,3,1.0,18.0,central,1,102000
H00032,3296,6,10.0,17.0,central,1,1359500
H00033,1683,4,,13.0,suburb,1,192000
H00034,2578,4,1.0,42.0,central,1,185600
H00035,996,3,,27.0,central,0,209700
H00036,1280,2,2.0,42.0,riverside,1,158400
H00037,2116,3,1.0,15.0,central,0,296200
H00038,1248,3,8.0,17.0,suburb,1,315400
H00039,1540,2,6.0,,riverside,1,356000
H00040,2233,4,6.0,14.0,suburb,1,344500
H00041,1155,3,,13.0,suburb,1,361900
H00042,2463,4,9.0,14.0,suburb,1,546300
H00043,1835,2,5.0,21.0,suburb,1,340400
H00044,1405,2,8.0,7.0,riverside,0,402800
H00045,1569,2,2.0,15.0,central,1,184000
H00046,2870,6,8.0,4.0,riverside,0,733100
H00047,1393,3,,8.0,suburb,0,477300
H00048,1529,3,7.0,35.0,central,1,329500
H00049,1942,2,10.0,27.0,suburb,1,536800
H00050,3864,7,1.0,23.0,riverside,1,448400
H00051,2261,3,4.0,18.0,central,1,326700
H00052,1146,2,6.0,4.0,suburb,1,230000
H00053,1813,4,9.0,33.0,suburb,0,316100
H00054,1626,1,5.0,19.0,suburb,1,260600
H00055,1604,3,9.0,4.0,central,0,428000
H00056,1646,2,1.0,16.0,central,0,161100
H00057,760,1,2.0,26.0,central,0,118300
H00058,2384,3,9.0,30.0,central,0,573300
H00059,1275,3,5.0,24.0,central,0,257000
H00060,2079,3,4.0,53.0,central,1,252300
H00061,814,2,,26.0,central,1,165500
H00062,1514,1,6.0,29.0,riverside,0,338400
H00063,1621,3,4.0,61.0,suburb,1,149900
H00064,523,1,10.0,33.0,central,1,352100
H00065,460,1,2.0,21.0,suburb,0,123600
H00066,1125,3,10.0,55.0,central,0,372100
H00067,1574,2,2.0,18.0,industrial,1,117000
H00068,2025,4,1.0,10.0,riverside,1,195800
H00069,1575,3,9.0,18.0,suburb,1,288400
H00070,2073,3,7.0,27.0,suburb,1,525300
H00071,1196,3,3.0,7.0,industrial,1,128900
H00072,946,2,5.0,36.0,central,1,155500
H00073,1832,4,1.0,19.0,suburb,1,218100
H00074,870,2,1.0,11.0,central,0,130600
H00075,955,2,10.0,59.0,industrial,1,207700
H00076,2480,4,2.0,5.0,central,0,259900
H00077,1059,2,4.0,11.0,suburb,0,193000
H00078,1329,2,1.0,13.0,riverside,1,172100
H00079,1370,3,5.0,11.0,suburb,1,201300
H00080,1085,2,2.0,34.0,riverside,1,150700
H00081,710,2,10.0,34.0,riverside,0,468000
H00082,1800,4,4.0,3.0,suburb,0,257900
H00083,2795,5,10.0,13.0,suburb,1,1013200
H00084,2295,4,2.0,5.0,riverside,0,291200
H00085,793,2,8.0,12.0,suburb,1,263400
H00086,1069,1,10.0,89.0,suburb,1,209600
H00087,1350,2,,19.0,suburb,1,438200
H00088,1508,3,10.0,30.0,riverside,0,576500
H00089,1022,3,9.0,18.0,suburb,0,327300
H00090,1282,1,6.0,5.0,central,1,353000
H00091,1310,3,8.0,33.0,riverside,1,483300
H00092,1260,1,5.0,21.0,central,1,197900
H00093,2338,4,10.0,36.0,central,0,692300
H00094,1610,2,4.0,23.0,industrial,0,176500
H00095,680,1,5.0,11.0,suburb,0,153200
H00096,1165,2,1.0,38.0,riverside,1,221900
H00097,3383,5,1.0,16.0,industrial,1,241800
H00098,1492,3,6.0,27.0,riverside,0,295100
H00099,2105,4,2.0,10.0,industrial,0,191000
H00100,2138,3,2.0,10.0,suburb,0,204300
H00101,1333,2,6.0,26.0,suburb,1,210500
H00102,1344,3,,3.0,riverside,1,534800
H00103,1182,2,10.0,5.0,suburb,1,566300
H00104,2886,4,2.0,22.0,central,0,386900
H00105,1405,4,,31.0,central,1,278700
H00106,1467,1,8.0,9.0,central,0,456200
H00107,1943,4,10.0,30.0,suburb,1,404500
H00108,720,1,1.0,49.0,industrial,1,45700
H00109,2628,5,,7.0,central,1,515400
H00110,2135,4,6.0,12.0,suburb,1,361300
H00111,1554,3,,13.0,central,0,562400
H00112,1355,2,10.0,24.0,central,1,474600
H00113,1672,3,2.0,6.0,suburb,1,218100
H00114,2044,3,4.0,25.0,suburb,1,208700
H00115,18942,1,10.0,6.0,industrial,1,1325250
H00116,2383,4,3.0,3.0,suburb,1,268400
H00117,2639,4,1.0,39.0,suburb,0,180200
H00118,1166,2,5.0,40.0,suburb,1,172100
H00119,1710,3,10.0,71.0,suburb,0,295900
H00120,1186,2,6.0,6.0,industrial,0,174300
H00121,2172,2,8.0,31.0,suburb,1,377700
H00122,1150,3,10.0,9.0,suburb,1,324000
H00123,1058,2,3.0,36.0,suburb,0,156500
H00124,1999,3,1.0,8.0,industrial,1,148400
H00125,1037,1,9.0,3.0,riverside,1,721400
H00126,790,2,5.0,15.0,central,1,191400
H00127,1455,3,4.0,24.0,suburb,1,189600
H00128,3479,6,6.0,14.0,central,1,742000
H00129,1905,3,2.0,13.0,central,0,285000
H00130,1637,3,1.0,8.0,central,1,247800
H00131,1634,2,7.0,21.0,suburb,0,375100
H00132,1210,1,6.0,4.0,central,1,262600
H00133,1422,3,3.0,14.0,central,0,189500
H00134,1100,1,10.0,12.0,central,0,396200
H00135,1992,2,4.0,26.0,suburb,1,221300
H00136,1946,2,2.0,33.0,suburb,1,164200
H00137,1403,2,10.0,13.0,industrial,0,324900
H00138,761,2,9.0,,industrial,1,264900
H00139,1202,1,9.0,13.0,industrial,1,317300
H00140,1626,3,9.0,3.0,suburb,0,571500
H00141,1512,2,5.0,56.0,suburb,0,233200
H00142,1314,1,6.0,13.0,central,1,218800
H00143,2927,4,6.0,17.0,suburb,1,476200
H00144,1040,1,6.0,65.0,riverside,1,183800
H00145,1619,2,8.0,63.0,suburb,1,259700
H00146,1878,4,1.0,23.0,riverside,1,265200
H00147,1592,2,2.0,10.0,central,1,232000
H00148,2432,4,3.0,25.0,suburb,1,191100
H00149,1600,2,5.0,44.0,central,1,216000
H00150,1149,2,7.0,10.0,industrial,1,277900
H00151,1049,1,10.0,36.0,suburb,0,418900
H00152,2298,3,5.0,6.0,suburb,0,407400
H00153,608,1,7.0,16.0,suburb,0,179400
H00154,1687,3,4.0,24.0,suburb,1,214400
H00155,950,1,2.0,32.0,central,1,117500
H00156,12695,4,3.0,,central,1,911090
H00157,3074,4,8.0,7.0,central,1,844100
H00158,1455,2,7.0,19.0,riverside,0,356200
H00159,2507,4,3.0,10.0,riverside,1,409500
H00160,1888,3,4.0,21.0,suburb,1,314800
H00161,3072,5,7.0,21.0,central,1,872600
H00162,1324,2,8.0,12.0,central,0,310300
H00163,1578,3,2.0,35.0,central,0,136300
H00164,1324,2,7.0,11.0,central,1,382500
H00165,1976,3,3.0,34.0,central,0,227500
H00166,2661,3,1.0,35.0,central,1,172200
H00167,1310,3,5.0,5.0,suburb,1,253400
H00168,4671,8,2.0,7.0,central,1,939200
H00169,3313,5,2.0,9.0,industrial,1,411800
H00170,2321,4,7.0,11.0,central,1,405500
H00171,1900,3,2.0,59.0,central,1,151400
H00172,1103,2,7.0,30.0,suburb,1,207100
H00173,827,2,3.0,44.0,industrial,1,81300
H00174,1640,2,5.0,16.0,suburb,1,174400
H00175,1154,2,7.0,25.0,suburb,1,349700
H00176,610,1,3.0,7.0,suburb,1,110800
H00177,1768,2,1.0,27.0,suburb,1,144100
H00178,2602,5,5.0,8.0,central,1,566600
H00179,1753,2,8.0,6.0,suburb,0,331800
H00180,1315,3,,14.0,suburb,1,249500
H00181,1122,2,,23.0,suburb,1,199100
H00182,1240,2,9.0,28.0,central,0,494500
H00183,1546,3,9.0,20.0,suburb,1,418800
H00184,1510,2,,23.0,suburb,1,390200
H00185,1356,3,9.0,31.0,riverside,0,377000
H00186,1099,3,8.0,61.0,industrial,0,157800
H00187,981,1,6.0,27.0,suburb,0,191000
H00188,2264,4,6.0,5.0,industrial,0,457100
H00189,679,1,4.0,25.0,central,0,116100
H00190,2921,4,8.0,9.0,central,0,683000
H00191,879,1,10.0,28.0,riverside,0,350800
H00192,1112,1,8.0,2.0,riverside,1,431800
H00193,651,1,8.0,30.0,suburb,1,238400
H00194,1997,2,2.0,4.0,industrial,1,132100
H00195,2334,3,9.0,12.0,riverside,0,1156300
H00196,1119,1,3.0,38.0,suburb,1,117200
H00197,1012,2,2.0,8.0,suburb,1,158300
H00198,1772,1,7.0,14.0,industrial,0,271200
H00199,1143,1,7.0,19.0,central,0,261900
H00200,2063,3,1.0,9.0,suburb,1,140600
H00201,1602,3,7.0,19.0,suburb,0,392700
H00202,1045,3,1.0,32.0,central,1,138000
H00203,1357,2,10.0,31.0,central,1,361000
H00204,3194,5,6.0,19.0,suburb,0,437800
H00205,1228,2,4.0,61.0,industrial,1,114300
H00206,1342,3,7.0,19.0,suburb,0,219400
H00207,1069,2,6.0,8.0,suburb,1,256100
H00208,1373,1,6.0,6.0,central,0,326300
H00209,1629,2,,2.0,central,0,127300
H00210,1271,2,5.0,18.0,suburb,1,203100
H00211,1137,2,5.0,33.0,central,1,227200
H00212,2205,4,6.0,11.0,central,1,308200
H00213,1251,1,9.0,10.0,central,0,354400
H00214,1637,3,,21.0,industrial,1,210200
H00215,1205,2,8.0,6.0,central,1,333600
H00216,871,3,5.0,33.0,central,1,195100
H00217,2545,5,4.0,23.0,suburb,0,282800
H00218,1271,1,9.0,13.0,riverside,1,432900
H00219,1961,4,,22.0,suburb,1,528500
H00220,2695,4,4.0,13.0,suburb,0,398900
H00221,1820,4,7.0,7.0,central,1,464400
H00222,1129,2,10.0,7.0,riverside,0,898500
H00223,1538,2,4.0,36.0,suburb,0,122500
H00224,1815,4,3.0,19.0,suburb,1,202600
H00225,1498,3,9.0,49.0,suburb,0,273000
H00226,2084,2,8.0,14.0,suburb,0,434000
H00227,2003,4,1.0,17.0,suburb,0,167300
H00228,1143,1,4.0,33.0,suburb,1,169200
H00229,755,3,7.0,4.0,suburb,1,200900
H00230,2211,4,2.0,7.0,suburb,1,252300
H00231,1711,3,3.0,22.0,central,1,214000
H00232,3560,6,7.0,75.0,central,1,698700
H00233,780,1,2.0,,suburb,1,106700
H00234,2690,4,3.0,21.0,suburb,0,269800
H00235,1290,2,9.0,34.0,riverside,1,408100
H00236,1561,2,,7.0,suburb,1,287900
H00237,2238,3,1.0,44.0,suburb,1,137300
H00238,1996,4,4.0,36.0,suburb,1,187300
H00239,1416,2,5.0,17.0,riverside,0,484400
H00240,1294,2,10.0,27.0,riverside,1,829700
H00241,1444,3,6.0,16.0,suburb,1,277200
H00242,2286,4,7.0,14.0,central,0,562500
H00243,1536,3,1.0,8.0,suburb,0,161700
H00244,1730,3,6.0,29.0,riverside,1,283600
H00245,1200,2,4.0,11.0,riverside,1,247800
H00246,1224,3,8.0,16.0,suburb,1,325900
H00247,1114,3,7.0,13.0,central,1,375300
H00248,1856,3,5.0,23.0,industrial,1,223600
H00249,1412,3,6.0,32.0,central,1,258100
H00250,1636,4,5.0,36.0,suburb,1,234700
H00251,1298,2,9.0,25.0,central,0,506500
H00252,1504,2,9.0,11.0,suburb,0,477600
H00253,939,2,1.0,38.0,central,0,115200
H00254,1925,4,6.0,16.0,suburb,1,344800
H00255,1653,2,3.0,12.0,suburb,0,200600
H00256,1977,4,1.0,10.0,suburb,1,132100
H00257,1824,4,2.0,26.0,suburb,1,133000
H00258,729,1,6.0,15.0,central,0,271800
H00259,2051,3,2.0,27.0,riverside,1,268200
H00260,2637,4,4.0,23.0,suburb,0,254200
H00261,2719,4,4.0,22.0,suburb,1,262200
H00262,1377,2,6.0,19.0,suburb,1,213200
H00263,2315,4,5.0,9.0,riverside,1,477400
H00264,1157,2,8.0,33.0,suburb,1,261700
H00265,1575,4,4.0,13.0,central,1,315600
H00266,1533,3,1.0,47.0,central,1,114000
H00267,2423,4,10.0,26.0,industrial,1,798000
H00268,3280,5,7.0,20.0,riverside,0,795600
H00269,1257,1,1.0,57.0,industrial,0,80000
H00270,1389,2,5.0,16.0,suburb,1,257500
H00271,2176,4,6.0,39.0,suburb,1,387900
H00272,1511,2,8.0,19.0,suburb,0,305600
H00273,1163,3,5.0,11.0,suburb,1,153400
H00274,1934,2,8.0,35.0,industrial,1,294000
H00275,1756,3,9.0,8.0,central,1,646800
H00276,1953,4,5.0,41.0,central,1,270000
H00277,2525,4,8.0,26.0,suburb,1,480400
H00278,1072,2,6.0,8.0,central,1,297300
H00279,1940,4,6.0,23.0,suburb,1,399000
H00280,1533,3,6.0,7.0,suburb,0,301000
H00281,2125,3,6.0,59.0,riverside,0,434300
H00282,2095,4,8.0,27.0,central,1,501800
H00283,1481,1,8.0,26.0,riverside,1,465900
H00284,717,2,10.0,13.0,suburb,1,405200
H00285,1093,2,9.0,26.0,riverside,1,535500
H00286,2125,5,4.0,19.0,riverside,1,406200
H00287,1569,3,6.0,30.0,central,1,341300
H00288,1432,3,4.0,5.0,suburb,0,231000
H00289,1081,2,6.0,26.0,riverside,0,312800
H00290,1142,2,7.0,36.0,riverside,1,443000
H00291,855,2,9.0,10.0,suburb,1,473100
H00292,1020,3,1.0,23.0,central,1,100100
H00293,1278,2,2.0,20.0,central,1,173900
H00294,1193,2,7.0,50.0,central,1,274300
H00295,2551,4,4.0,6.0,suburb,0,253100
H00296,1716,3,3.0,19.0,suburb,0,210200
H00297,1509,3,5.0,15.0,industrial,1,227000
H00298,1191,1,5.0,30.0,central,1,285400
H00299,1969,3,4.0,22.0,suburb,0,245800
H00300,1634,3,5.0,29.0,riverside,1,404100
H00301,1456,3,3.0,35.0,central,1,159300
H00302,1914,3,9.0,26.0,suburb,0,451600
H00303,1216,2,9.0,48.0,central,1,296900
H00304,1558,2,1.0,40.0,riverside,0,124200
H00305,2623,5,3.0,11.0,industrial,1,207900
H00306,1166,2,9.0,51.0,suburb,1,279000
H00307,1540,1,9.0,24.0,suburb,0,471500
H00308,3426,5,10.0,17.0,suburb,1,943900
H00309,2120,4,3.0,,central,0,295000
H00310,1798,3,,42.0,central,0,367300
H00311,1118,3,9.0,11.0,central,1,445700
H00312,1855,3,10.0,33.0,riverside,0,648200
H00313,1824,3,3.0,25.0,central,0,191800
H00314,737,2,6.0,28.0,suburb,1,249700
H00315,837,1,1.0,45.0,suburb,1,107700
H00316,1814,3,1.0,27.0,suburb,1,154900
H00317,1238,2,6.0,37.0,suburb,1,169200
H00318,1488,3,,18.0,central,1,311900
H00319,1120,1,4.0,26.0,suburb,1,148500
H00320,1786,3,4.0,9.0,suburb,1,254800
H00321,1010,3,5.0,3.0,central,1,330500
H00322,1624,3,,26.0,central,1,353300
H00323,1426,3,9.0,12.0,industrial,0,318000
H00324,2554,4,,19.0,industrial,0,330800
H00325,1483,2,6.0,35.0,central,0,357900
H00326,1610,2,1.0,5.0,suburb,1,109700
H00327,2486,6,5.0,16.0,suburb,0,287700
H00328,1671,3,8.0,23.0,central,0,404200
H00329,1409,1,7.0,9.0,suburb,1,435700
H00330,1125,2,8.0,22.0,riverside,1,347000
H00331,1725,2,9.0,9.0,riverside,1,625500
H00332,646,1,4.0,10.0,riverside,1,183200
H00333,2185,4,10.0,35.0,central,1,742700
H00334,2222,4,8.0,63.0,suburb,1,393000
H00335,1401,4,1.0,14.0,suburb,1,109700
H00336,1294,3,6.0,77.0,central,0,188800
H00337,1782,3,6.0,28.0,suburb,1,413000
H00338,1360,1,1.0,49.0,suburb,1,116800
H00339,1143,1,10.0,57.0,suburb,1,229600
H00340,1971,3,1.0,10.0,suburb,1,150500
H00341,1752,3,2.0,4.0,suburb,0,190800
H00342,693,1,4.0,63.0,central,0,142700
H00343,2031,4,2.0,7.0,suburb,1,140300
H00344,880,1,5.0,15.0,industrial,0,100500
H00345,982,3,3.0,34.0,suburb,1,133200
H00346,1532,2,,21.0,suburb,1,189700
H00347,2006,3,3.0,19.0,central,1,346800
H00348,1717,4,9.0,19.0,suburb,1,476900
H00349,1290,3,9.0,10.0,industrial,1,267800
H00350,1145,1,6.0,25.0,suburb,1,203600
H00351,1209,1,3.0,11.0,riverside,1,212500
H00352,1227,1,3.0,9.0,suburb,1,167200
H00353,2239,4,,18.0,central,1,353500
H00354,1357,1,1.0,18.0,central,0,126500
H00355,1125,2,7.0,15.0,central,0,384500
H00356,1472,2,5.0,7.0,suburb,1,189600
H00357,1289,3,,61.0,suburb,0,183000
H00358,2359,5,3.0,1.0,central,1,519000
H00359,1670,3,8.0,37.0,central,0,413500
H00360,867,1,6.0,,industrial,0,158700
H00361,1983,4,1.0,32.0,suburb,0,164900
H00362,1637,3,9.0,60.0,suburb,1,363400
H00363,1257,2,1.0,27.0,riverside,0,160000
H00364,1261,3,9.0,15.0,industrial,1,383800
H00365,1324,2,4.0,14.0,central,0,196100
H00366,1578,2,2.0,17.0,suburb,1,161500
H00367,1140,1,3.0,36.0,industrial,1,126800
H00368,1899,4,7.0,8.0,riverside,0,561400
H00369,1036,1,4.0,9.0,suburb,1,124100
H00370,1605,2,3.0,31.0,suburb,1,177300
H00371,2292,4,2.0,9.0,central,0,247400
H00372,1736,2,9.0,43.0,suburb,0,298900
H00373,2945,5,10.0,15.0,industrial,1,692800
H00374,1990,4,4.0,31.0,riverside,0,321500
H00375,2379,4,,47.0,riverside,0,258700
H00376,2247,5,7.0,26.0,industrial,1,288500
H00377,1697,2,1.0,28.0,suburb,1,109900
H00378,2410,3,4.0,10.0,suburb,1,315400
H00379,1722,4,7.0,27.0,central,1,385100
H00380,1369,2,10.0,12.0,suburb,1,406600
H00381,2956,4,9.0,5.0,riverside,1,1019800
H00382,1837,2,1.0,,suburb,1,189700
H00383,1707,2,1.0,51.0,industrial,1,94000
H00384,1292,2,8.0,41.0,riverside,1,365200
H00385,1561,2,8.0,9.0,central,0,491700
H00386,1618,3,7.0,32.0,riverside,0,428000
H00387,2933,5,4.0,33.0,suburb,1,299200
H00388,1971,3,1.0,74.0,riverside,1,188400
H00389,1600,1,1.0,10.0,suburb,0,141100
H00390,1966,3,9.0,3.0,central,1,770300
H00391,1090,2,3.0,,suburb,0,107100
H00392,1020,3,4.0,23.0,suburb,0,213300
H00393,1285,1,2.0,48.0,suburb,1,120200
H00394,2865,5,2.0,63.0,central,0,215100
H00395,2010,3,6.0,29.0,central,1,471200
H00396,2025,3,9.0,21.0,central,0,600200
H00397,2119,5,2.0,39.0,central,0,187300
H00398,2204,3,10.0,12.0,central,1,680800
H00399,3609,5,2.0,5.0,suburb,0,382300
H00400,1849,4,2.0,16.0,central,1,263500
H00401,1667,4,2.0,25.0,central,1,150000
H00402,1275,2,1.0,47.0,suburb,1,91500
H00403,1805,2,3.0,3.0,suburb,0,195200
H00404,1047,2,2.0,14.0,suburb,1,120000
H00405,1869,3,4.0,23.0,riverside,0,348600
H00406,1230,2,8.0,37.0,industrial,0,199300
H00407,2070,3,4.0,47.0,central,1,274800
H00408,2947,3,5.0,6.0,suburb,0,465000
H00409,1731,3,5.0,62.0,industrial,1,159400
H00410,1454,3,5.0,47.0,suburb,1,200000
H00411,871,2,1.0,45.0,suburb,0,99300
H00412,1060,2,3.0,7.0,suburb,0,162900
H00413,1180,2,10.0,7.0,central,1,505200
H00414,1265,2,9.0,8.0,riverside,1,616800
H00415,1413,2,5.0,11.0,industrial,0,219700
H00416,927,2,3.0,27.0,suburb,1,183300
H00417,1982,5,7.0,25.0,suburb,1,311200
H00418,1563,3,7.0,26.0,industrial,1,307300
H00419,1907,1,4.0,19.0,suburb,1,232400
H00420,655,1,1.0,14.0,riverside,1,121800
H00421,2203,4,3.0,30.0,central,0,339400
H00422,1383,3,,15.0,suburb,1,125200
H00423,836,3,10.0,46.0,central,0,377700
H00424,1555,3,,25.0,central,0,133200
H00425,2547,5,2.0,25.0,central,1,172400
H00426,1590,4,7.0,23.0,suburb,1,338400
H00427,978,2,6.0,14.0,suburb,1,168100
H00428,1733,2,5.0,12.0,suburb,1,182100
H00429,1637,2,3.0,7.0,suburb,0,235300
H00430,2855,4,7.0,15.0,riverside,1,875000
H00431,1208,2,8.0,14.0,central,1,349000
H00432,1582,2,1.0,,suburb,0,113700
H00433,999,3,3.0,20.0,suburb,1,134000
H00434,2063,4,,,central,0,221800
H00435,2243,4,6.0,27.0,riverside,1,658600
H00436,2307,4,2.0,36.0,industrial,0,137500
H00437,1598,1,8.0,13.0,suburb,1,412400
H00438,3210,4,2.0,12.0,central,1,336100
H00439,2534,4,10.0,22.0,suburb,1,693500
H00440,1271,2,6.0,16.0,central,0,310400
H00441,1296,1,8.0,19.0,central,1,426900
H00442,1706,3,4.0,11.0,industrial,0,163300
H00443,1482,3,3.0,13.0,suburb,1,125300
H00444,2409,3,4.0,8.0,riverside,1,277900
H00445,1406,1,2.0,40.0,suburb,1,152100
H00446,1862,3,9.0,38.0,central,0,456500
H00447,1738,2,7.0,24.0,suburb,0,322500
H00448,1324,3,10.0,28.0,riverside,1,581700
H00449,1965,4,3.0,58.0,suburb,1,176100
H00450,1724,2,2.0,,suburb,0,138200
H00451,1611,2,2.0,20.0,central,0,175800
H00452,1328,2,4.0,13.0,suburb,1,171400
H00453,1445,3,9.0,31.0,industrial,0,353300
H00454,1853,3,9.0,17.0,suburb,1,581300
H00455,2268,3,10.0,15.0,suburb,1,649700
H00456,1444,2,4.0,19.0,central,1,354700
H00457,1941,3,6.0,36.0,suburb,1,295300
H00458,1826,3,7.0,24.0,industrial,1,213000
H00459,1365,3,9.0,13.0,suburb,1,643600
H00460,2453,4,8.0,63.0,central,1,557300
H00461,952,2,5.0,9.0,industrial,0,133300
H00462,2174,5,9.0,32.0,central,1,593300
H00463,1532,3,8.0,14.0,suburb,0,315200
H00464,1015,4,8.0,19.0,riverside,0,296200
H00465,881,2,4.0,22.0,riverside,0,210500
H00466,1000,1,6.0,7.0,central,0,308400
H00467,1276,1,1.0,28.0,suburb,1,122600
H00468,3736,6,8.0,42.0,riverside,1,1635400
H00469,1016,2,8.0,37.0,riverside,0,330600
H00470,3522,5,7.0,14.0,riverside,1,1042400
H00471,857,1,4.0,37.0,central,0,206900
H00472,1456,3,3.0,22.0,suburb,1,180000
H00473,1185,2,7.0,62.0,central,1,264800
H00474,2243,4,4.0,28.0,suburb,1,403100
H00475,2727,5,1.0,9.0,central,1,246900
H00476,11366,2,1.0,59.0,central,0,502820
H00477,2059,3,7.0,7.0,riverside,0,479100
H00478,1019,4,5.0,12.0,suburb,0,169400
H00479,1331,2,1.0,24.0,suburb,1,123500
H00480,628,2,3.0,5.0,riverside,0,149900
H00481,1291,3,,39.0,riverside,1,292000
H00482,804,1,7.0,6.0,suburb,1,211200
H00483,1738,3,10.0,50.0,suburb,1,396200
H00484,1888,4,5.0,33.0,riverside,0,334600
H00485,1134,2,1.0,21.0,central,1,147400
H00486,1291,2,5.0,,central,1,323300
H00487,1106,1,8.0,18.0,central,1,335600
H00488,1353,3,3.0,19.0,central,1,185700
H00489,1820,4,5.0,18.0,suburb,1,207600
H00490,1214,2,7.0,7.0,industrial,1,252000
H00491,1561,3,3.0,21.0,central,0,171900
H00492,1467,2,9.0,30.0,central,0,543300
H00493,1384,2,5.0,41.0,suburb,1,175100
H00494,1505,2,4.0,30.0,suburb,0,219000
H00495,1526,3,7.0,6.0,central,1,370500
H00496,2715,5,3.0,20.0,suburb,1,294300
H00497,1570,3,5.0,12.0,suburb,1,182100
H00498,1413,1,6.0,48.0,riverside,1,256500
H00499,1739,3,4.0,17.0,riverside,1,263700
H00500,1751,3,5.0,28.0,industrial,0,222800
H00501,1099,2,5.0,7.0,central,1,186100
H00502,968,1,7.0,36.0,riverside,1,276200
H00503,1470,3,4.0,32.0,central,1,278200
H00504,2489,5,5.0,17.0,suburb,1,359600
H00505,1520,3,1.0,10.0,central,1,215800
H00506,2520,4,1.0,14.0,central,1,207400
H00507,1757,3,5.0,40.0,riverside,1,315600
H00508,2834,6,3.0,24.0,central,1,307200
H00509,1975,3,2.0,15.0,suburb,1,142800
H00510,1232,1,2.0,26.0,suburb,1,122700
H00511,2396,3,3.0,28.0,central,1,260500
H00512,933,1,2.0,32.0,suburb,1,123000
H00513,1523,4,7.0,7.0,central,1,392800
H00514,1812,2,1.0,,suburb,0,124400
H00515,934,4,5.0,44.0,suburb,1,101300
H00516,1640,3,6.0,18.0,central,1,300300
H00517,1060,1,2.0,19.0,industrial,0,83900
H00518,1505,4,,55.0,central,1,139400
H00519,1102,1,5.0,10.0,suburb,1,148600
H00520,1064,2,4.0,26.0,suburb,0,149300
H00521,1634,3,5.0,24.0,riverside,1,335500
H00522,2807,4,,41.0,suburb,1,163200
H00523,1352,2,6.0,8.0,suburb,0,274100
H00524,1556,2,6.0,23.0,riverside,0,381400
H00525,1553,1,4.0,22.0,suburb,1,168700
H00526,1108,1,9.0,33.0,central,1,283000
H00527,906,2,2.0,31.0,riverside,1,159100
H00528,2779,4,5.0,12.0,central,1,415800
H00529,1548,4,7.0,85.0,suburb,1,181600
H00530,1440,2,9.0,26.0,suburb,0,376400
H00531,1978,4,9.0,24.0,central,1,539900
H00532,921,1,3.0,31.0,suburb,1,158300
H00533,906,1,10.0,21.0,central,1,474200
H00534,1199,3,4.0,48.0,suburb,1,136100
H00535,2429,3,9.0,10.0,riverside,1,875600
H00536,1813,2,7.0,8.0,riverside,1,610200
H00537,2552,5,7.0,15.0,riverside,0,800700
H00538,1740,3,2.0,50.0,central,1,202500
H00539,991,2,6.0,61.0,central,1,129300
H00540,2307,3,,12.0,industrial,1,231700
H00541,2840,4,3.0,8.0,riverside,1,546400
H00542,1004,1,5.0,24.0,central,0,228100
H00543,913,1,,9.0,central,1,276700
H00544,1976,2,1.0,,suburb,0,105500
H00545,2507,3,8.0,14.0,central,1,980700
H00546,2087,3,7.0,27.0,suburb,0,251400
H00547,2608,4,2.0,17.0,suburb,1,223100
H00548,1033,1,5.0,13.0,riverside,1,199400
H00549,3468,5,4.0,22.0,riverside,0,834400
H00550,1156,2,6.0,4.0,industrial,1,155200
H00551,2321,4,9.0,18.0,suburb,0,400500
H00552,2394,4,7.0,24.0,riverside,1,378500
H00553,2196,2,5.0,62.0,industrial,1,197900
H00554,1166,2,,44.0,suburb,1,366700
H00555,1972,3,4.0,21.0,riverside,1,326600
H00556,2999,4,5.0,8.0,suburb,0,530600
H00557,801,1,3.0,39.0,central,1,162300
H00558,3111,5,,55.0,riverside,0,322300
H00559,1439,3,8.0,20.0,central,0,303800
H00560,3739,6,4.0,17.0,riverside,1,688000
H00561,1892,4,10.0,24.0,central,1,551300
H00562,2258,6,10.0,47.0,suburb,1,602400
H00563,2470,4,9.0,9.0,suburb,1,623900
H00564,1149,2,6.0,31.0,suburb,1,144600
H00565,2142,4,8.0,18.0,central,0,748600
H00566,1023,2,8.0,8.0,central,1,349300
H00567,1173,2,6.0,17.0,suburb,0,195100
H00568,1584,2,6.0,45.0,riverside,1,328300
H00569,1383,3,8.0,10.0,riverside,1,623600
H00570,2244,3,7.0,32.0,central,0,310100
H00571,1276,3,2.0,16.0,central,0,134700
H00572,1305,2,8.0,27.0,suburb,1,257600
H00573,2322,4,10.0,23.0,riverside,1,1155400
H00574,2188,3,3.0,42.0,central,0,201700
H00575,2342,2,10.0,7.0,industrial,0,477700
H00576,1677,3,10.0,12.0,suburb,1,629700
H00577,2699,5,2.0,63.0,industrial,1,144300
H00578,2468,4,,36.0,suburb,1,449500
H00579,1978,3,5.0,13.0,suburb,1,222600
H00580,2989,4,10.0,21.0,industrial,1,736700
H00581,2927,5,1.0,5.0,riverside,1,479500
H00582,1653,4,2.0,24.0,industrial,0,186800
H00583,1763,3,6.0,16.0,suburb,0,321700
H00584,1536,3,8.0,33.0,central,1,371500
H00585,1357,2,5.0,31.0,riverside,1,376300
H00586,1572,2,6.0,19.0,suburb,0,241400
H00587,1939,2,1.0,55.0,industrial,1,123700
H00588,1251,3,,58.0,suburb,1,202000
H00589,1228,2,4.0,42.0,suburb,1,171000
H00590,916,3,8.0,16.0,suburb,0,211700
H00591,973,1,4.0,28.0,suburb,0,165300
H00592,1279,3,2.0,60.0,riverside,1,133700
H00593,1554,2,2.0,15.0,suburb,1,112400
H00594,3010,6,7.0,49.0,riverside,1,735400
H00595,2022,5,10.0,15.0,suburb,1,519700
H00596,1594,2,10.0,28.0,suburb,1,483700
H00597,882,1,4.0,4.0,suburb,1,184200
H00598,1583,3,6.0,27.0,suburb,1,255000
H00599,2292,4,8.0,19.0,riverside,0,749000
H00600,1803,2,2.0,26.0,central,0,216600
H00601,812,1,2.0,8.0,suburb,1,121500
H00602,1882,5,,20.0,central,0,140200
H00603,1199,3,1.0,35.0,riverside,1,171000
H00604,1200,2,7.0,39.0,suburb,1,241600
H00605,740,1,7.0,6.0,central,1,396300
H00606,2812,4,10.0,34.0,suburb,1,528400
H00607,2325,5,,10.0,suburb,1,802800
H00608,1387,3,2.0,23.0,suburb,1,160300
H00609,2357,3,5.0,12.0,central,1,543700
H00610,983,1,8.0,22.0,central,1,332400
H00611,2322,3,7.0,47.0,suburb,0,251400
H00612,1205,1,4.0,19.0,suburb,1,142900
H00613,1458,2,3.0,22.0,central,1,296300
H00614,1440,2,6.0,4.0,suburb,1,301300
H00615,2363,4,3.0,9.0,suburb,0,252700
H00616,1075,2,10.0,12.0,riverside,1,698700
H00617,2437,5,4.0,45.0,central,0,247700
H00618,2071,4,1.0,6.0,suburb,1,194100
H00619,2010,4,2.0,39.0,central,1,187300
H00620,915,1,4.0,13.0,suburb,0,188100
H00621,3024,5,6.0,13.0,central,0,519800
H00622,1272,1,3.0,7.0,riverside,1,217500
H00623,1412,2,,13.0,suburb,1,258100
H00624,1347,2,1.0,15.0,industrial,1,98600
H00625,1741,3,7.0,44.0,suburb,0,187700
H00626,830,1,3.0,30.0,suburb,0,96600
H00627,2152,3,7.0,26.0,riverside,1,324200
H00628,1268,2,,21.0,suburb,1,207100
H00629,1969,3,10.0,37.0,suburb,1,661500
H00630,2447,4,5.0,12.0,central,1,398300
H00631,1725,3,6.0,21.0,industrial,1,309000
H00632,1682,3,8.0,30.0,suburb,0,366800
H00633,1485,2,10.0,39.0,suburb,1,433800
H00634,1358,2,3.0,9.0,riverside,1,198600
H00635,1770,1,1.0,14.0,industrial,0,176900
H00636,1959,1,9.0,11.0,suburb,1,416900
H00637,3387,5,6.0,45.0,riverside,1,664200
H00638,1801,3,5.0,32.0,suburb,1,208000
H00639,1790,3,3.0,17.0,suburb,0,150900
H00640,1970,3,,27.0,riverside,1,298200
H00641,1136,2,6.0,13.0,central,1,249100
H00642,1165,1,8.0,9.0,central,0,320200
H00643,1443,3,6.0,32.0,suburb,1,288100
H00644,1430,2,5.0,33.0,suburb,1,223500
H00645,1490,3,5.0,69.0,central,1,217300
H00646,1044,1,4.0,42.0,suburb,0,147100
H00647,1716,2,9.0,79.0,suburb,1,284200
H00648,1163,2,8.0,20.0,central,1,308400
H00649,1875,3,10.0,34.0,industrial,0,290100
H00650,1435,2,,58.0,suburb,0,120400
H00651,1760,3,5.0,4.0,riverside,0,369900
H00652,1666,2,8.0,6.0,central,1,404100
H00653,773,1,2.0,120.0,central,0,75800
H00654,1443,3,7.0,11.0,riverside,1,542500
H00655,1041,2,4.0,,central,1,152200
H00656,3462,6,,21.0,riverside,0,495600
H00657,774,1,,6.0,suburb,0,151000
H00658,2735,5,10.0,28.0,suburb,0,698700
H00659,638,1,1.0,28.0,suburb,1,76100
H00660,3443,5,5.0,10.0,riverside,1,588100
H00661,1893,4,10.0,11.0,central,0,483100
H00662,1524,1,10.0,13.0,central,0,793900
H00663,1191,3,5.0,23.0,central,0,377100
H00664,1359,2,8.0,7.0,suburb,1,329500
H00665,938,2,7.0,7.0,suburb,1,296300
H00666,2507,3,9.0,29.0,central,1,685100
H00667,1338,2,4.0,14.0,central,0,272600
H00668,1837,3,5.0,18.0,central,1,225900
H00669,1517,2,7.0,14.0,industrial,0,386600
H00670,1951,2,3.0,6.0,suburb,1,205000
H00671,2475,3,3.0,49.0,suburb,1,229000
H00672,1445,3,3.0,16.0,suburb,0,123300
H00673,926,2,1.0,,suburb,1,81700
H00674,1237,3,6.0,15.0,suburb,0,218600
H00675,918,1,1.0,31.0,suburb,0,76500
H00676,11954,3,4.0,24.0,riverside,1,1076630
H00677,1761,2,2.0,8.0,central,0,259600
H00678,1630,3,9.0,49.0,central,0,257200
H00679,3011,7,1.0,48.0,riverside,1,475700
H00680,2547,4,,39.0,suburb,0,136800
H00681,2083,3,3.0,24.0,riverside,1,281000
H00682,1148,3,4.0,26.0,central,1,238100
H00683,1922,4,7.0,45.0,riverside,0,564600
H00684,1728,3,6.0,45.0,industrial,1,184500
H00685,2183,3,8.0,69.0,suburb,1,280500
H00686,1867,3,,29.0,industrial,1,160900
H00687,3639,6,1.0,,central,1,442700
H00688,2181,3,10.0,29.0,suburb,1,685100
H00689,2298,4,3.0,24.0,suburb,1,253800
H00690,3136,6,4.0,20.0,suburb,1,388200
H00691,807,1,6.0,33.0,central,0,221100
H00692,1360,2,9.0,27.0,riverside,1,468700
H00693,1042,2,5.0,9.0,suburb,1,192500
H00694,1168,3,4.0,44.0,suburb,1,137100
H00695,1384,3,8.0,25.0,central,1,386700
H00696,2068,3,3.0,33.0,industrial,1,258600
H00697,2451,4,6.0,3.0,riverside,0,590100
H00698,1985,3,,17.0,suburb,1,174200
H00699,3829,7,6.0,21.0,suburb,0,795100
H00700,1089,1,7.0,35.0,suburb,0,254300
H00701,1336,2,8.0,21.0,suburb,1,273500
H00702,1749,3,2.0,21.0,central,1,216500
H00703,1133,1,2.0,23.0,central,1,163400
H00704,1232,2,2.0,7.0,central,1,272000
H00705,3177,5,6.0,16.0,suburb,0,515100
H00706,1309,2,6.0,25.0,central,0,386600
H00707,1438,3,,28.0,suburb,1,475900
H00708,1011,2,8.0,19.0,industrial,1,270500
H00709,1106,3,7.0,7.0,central,1,309400
H00710,1222,1,8.0,19.0,suburb,1,380600
H00711,729,2,6.0,20.0,suburb,0,175300
H00712,1679,2,2.0,18.0,suburb,0,147100
H00713,3323,4,10.0,32.0,suburb,1,1071200
H00714,1382,1,3.0,30.0,suburb,1,179600
H00715,1111,2,1.0,12.0,suburb,1,90300
H00716,1732,3,,24.0,central,1,518100
H00717,1026,2,5.0,4.0,industrial,0,213800
H00718,947,2,4.0,30.0,suburb,0,146400
H00719,851,1,7.0,33.0,industrial,0,205400
H00720,1677,2,3.0,26.0,riverside,1,263200
H00721,2365,4,6.0,16.0,suburb,1,552200
H00722,1511,2,3.0,14.0,riverside,0,208700
H00723,939,2,5.0,15.0,industrial,1,112300
H00724,1224,3,4.0,16.0,suburb,1,138500
H00725,1509,3,5.0,32.0,suburb,1,188400
H00726,2796,4,8.0,13.0,suburb,1,532100
H00727,2497,3,5.0,21.0,suburb,1,350400
H00728,2700,4,4.0,8.0,central,1,401200
H00729,2377,4,9.0,25.0,central,1,656900
H00730,1328,1,6.0,69.0,central,1,212600
H00731,2134,4,9.0,,suburb,0,565000
H00732,1937,2,9.0,14.0,industrial,0,728200
H00733,1835,3,1.0,35.0,suburb,0,166700
H00734,1145,2,1.0,27.0,suburb,1,135100
H00735,2361,4,7.0,19.0,suburb,0,315600
H00736,2623,4,8.0,32.0,riverside,0,537500
H00737,2488,3,3.0,10.0,central,0,243600
H00738,2809,4,3.0,33.0,riverside,1,470000
H00739,634,1,6.0,50.0,suburb,1,151900
H00740,1419,3,3.0,13.0,suburb,1,196300
H00741,1698,3,4.0,44.0,suburb,1,260600
H00742,1488,3,10.0,43.0,central,1,471100
H00743,1665,4,3.0,36.0,central,1,216400
H00744,2551,4,9.0,40.0,industrial,0,440500
H00745,1517,3,10.0,3.0,suburb,1,387100
H00746,1323,2,10.0,15.0,suburb,1,432900
H00747,2588,4,7.0,33.0,riverside,0,728800
H00748,1438,2,2.0,39.0,central,1,166300
H00749,2305,4,2.0,37.0,central,0,235400
H00750,2094,2,1.0,19.0,central,0,180000
H00751,1818,3,6.0,37.0,suburb,0,235700
H00752,962,1,1.0,14.0,riverside,1,168000
H00753,1433,3,9.0,32.0,central,1,369700
H00754,2330,5,5.0,3.0,industrial,1,227500
H00755,2607,4,8.0,5.0,central,1,471700
H00756,2852,3,6.0,5.0,central,1,514800
H00757,1685,3,,12.0,suburb,1,126900
H00758,3533,5,6.0,34.0,suburb,0,654200
H00759,1794,3,10.0,8.0,riverside,0,649000
H00760,1338,2,4.0,30.0,suburb,0,207600
H00761,2558,4,3.0,4.0,central,0,313800
H00762,1136,2,1.0,42.0,suburb,1,110100
H00763,1833,4,5.0,18.0,suburb,0,198700
H00764,2482,3,4.0,8.0,riverside,0,544100
H00765,1514,2,6.0,19.0,industrial,0,209400
H00766,1718,2,1.0,70.0,suburb,1,101300
H00767,2385,5,5.0,33.0,central,1,353500
H00768,956,2,9.0,,riverside,1,466600
H00769,2892,5,4.0,14.0,central,1,356400
H00770,2177,4,7.0,14.0,suburb,0,248500
H00771,1015,2,8.0,35.0,suburb,1,254000
H00772,1331,3,2.0,37.0,suburb,1,119000
H00773,2263,3,5.0,20.0,suburb,0,248500
H00774,1613,2,4.0,19.0,riverside,1,238600
H00775,1015,1,9.0,24.0,suburb,0,299100
H00776,2359,4,,3.0,suburb,1,238800
H00777,1484,2,10.0,9.0,central,0,544200
H00778,1781,3,3.0,13.0,central,0,227500
H00779,747,1,5.0,24.0,suburb,1,128200
H00780,2975,6,3.0,32.0,suburb,1,317500
H00781,1624,2,10.0,23.0,central,1,573900
H00782,897,2,4.0,11.0,suburb,1,150300
H00783,918,1,3.0,23.0,suburb,0,156000
H00784,1308,2,8.0,39.0,suburb,1,301500
H00785,2381,4,8.0,8.0,industrial,0,435100
H00786,2469,4,6.0,28.0,industrial,1,230100
H00787,913,2,3.0,18.0,central,0,133700
H00788,1128,2,4.0,39.0,suburb,0,117900
H00789,2029,4,10.0,11.0,central,1,715000
H00790,1651,3,10.0,42.0,central,0,470700
H00791,1766,2,6.0,5.0,central,0,470800
H00792,2567,5,5.0,5.0,riverside,1,402800
H00793,1599,3,7.0,25.0,suburb,1,274400
H00794,1451,3,6.0,19.0,suburb,1,234300
H00795,1579,2,2.0,5.0,central,1,197000
H00796,1814,3,10.0,29.0,industrial,1,306400
H00797,2772,6,3.0,34.0,central,0,375200
H00798,1289,2,8.0,7.0,central,1,328800
H00799,1897,5,2.0,11.0,suburb,1,146700
H00800,1491,2,4.0,11.0,suburb,1,189100
H00801,2032,4,2.0,25.0,suburb,1,121000
H00802,2368,5,1.0,,suburb,1,240700
H00803,2935,5,5.0,9.0,central,1,701300
H00804,846,2,9.0,14.0,suburb,1,272700
H00805,1749,3,,25.0,suburb,1,165200
H00806,2602,3,10.0,33.0,riverside,1,809400
H00807,1027,1,4.0,35.0,suburb,1,133700
H00808,1656,2,6.0,21.0,industrial,1,292700
H00809,1329,2,3.0,60.0,suburb,0,118700
H00810,2039,3,1.0,77.0,riverside,1,184800
H00811,2237,4,6.0,19.0,suburb,0,464100
H00812,1163,2,8.0,11.0,central,1,381600
H00813,1230,1,7.0,28.0,suburb,0,279400
H00814,979,2,9.0,,suburb,1,206200
H00815,1340,2,9.0,41.0,central,1,392100
H00816,1687,2,6.0,8.0,suburb,0,251400
H00817,2328,3,4.0,46.0,suburb,0,199300
H00818,1636,2,3.0,29.0,suburb,1,137700
H00819,1286,1,10.0,7.0,riverside,1,987200
H00820,1630,3,6.0,4.0,suburb,1,277400
H00821,1251,2,6.0,21.0,riverside,1,254000
H00822,1019,1,4.0,33.0,central,0,138300
H00823,2611,4,10.0,12.0,central,1,931400
H00824,1114,3,4.0,6.0,riverside,0,201100
H00825,1020,2,2.0,38.0,riverside,1,174900
H00826,1425,3,10.0,10.0,central,0,758400
H00827,1203,2,6.0,18.0,industrial,0,168900
H00828,2807,4,7.0,29.0,suburb,1,657400
H00829,1591,3,9.0,14.0,central,0,316300
H00830,2328,4,8.0,30.0,suburb,1,583500
H00831,1125,1,8.0,35.0,suburb,1,339500
H00832,1772,2,7.0,37.0,central,1,331300
H00833,2702,4,3.0,5.0,central,1,388200
H00834,1339,1,6.0,15.0,suburb,0,360700
H00835,2248,4,3.0,72.0,suburb,1,157600
H00836,1562,1,9.0,11.0,suburb,0,473900
H00837,2004,4,3.0,25.0,suburb,1,143100
H00838,1510,3,6.0,43.0,suburb,0,266700
H00839,1436,2,8.0,19.0,suburb,1,380100
H00840,1436,4,5.0,3.0,central,1,297200
H00841,1368,3,6.0,20.0,riverside,0,308800
H00842,743,1,1.0,5.0,industrial,1,85100
H00843,1120,1,6.0,47.0,riverside,1,223100
H00844,1819,2,,59.0,suburb,1,250700
H00845,1350,3,8.0,28.0,suburb,1,242700
H00846,2504,5,3.0,27.0,central,1,396700
H00847,2216,3,10.0,29.0,suburb,0,459700
H00848,2160,4,8.0,38.0,riverside,0,474600
H00849,633,2,7.0,62.0,suburb,1,130100
H00850,1753,4,5.0,20.0,suburb,0,315800
H00851,2637,4,6.0,14.0,suburb,1,447700
H00852,1551,3,8.0,,central,1,558300
H00853,1245,2,4.0,17.0,industrial,1,144300
H00854,3025,5,9.0,18.0,industrial,0,642700
H00855,789,1,6.0,21.0,central,0,212400
H00856,2602,4,6.0,8.0,central,0,327700
H00857,1678,3,4.0,14.0,suburb,1,199500
H00858,1581,3,5.0,17.0,suburb,1,190600
H00859,2523,3,2.0,10.0,suburb,0,193700
H00860,925,1,4.0,10.0,industrial,1,102200
H00861,2231,3,6.0,8.0,suburb,1,339000
H00862,1440,3,9.0,27.0,riverside,1,367700
H00863,1111,2,7.0,28.0,suburb,0,234700
H00864,1852,2,4.0,24.0,central,1,221600
H00865,1067,2,6.0,1.0,central,1,351500
H00866,1052,1,5.0,54.0,central,0,250600
H00867,1819,2,5.0,,suburb,1,222700
H00868,1449,3,8.0,,suburb,0,302000
H00869,1809,2,3.0,8.0,suburb,0,210900
H00870,1361,3,2.0,49.0,industrial,0,78000
H00871,1342,2,8.0,19.0,suburb,0,269200
H00872,1515,3,8.0,19.0,industrial,1,239400
H00873,1532,2,4.0,11.0,industrial,1,128700
H00874,1457,3,5.0,17.0,suburb,1,186000
H00875,848,1,7.0,16.0,central,1,328400
H00876,1245,2,,23.0,riverside,1,570400
H00877,1162,1,2.0,,suburb,1,168400
H00878,2001,3,1.0,19.0,suburb,1,205800
H00879,1522,3,4.0,34.0,industrial,1,93600
H00880,2801,6,10.0,21.0,central,0,971300
H00881,986,1,9.0,34.0,central,1,287700
H00882,1275,1,1.0,4.0,central,1,138400
H00883,1340,2,4.0,44.0,suburb,1,184100
H00884,1787,2,7.0,20.0,central,0,367100
H00885,2000,2,10.0,14.0,suburb,1,519300
H00886,1525,1,1.0,3.0,suburb,1,161700
H00887,2053,2,9.0,9.0,industrial,1,408600
H00888,1165,2,9.0,52.0,suburb,1,362600
H00889,1031,1,2.0,66.0,suburb,0,99200
H00890,1650,2,5.0,7.0,suburb,1,212700
H00891,1114,2,,32.0,suburb,0,229900
H00892,1596,2,4.0,13.0,central,1,267800
H00893,3999,6,5.0,38.0,riverside,1,822700
H00894,1491,3,9.0,18.0,suburb,0,440500
H00895,2228,3,7.0,9.0,central,1,779400
H00896,1337,2,9.0,56.0,central,0,361600
H00897,2853,6,10.0,10.0,industrial,0,609100
H00898,1487,3,7.0,34.0,suburb,1,269800
H00899,1872,3,8.0,17.0,suburb,1,430400
H00900,1083,1,1.0,16.0,suburb,0,101300
H00901,1384,3,10.0,42.0,suburb,1,355200
H00902,2298,3,5.0,18.0,suburb,1,267400
H00903,1315,1,2.0,40.0,suburb,1,116100
H00904,2345,3,8.0,,riverside,1,670000
H00905,2228,4,1.0,5.0,suburb,1,277600
H00906,1105,2,1.0,11.0,suburb,0,107600
H00907,1943,3,9.0,24.0,central,0,580500
H00908,1913,2,4.0,32.0,central,1,210000
H00909,827,2,2.0,35.0,riverside,1,120500
H00910,1062,2,9.0,37.0,central,1,335800
H00911,2087,3,8.0,18.0,suburb,1,531100
H00912,1254,1,2.0,,central,0,222900
H00913,3045,4,3.0,13.0,central,1,348600
H00914,2241,4,10.0,11.0,riverside,1,858300
H00915,1514,2,10.0,38.0,riverside,0,564300
H00916,1483,1,7.0,12.0,riverside,1,710200
H00917,836,2,3.0,16.0,central,1,136800
H00918,15565,4,,28.0,central,0,1276270
H00919,1524,3,3.0,4.0,suburb,0,193800
H00920,1283,2,6.0,16.0,suburb,1,263700
H00921,385,1,4.0,6.0,central,1,162500
H00922,2879,5,3.0,30.0,riverside,0,474600
H00923,881,1,2.0,,suburb,0,134200
H00924,1506,3,,29.0,central,0,424800
H00925,1136,2,7.0,9.0,central,0,442400
H00926,2324,4,6.0,14.0,suburb,0,446600
H00927,1977,3,10.0,32.0,industrial,1,481700
H00928,1663,2,2.0,5.0,suburb,0,179700
H00929,1870,3,,45.0,central,1,213800
H00930,988,2,2.0,51.0,suburb,1,89700
H00931,1703,2,10.0,28.0,industrial,0,289600
H00932,1698,2,4.0,17.0,suburb,0,200300
H00933,1837,2,1.0,15.0,central,1,181300
H00934,1739,2,8.0,75.0,suburb,1,265500
H00935,1141,1,7.0,37.0,central,1,345800
H00936,1198,1,3.0,14.0,riverside,1,180400
H00937,1853,2,4.0,23.0,suburb,1,225800
H00938,1869,3,2.0,30.0,suburb,1,175200
H00939,2290,3,6.0,12.0,suburb,1,338800
H00940,795,2,9.0,45.0,suburb,0,240300
H00941,2105,6,3.0,,industrial,1,177800
H00942,1284,2,2.0,9.0,riverside,0,207200
H00943,1369,3,7.0,12.0,riverside,1,584700
H00944,3158,5,3.0,23.0,suburb,1,437400
H00945,2421,4,,23.0,suburb,1,594500
H00946,1876,2,10.0,25.0,riverside,1,679500
H00947,2004,3,3.0,18.0,suburb,0,205900
H00948,2752,6,,55.0,riverside,0,509500
H00949,1427,3,3.0,73.0,suburb,0,109100
H00950,1221,2,7.0,16.0,suburb,1,211500
H00951,1707,2,8.0,21.0,suburb,1,393600
H00952,941,2,4.0,48.0,suburb,1,134400
H00953,2260,3,10.0,17.0,central,0,568500
H00954,1377,2,4.0,20.0,riverside,1,212900
H00955,1464,2,9.0,32.0,industrial,1,230700
H00956,983,2,3.0,28.0,central,1,95600
H00957,1065,1,2.0,9.0,central,0,166700
H00958,1803,3,,20.0,central,1,317100
H00959,2796,4,4.0,38.0,industrial,1,337500
H00960,755,1,3.0,7.0,riverside,1,164900
H00961,1188,3,9.0,18.0,suburb,1,449200
H00962,970,2,9.0,21.0,riverside,1,474000
H00963,2313,5,6.0,50.0,suburb,1,337800
H00964,3106,5,3.0,11.0,suburb,1,334400
H00965,2639,4,10.0,34.0,central,1,670800
H00966,1919,2,9.0,59.0,suburb,1,320700
H00967,1544,3,10.0,3.0,riverside,1,768000
H00968,968,2,5.0,5.0,central,1,177400
H00969,1473,2,2.0,25.0,central,1,99900
H00970,1725,4,9.0,25.0,suburb,1,339700
H00971,1289,1,1.0,18.0,suburb,1,95900
H00972,2444,5,4.0,14.0,central,0,278600
H00973,1598,4,2.0,45.0,suburb,0,186100
H00974,1475,3,6.0,70.0,industrial,1,189600
H00975,2362,4,9.0,62.0,suburb,1,378500
H00976,1035,1,3.0,15.0,suburb,1,142700
H00977,1462,3,10.0,16.0,suburb,1,483700
H00978,1705,3,9.0,20.0,suburb,1,395200
H00979,883,2,,12.0,riverside,1,394900
H00980,1669,3,4.0,18.0,riverside,1,292200
H00981,3215,5,10.0,10.0,central,0,1556800
H00982,2164,3,6.0,24.0,central,1,482600
H00983,1297,2,3.0,9.0,central,1,265000
H00984,1297,3,10.0,25.0,central,0,429600
H00985,1959,3,2.0,19.0,suburb,1,159400
H00986,764,2,3.0,14.0,riverside,0,218200
H00987,1098,2,8.0,38.0,central,1,221100
H00988,2373,3,7.0,6.0,central,1,573400
H00989,1548,3,7.0,21.0,suburb,1,244800
H00990,1104,1,4.0,75.0,riverside,1,148000
H00991,2847,5,2.0,92.0,suburb,1,201500
H00992,1134,3,9.0,34.0,suburb,0,233300
H00993,1369,2,,29.0,central,0,431600
H00994,1456,2,7.0,10.0,riverside,0,415000
H00995,1465,3,9.0,16.0,riverside,1,530400
H00996,2801,3,10.0,15.0,industrial,1,777000
H00997,2491,3,7.0,17.0,industrial,0,482200
H00998,1593,3,4.0,6.0,industrial,0,169300
H00999,790,1,4.0,29.0,suburb,0,134200
H01000,1915,3,1.0,19.0,suburb,0,140300
H01001,1980,2,7.0,20.0,central,0,552300
H01002,1797,2,7.0,11.0,industrial,1,281000
H01003,1626,3,7.0,7.0,industrial,1,226000
H01004,1360,3,8.0,8.0,suburb,0,284800
H01005,1926,3,2.0,14.0,suburb,0,213500
H01006,1403,2,5.0,11.0,industrial,0,186800
H01007,1674,4,2.0,28.0,riverside,0,233800
H01008,3069,5,,40.0,suburb,1,416000
H01009,1802,3,5.0,13.0,riverside,1,382700
H01010,1826,2,10.0,16.0,riverside,1,771300
H01011,1120,2,2.0,23.0,central,0,152000
H01012,1420,2,5.0,24.0,central,0,252200
H01013,1587,3,10.0,33.0,industrial,0,364500
H01014,1084,2,4.0,12.0,suburb,0,191300
H01015,1356,2,4.0,26.0,suburb,0,143300
H01016,1765,4,9.0,14.0,suburb,0,427300
H01017,1682,3,3.0,11.0,riverside,1,243700
H01018,1243,3,2.0,20.0,suburb,1,205900
H01019,797,2,8.0,9.0,suburb,0,333300
H01020,1036,1,2.0,28.0,riverside,1,147700
H01021,1171,2,5.0,17.0,central,1,184900
H01022,823,1,4.0,10.0,suburb,0,209600
H01023,2066,4,6.0,41.0,central,0,374800
H01024,1211,2,8.0,33.0,suburb,0,318900
H01025,1259,2,3.0,32.0,central,0,206200
H01026,2052,3,6.0,26.0,central,1,344900
H01027,1874,2,4.0,49.0,suburb,1,223900
H01028,1274,1,2.0,10.0,industrial,0,119600
H01029,1761,4,6.0,7.0,suburb,1,325700
H01030,1904,3,2.0,30.0,central,0,186500
H01031,1203,1,3.0,19.0,riverside,0,230600
H01032,1111,2,1.0,21.0,central,1,133600
H01033,1199,2,6.0,5.0,suburb,1,181500
H01034,1443,3,3.0,44.0,central,0,150900
H01035,1723,2,6.0,22.0,central,1,372200
H01036,765,1,2.0,11.0,riverside,0,139200
H01037,2067,4,3.0,29.0,central,1,232900
H01038,1254,3,2.0,32.0,industrial,0,136700
H01039,1322,1,9.0,20.0,central,1,458600
H01040,2578,4,5.0,32.0,suburb,1,243700
H01041,3162,5,7.0,23.0,suburb,0,575000
H01042,803,1,4.0,34.0,suburb,1,147300
H01043,689,1,6.0,41.0,riverside,1,178700
H01044,2525,5,10.0,17.0,suburb,0,1078700
H01045,2310,3,3.0,7.0,suburb,1,230700
H01046,1300,3,5.0,9.0,riverside,0,348600
H01047,3292,4,8.0,15.0,suburb,1,762100
H01048,1555,3,4.0,50.0,central,1,194000
H01049,762,1,3.0,12.0,suburb,1,96300
H01050,1462,3,8.0,,industrial,1,217000
H01051,2242,4,8.0,45.0,central,0,695200
H01052,3044,5,2.0,35.0,riverside,1,244200
H01053,1118,2,3.0,28.0,suburb,1,159600
H01054,1526,3,8.0,25.0,suburb,0,336400
H01055,1509,2,8.0,16.0,riverside,0,561700
H01056,783,2,4.0,69.0,riverside,1,127500
H01057,3980,6,7.0,27.0,riverside,1,988200
H01058,1514,3,7.0,15.0,riverside,0,399400
H01059,1243,1,1.0,,industrial,1,89000
H01060,2696,5,6.0,12.0,riverside,0,568100
H01061,970,2,10.0,57.0,suburb,1,313600
H01062,1188,2,3.0,17.0,riverside,1,192000
H01063,2043,3,10.0,24.0,industrial,1,405400
H01064,2482,4,2.0,19.0,suburb,1,186200
H01065,811,2,6.0,9.0,industrial,1,157300
H01066,1326,3,7.0,15.0,riverside,1,430800
H01067,2156,4,5.0,7.0,suburb,1,318000
H01068,1135,2,3.0,9.0,riverside,1,284200
H01069,2873,6,,20.0,suburb,0,191400
H01070,1998,3,7.0,67.0,suburb,1,358800
H01071,2433,3,5.0,50.0,central,1,382500
H01072,789,1,8.0,26.0,central,0,288100
H01073,1813,4,6.0,1.0,suburb,1,314300
H01074,1904,5,,22.0,central,1,172000
H01075,1122,1,7.0,14.0,suburb,0,261500
H01076,1093,2,3.0,46.0,suburb,0,96000
H01077,1223,2,4.0,12.0,suburb,0,154000
H01078,1700,3,9.0,11.0,suburb,0,412400
H01079,779,2,1.0,35.0,suburb,0,59700
H01080,1737,4,,23.0,industrial,1,148800
H01081,1344,2,3.0,13.0,suburb,0,162000
H01082,1019,2,3.0,8.0,suburb,1,137600
H01083,2142,3,1.0,85.0,central,1,121600
H01084,1557,3,7.0,21.0,suburb,1,268900
H01085,977,1,2.0,19.0,central,1,143800
H01086,1106,2,2.0,29.0,suburb,1,123000
H01087,2208,4,3.0,7.0,central,1,288800
H01088,750,2,,27.0,industrial,1,134800
H01089,941,1,7.0,22.0,central,1,330400
H01090,1300,4,3.0,9.0,suburb,0,213700
H01091,1768,3,3.0,10.0,riverside,1,267200
H01092,1726,2,3.0,,central,1,246100
H01093,2047,2,5.0,22.0,central,1,392500
H01094,3437,5,6.0,40.0,suburb,1,644800
H01095,2316,4,3.0,18.0,industrial,0,230200
H01096,1781,2,1.0,31.0,central,0,187700
H01097,1194,1,6.0,37.0,suburb,1,223300
H01098,1624,2,4.0,2.0,central,0,332400
H01099,1574,4,1.0,42.0,central,1,147700
H01100,2487,4,1.0,20.0,suburb,0,179300
H01101,956,3,7.0,28.0,industrial,1,204300
H01102,1726,2,10.0,26.0,suburb,0,435400
H01103,1541,3,,25.0,suburb,1,125200
H01104,2224,4,5.0,2.0,riverside,1,519200
H01105,1651,3,,24.0,central,1,414000
H01106,1572,3,2.0,,central,0,206000
H01107,1310,2,10.0,28.0,suburb,1,572800
H01108,2412,3,4.0,37.0,suburb,1,296500
H01109,1253,2,2.0,30.0,central,1,132000
H01110,851,2,7.0,21.0,suburb,1,271300
H01111,1222,2,4.0,4.0,suburb,1,190900
H01112,2291,4,3.0,35.0,suburb,0,175700
H01113,2432,5,3.0,8.0,riverside,1,330700
H01114,1518,2,6.0,13.0,central,1,349600
H01115,1796,3,2.0,8.0,central,1,190200
H01116,1903,4,7.0,29.0,suburb,1,369800
H01117,1010,2,,9.0,central,1,394200
H01118,848,2,1.0,37.0,riverside,0,144100
H01119,1468,3,3.0,14.0,central,1,216300
H01120,3566,5,1.0,49.0,suburb,1,216200
H01121,1992,3,,15.0,central,0,223900
H01122,1258,3,10.0,31.0,suburb,1,277900
H01123,2105,4,10.0,8.0,central,1,969900
H01124,1706,2,5.0,48.0,riverside,0,252100
H01125,2455,3,,29.0,suburb,1,356000
H01126,1342,2,9.0,33.0,industrial,0,370100
H01127,1812,2,9.0,40.0,riverside,1,850500
H01128,2191,3,5.0,54.0,central,1,268400
H01129,721,2,8.0,42.0,suburb,0,165100
H01130,1349,2,1.0,11.0,suburb,1,108900
H01131,2509,5,3.0,73.0,central,1,321700
H01132,1454,2,10.0,11.0,suburb,0,381700
H01133,5035,8,9.0,28.0,suburb,1,1301100
H01134,625,2,2.0,17.0,central,0,118900
H01135,1805,3,5.0,13.0,suburb,1,288200
H01136,1356,2,4.0,35.0,riverside,1,325400
H01137,1882,4,10.0,35.0,central,1,617100
H01138,1864,2,10.0,13.0,suburb,1,573000
H01139,859,1,7.0,22.0,suburb,0,178300
H01140,2124,4,1.0,18.0,suburb,1,140700
H01141,1406,2,2.0,33.0,suburb,1,119200
H01142,1426,4,2.0,8.0,central,0,218100
H01143,2297,5,2.0,,central,0,273300
H01144,1338,2,1.0,26.0,industrial,1,88200
H01145,2203,4,1.0,12.0,industrial,1,165100
H01146,1405,2,3.0,6.0,central,0,209000
H01147,1447,2,1.0,24.0,suburb,1,137700
H01148,2410,4,8.0,10.0,suburb,0,556300
H01149,1692,3,1.0,45.0,suburb,1,90700
H01150,1140,3,9.0,22.0,suburb,0,376800
H01151,1088,2,6.0,,central,1,312200
H01152,1978,2,10.0,62.0,central,0,632000
H01153,1070,2,1.0,24.0,central,1,91900
H01154,1249,1,7.0,46.0,suburb,0,221500
H01155,1421,3,5.0,27.0,riverside,1,383500
H01156,1561,3,7.0,30.0,suburb,1,283200
H01157,1232,2,4.0,12.0,central,1,143700
H01158,846,1,10.0,12.0,central,1,390100
H01159,1639,4,4.0,6.0,suburb,1,255300
H01160,1664,3,,9.0,central,0,480900
H01161,1280,2,6.0,1.0,suburb,1,241700
H01162,2399,3,2.0,30.0,suburb,1,229900
H01163,1015,1,4.0,7.0,suburb,1,150300
H01164,2392,4,9.0,51.0,riverside,1,617700
H01165,2311,2,9.0,30.0,central,1,683100
H01166,1538,2,1.0,16.0,central,1,172400
H01167,2871,6,8.0,12.0,suburb,1,673900
H01168,1300,2,6.0,42.0,riverside,0,286500
H01169,1654,4,5.0,20.0,suburb,1,189400
H01170,1854,2,3.0,35.0,central,1,233200
H01171,1892,1,10.0,13.0,central,1,912300
H01172,2821,4,9.0,35.0,central,1,891800
H01173,1536,4,1.0,9.0,suburb,1,121800
H01174,1192,1,2.0,51.0,suburb,1,75500
H01175,952,3,3.0,,central,0,176400
H01176,2103,4,10.0,9.0,suburb,1,543600
H01177,1250,2,10.0,20.0,suburb,1,440700
H01178,1217,2,7.0,7.0,suburb,0,354400
H01179,1954,2,1.0,10.0,suburb,1,138900
H01180,1444,2,10.0,26.0,central,1,563900
H01181,1314,2,5.0,22.0,industrial,0,153300
H01182,1900,4,8.0,56.0,industrial,0,295400
H01183,2549,5,7.0,26.0,suburb,1,459900
H01184,1165,2,1.0,14.0,suburb,1,128200
H01185,2064,3,4.0,10.0,central,1,309900
H01186,1801,3,8.0,13.0,industrial,0,381300
H01187,936,1,3.0,22.0,central,1,203600
H01188,1127,2,8.0,30.0,suburb,1,341200
H01189,1594,2,4.0,18.0,suburb,0,172400
H01190,1662,2,,48.0,central,1,403000
H01191,1905,3,1.0,27.0,central,0,213100
H01192,1802,3,10.0,99.0,suburb,1,377600
H01193,1763,3,4.0,13.0,suburb,1,364300
H01194,921,1,10.0,38.0,suburb,0,320400
H01195,938,1,1.0,13.0,industrial,0,87300
H01196,4089,6,9.0,49.0,suburb,1,762100
H01197,2310,4,6.0,8.0,suburb,1,300900
H01198,1916,3,7.0,34.0,central,0,410700
H01199,1850,3,3.0,21.0,suburb,1,204700
H01200,1408,3,8.0,15.0,suburb,1,360600
H01201,2624,4,7.0,32.0,riverside,0,732200
H01202,1567,3,7.0,22.0,suburb,0,329600
H01203,1668,2,4.0,40.0,suburb,0,164200
H01204,2100,3,2.0,16.0,central,1,321900
H01205,2380,4,3.0,12.0,central,1,254600
H01206,1528,2,6.0,3.0,suburb,1,325800
H01207,3136,5,8.0,51.0,riverside,0,823900
H01208,762,1,8.0,16.0,suburb,1,303000
H01209,1088,1,1.0,36.0,suburb,0,99400
H01210,2592,5,8.0,3.0,central,1,1028300
H01211,1394,3,3.0,16.0,suburb,1,128900
H01212,1104,2,3.0,15.0,riverside,1,206400
H01213,1500,3,1.0,21.0,industrial,1,94000
H01214,1382,4,5.0,11.0,suburb,1,207100
H01215,655,1,2.0,18.0,suburb,0,116600
H01216,2090,4,8.0,16.0,industrial,0,461100
H01217,1019,1,7.0,20.0,suburb,1,292800
H01218,1344,2,7.0,9.0,riverside,0,340800
H01219,2539,5,1.0,30.0,riverside,1,297100
H01220,931,2,4.0,32.0,riverside,1,150800
H01221,2383,4,7.0,72.0,central,0,414600
H01222,2351,3,5.0,19.0,central,0,371400
H01223,1268,2,5.0,24.0,industrial,1,177700
H01224,1381,3,6.0,37.0,central,1,314900
H01225,1018,2,2.0,22.0,suburb,0,150100
H01226,1501,3,6.0,14.0,suburb,1,298700
H01227,1017,2,6.0,61.0,suburb,1,130300
H01228,1324,3,6.0,17.0,central,1,444800
H01229,1742,2,7.0,24.0,central,1,492800
H01230,1418,1,4.0,12.0,suburb,1,208600
H01231,1860,5,4.0,37.0,industrial,1,132100
H01232,3273,5,3.0,,suburb,1,340700
H01233,1538,3,2.0,1.0,suburb,1,156100
H01234,1877,3,3.0,51.0,suburb,1,136800
H01235,2769,4,6.0,15.0,suburb,1,359800
H01236,2495,4,7.0,17.0,suburb,1,440100
H01237,1042,2,5.0,8.0,central,1,231500
H01238,672,1,8.0,26.0,industrial,1,165800
H01239,1091,2,4.0,16.0,suburb,0,175100
H01240,3067,6,2.0,60.0,central,0,192200
H01241,1441,1,7.0,83.0,suburb,0,218300
H01242,2403,3,3.0,65.0,central,1,156500
H01243,1050,2,9.0,8.0,suburb,1,323500
H01244,777,1,2.0,37.0,central,0,114800
H01245,675,2,3.0,23.0,central,1,81400
H01246,1143,1,8.0,43.0,riverside,1,303400
H01247,1283,4,9.0,9.0,suburb,0,308200
H01248,1395,2,7.0,24.0,industrial,0,224900
H01249,2054,4,4.0,23.0,suburb,1,206400
H01250,1366,1,6.0,71.0,suburb,1,209900
H01251,1166,2,3.0,8.0,riverside,0,180800
H01252,1646,3,5.0,21.0,suburb,0,221200
H01253,1449,2,1.0,47.0,industrial,1,83200
H01254,1980,3,2.0,43.0,riverside,1,257000
H01255,762,1,3.0,32.0,central,1,159300
H01256,1014,1,5.0,,central,1,164100
H01257,1395,3,7.0,23.0,riverside,0,304600
H01258,623,1,2.0,18.0,central,1,111500
H01259,1577,3,3.0,43.0,suburb,1,171500
H01260,1530,2,8.0,24.0,suburb,1,416500
H01261,1315,3,4.0,12.0,suburb,1,194200
H01262,1320,3,1.0,2.0,industrial,1,128500
H01263,1632,3,10.0,4.0,industrial,1,486300
H01264,1732,3,5.0,5.0,central,1,340500
H01265,2049,3,9.0,12.0,suburb,1,471100
H01266,1059,1,4.0,11.0,suburb,1,167800
H01267,3649,5,3.0,16.0,central,0,573600
H01268,13912,2,1.0,3.0,central,1,492280
H01269,1426,1,5.0,11.0,suburb,1,175400
H01270,2051,3,3.0,35.0,suburb,1,153400
H01271,3259,4,4.0,27.0,central,1,484700
H01272,1251,1,3.0,24.0,riverside,0,178600
H01273,2228,3,4.0,11.0,riverside,0,405400
H01274,1185,2,1.0,40.0,central,1,135500
H01275,2711,4,5.0,7.0,industrial,1,411800
H01276,1013,2,7.0,1.0,suburb,1,244400
H01277,1190,1,5.0,9.0,suburb,0,179800
H01278,1417,2,9.0,15.0,suburb,1,308300
H01279,1070,2,7.0,13.0,suburb,1,256000
H01280,982,2,5.0,13.0,suburb,0,216000
H01281,1606,2,10.0,77.0,industrial,1,306000
H01282,1788,2,2.0,25.0,central,1,156900
H01283,1171,2,8.0,40.0,suburb,1,282100
H01284,1451,3,4.0,22.0,suburb,1,261400
H01285,1944,4,4.0,39.0,suburb,0,289000
H01286,1420,3,10.0,16.0,central,1,363100
H01287,1678,2,7.0,41.0,central,1,365900
H01288,802,2,9.0,18.0,suburb,0,253300
H01289,1768,3,1.0,14.0,central,1,195800
H01290,972,1,6.0,28.0,suburb,1,196700
H01291,1293,1,7.0,13.0,suburb,0,264500
H01292,1140,1,7.0,22.0,suburb,0,261500
H01293,1146,2,10.0,20.0,central,1,568400
H01294,1009,2,8.0,12.0,riverside,0,403200
H01295,2115,3,2.0,27.0,suburb,1,129200
H01296,798,2,7.0,26.0,central,1,279600
H01297,1160,2,2.0,26.0,riverside,1,150800
H01298,1384,2,10.0,24.0,suburb,1,268400
H01299,1628,1,7.0,23.0,riverside,1,465100
H01300,2178,4,7.0,14.0,industrial,1,304700
H01301,2144,3,3.0,26.0,suburb,1,226500
H01302,1020,1,2.0,10.0,suburb,1,139400
H01303,1586,2,1.0,29.0,suburb,1,105300
H01304,1238,1,5.0,24.0,suburb,1,158700
H01305,1476,2,8.0,20.0,central,1,284900
H01306,1789,4,1.0,10.0,central,0,189600
H01307,1289,2,9.0,19.0,suburb,0,409100
H01308,905,1,2.0,10.0,central,1,152100
H01309,1654,2,3.0,14.0,central,1,171600
H01310,564,1,6.0,35.0,suburb,1,176000
H01311,2327,4,1.0,12.0,industrial,1,161700
H01312,1877,3,1.0,20.0,central,1,171900
H01313,1522,2,7.0,30.0,industrial,0,278400
H01314,1210,2,10.0,27.0,central,1,519000
H01315,1397,3,4.0,53.0,central,1,187800
H01316,1840,3,2.0,17.0,industrial,0,137600
H01317,2316,4,5.0,22.0,riverside,0,373200
H01318,1791,2,1.0,17.0,suburb,1,153800
H01319,1002,3,1.0,33.0,suburb,1,99100
H01320,2898,5,2.0,39.0,industrial,1,266000
H01321,1385,2,,34.0,suburb,1,338700
H01322,2457,4,10.0,29.0,central,1,845400
H01323,1704,2,1.0,23.0,suburb,1,124500
H01324,2535,4,8.0,83.0,industrial,1,186800
H01325,2093,3,9.0,12.0,industrial,1,404000
H01326,2094,4,5.0,14.0,central,1,467500
H01327,2207,4,2.0,10.0,suburb,1,175500
H01328,1759,3,3.0,,suburb,1,149500
H01329,1885,3,8.0,22.0,central,0,432700
H01330,3522,5,4.0,,riverside,1,452000
H01331,833,1,10.0,25.0,central,1,399600
H01332,1533,1,,22.0,riverside,1,392100
H01333,1352,2,,49.0,central,1,383900
H01334,1743,4,8.0,18.0,suburb,1,489100
H01335,1437,2,1.0,9.0,suburb,0,118900
H01336,962,2,3.0,37.0,industrial,0,133900
H01337,1202,3,8.0,17.0,central,1,418500
H01338,2165,4,7.0,58.0,central,0,363800
H01339,1225,2,10.0,20.0,suburb,1,378900
H01340,1209,3,9.0,31.0,suburb,0,240200
H01341,2470,4,2.0,9.0,industrial,0,216200
H01342,1838,4,2.0,14.0,suburb,1,126300
H01343,727,1,3.0,23.0,central,1,120500
H01344,1239,1,5.0,23.0,riverside,1,309700
H01345,1494,2,8.0,11.0,riverside,1,636600
H01346,997,1,4.0,23.0,suburb,1,126500
H01347,960,2,7.0,17.0,suburb,1,179000
H01348,1519,3,5.0,25.0,suburb,0,214700
H01349,1815,3,,39.0,central,0,169700
H01350,856,1,3.0,64.0,central,0,134800
H01351,1384,2,1.0,24.0,suburb,0,113000
H01352,1934,3,5.0,53.0,industrial,1,186700
H01353,781,2,8.0,31.0,suburb,0,255300
H01354,644,1,8.0,20.0,central,0,300300
H01355,1460,2,4.0,32.0,riverside,0,223600
H01356,3127,5,3.0,18.0,suburb,0,239300
H01357,1539,2,4.0,6.0,suburb,0,248500
H01358,1448,2,3.0,14.0,central,1,212800
H01359,1462,2,5.0,40.0,central,1,296600
H01360,855,2,4.0,9.0,industrial,1,123200
H01361,1940,3,7.0,19.0,industrial,1,327100
H01362,1478,2,1.0,7.0,riverside,1,222600
H01363,1721,2,3.0,8.0,central,1,312000
H01364,1998,2,1.0,46.0,riverside,1,184400
H01365,1198,3,5.0,29.0,suburb,0,162000
H01366,1152,2,7.0,30.0,central,1,304900
H01367,1430,2,5.0,10.0,suburb,1,267000
H01368,1529,2,10.0,35.0,riverside,0,492000
H01369,1974,4,,12.0,suburb,0,554600
H01370,1174,2,8.0,20.0,suburb,1,297800
H01371,2097,4,9.0,9.0,suburb,1,414400
H01372,1531,1,2.0,13.0,industrial,1,118800
H01373,1491,3,1.0,5.0,riverside,0,248500
H01374,1636,2,10.0,19.0,suburb,1,648200
H01375,1393,3,6.0,8.0,industrial,0,192500
H01376,1423,2,1.0,23.0,suburb,1,93800
H01377,2259,4,6.0,7.0,riverside,1,475300
H01378,1334,3,7.0,11.0,central,1,362800
H01379,2429,5,,21.0,suburb,1,525100
H01380,1190,4,3.0,34.0,suburb,1,132300
H01381,1041,1,,67.0,suburb,0,227600
H01382,1205,1,2.0,16.0,riverside,0,226500
H01383,1208,2,5.0,29.0,central,0,186700
H01384,1606,4,1.0,53.0,central,1,137900
H01385,1600,3,1.0,28.0,industrial,0,74700
H01386,1039,1,6.0,66.0,industrial,1,132400
H01387,2236,4,5.0,,suburb,1,345000
H01388,1145,2,4.0,9.0,riverside,1,231200
H01389,2461,3,5.0,29.0,central,0,379000
H01390,2170,3,9.0,24.0,suburb,1,645400
H01391,651,1,8.0,9.0,suburb,1,346600
H01392,1196,3,10.0,33.0,suburb,1,392500
H01393,2155,4,1.0,30.0,central,0,239400
H01394,1226,3,,5.0,suburb,0,233400
H01395,1735,3,2.0,8.0,suburb,0,259700
H01396,1676,3,7.0,43.0,suburb,1,297500
H01397,2143,3,10.0,20.0,suburb,1,623600
H01398,2411,4,2.0,13.0,suburb,1,253600
H01399,928,2,7.0,15.0,central,1,297200
H01400,1408,4,,22.0,central,1,204600
H01401,1623,3,8.0,12.0,riverside,1,589700
H01402,1244,2,4.0,52.0,riverside,0,222100
H01403,685,1,6.0,8.0,suburb,0,154900
H01404,1067,2,4.0,12.0,central,0,223400
H01405,2348,3,5.0,83.0,central,0,335000
H01406,1407,2,1.0,41.0,industrial,1,90900
H01407,1091,2,3.0,,central,1,207900
H01408,2050,2,8.0,32.0,riverside,1,731400
H01409,2020,4,7.0,6.0,riverside,0,554500
H01410,1181,2,10.0,30.0,suburb,1,289100
H01411,2261,5,2.0,6.0,riverside,0,351700
H01412,1533,2,10.0,5.0,suburb,0,696000
H01413,1522,3,2.0,6.0,industrial,0,116000
H01414,1038,2,5.0,24.0,industrial,1,132900
H01415,951,1,8.0,23.0,suburb,0,301800
H01416,2209,2,10.0,35.0,suburb,0,567600
H01417,644,1,7.0,22.0,suburb,0,199600
H01418,1752,3,2.0,23.0,suburb,0,168100
H01419,2178,4,,33.0,central,1,203000
H01420,1381,2,10.0,30.0,suburb,0,528900
H01421,972,3,3.0,13.0,suburb,0,129400
H01422,1094,2,9.0,33.0,industrial,0,209500
H01423,885,1,7.0,5.0,riverside,0,290100
H01424,1121,1,4.0,37.0,suburb,1,123700
H01425,1587,3,6.0,60.0,central,0,270800
H01426,2582,5,10.0,17.0,central,1,952900
H01427,1307,2,,21.0,suburb,1,276900
H01428,1308,2,3.0,39.0,suburb,1,165200
H01429,788,2,5.0,35.0,suburb,1,200600
H01430,1653,4,1.0,42.0,suburb,1,92600
H01431,1936,2,,5.0,suburb,0,485700
H01432,860,1,2.0,53.0,suburb,0,94500
H01433,3256,5,9.0,48.0,suburb,1,915200
H01434,2047,3,2.0,15.0,riverside,1,236900
H01435,3814,6,3.0,19.0,suburb,1,546800
H01436,1349,2,10.0,21.0,suburb,1,390000
H01437,2770,5,,41.0,industrial,1,386500
H01438,2358,4,2.0,34.0,suburb,1,182200
H01439,1909,4,10.0,43.0,suburb,1,591000
H01440,1791,2,3.0,38.0,suburb,1,148700
H01441,964,1,2.0,7.0,industrial,1,121700
H01442,2457,2,5.0,11.0,riverside,1,655400
H01443,1208,2,7.0,16.0,central,0,428900
H01444,2677,5,5.0,33.0,riverside,1,481000
H01445,908,1,4.0,12.0,industrial,1,129300
H01446,1588,3,10.0,6.0,suburb,1,587100
H01447,1596,4,3.0,7.0,suburb,0,167000
H01448,897,1,8.0,34.0,industrial,1,271100
H01449,1888,4,9.0,35.0,suburb,0,454000
H01450,3063,6,9.0,13.0,suburb,1,600400
H01451,2306,4,6.0,8.0,central,1,573800
H01452,2219,4,5.0,12.0,riverside,0,475800
H01453,1384,2,1.0,25.0,industrial,1,82100
H01454,1175,2,3.0,6.0,suburb,1,120400
H01455,1243,1,2.0,22.0,suburb,1,132700
H01456,1332,3,1.0,6.0,central,1,133700
H01457,2051,4,5.0,17.0,central,1,333700
H01458,2545,4,3.0,16.0,suburb,1,289400
H01459,1167,2,10.0,16.0,central,1,754200
H01460,1108,3,9.0,14.0,central,1,501300
H01461,1564,1,1.0,21.0,suburb,1,126900
H01462,2159,3,8.0,38.0,suburb,0,342900
H01463,1180,2,2.0,21.0,central,0,133500
H01464,1565,3,10.0,4.0,central,0,553700
H01465,2502,3,4.0,33.0,riverside,1,384100
H01466,719,3,2.0,31.0,central,1,158800
H01467,1291,3,10.0,16.0,central,1,628800
H01468,906,1,10.0,23.0,industrial,0,352700
H01469,1128,2,10.0,2.0,central,1,598400
H01470,2961,4,1.0,15.0,central,1,299700
H01471,1298,1,7.0,24.0,central,1,366700
H01472,1389,2,9.0,10.0,suburb,1,354600
H01473,1835,2,9.0,21.0,riverside,1,507000
H01474,3723,5,7.0,21.0,suburb,1,792100
H01475,1445,3,5.0,28.0,suburb,0,147500
H01476,801,2,6.0,31.0,industrial,1,161200
H01477,1310,2,10.0,35.0,suburb,1,334900
H01478,1482,2,1.0,17.0,suburb,1,166800
H01479,2031,1,3.0,22.0,suburb,0,240500
H01480,1100,3,9.0,27.0,suburb,0,356000
H01481,1471,1,,14.0,riverside,1,560400
H01482,1680,3,6.0,14.0,central,0,321600
H01483,2226,3,2.0,49.0,riverside,1,185900
H01484,3474,6,1.0,39.0,suburb,1,294600
H01485,1094,2,3.0,11.0,central,1,183200
H01486,1729,3,10.0,19.0,suburb,0,591000
H01487,1259,3,3.0,13.0,riverside,0,261400
H01488,1096,1,10.0,18.0,suburb,1,449700
H01489,1960,2,7.0,14.0,suburb,1,385600
H01490,940,2,1.0,30.0,suburb,1,132400
H01491,1996,4,6.0,26.0,central,1,525700
H01492,1296,2,8.0,24.0,suburb,1,442800
H01493,1121,2,1.0,29.0,riverside,1,131800
H01494,1648,3,5.0,23.0,suburb,1,310300
H01495,1716,2,7.0,20.0,suburb,1,437700
H01496,1633,3,10.0,45.0,suburb,0,435500
H01497,1400,3,6.0,27.0,suburb,1,245600
H01498,1518,2,3.0,34.0,suburb,0,166200
H01499,567,1,5.0,11.0,riverside,0,176200
H01500,1140,3,8.0,8.0,central,1,340400
H01501,1081,1,1.0,15.0,central,1,162100
H01502,658,1,3.0,,riverside,0,166900
H01503,781,2,4.0,18.0,suburb,1,155300
H01504,2413,4,4.0,14.0,suburb,1,289900
H01505,1041,1,3.0,18.0,industrial,0,141300
H01506,1478,3,3.0,35.0,suburb,1,194300
H01507,2157,5,9.0,17.0,riverside,1,930500
H01508,926,1,6.0,11.0,suburb,1,209500
H01509,1433,2,,38.0,central,1,171500
H01510,2092,4,8.0,12.0,suburb,1,346700
H01511,1208,1,5.0,8.0,suburb,0,169700
H01512,1893,3,3.0,8.0,central,0,201300
H01513,1518,1,6.0,,central,1,304000
H01514,1902,4,7.0,49.0,central,1,289500
H01515,1996,3,8.0,24.0,central,1,412200
H01516,1048,1,3.0,41.0,suburb,0,146000
H01517,1540,3,9.0,9.0,suburb,1,419300
H01518,1946,2,5.0,14.0,riverside,1,486100
H01519,1935,3,8.0,50.0,suburb,0,361100
H01520,1230,1,5.0,11.0,suburb,1,141100
H01521,1565,2,4.0,9.0,suburb,1,236800
H01522,1412,2,6.0,19.0,central,1,380400
H01523,1248,2,6.0,11.0,riverside,1,354600
H01524,1332,3,3.0,28.0,industrial,1,172600
H01525,3187,5,,30.0,suburb,0,590600
H01526,975,3,2.0,21.0,suburb,1,129700
H01527,658,2,1.0,23.0,riverside,1,131900
H01528,2417,2,7.0,36.0,central,0,454500
H01529,1100,1,9.0,27.0,suburb,1,238800
H01530,1961,3,10.0,10.0,central,0,538300
H01531,2229,4,3.0,22.0,central,0,296900
H01532,1530,2,2.0,13.0,industrial,1,193800
H01533,3131,5,10.0,27.0,suburb,1,936300
H01534,941,1,3.0,40.0,industrial,0,74600
H01535,1877,2,3.0,16.0,central,1,339400
H01536,1572,4,4.0,15.0,suburb,0,194700
H01537,2164,4,3.0,27.0,industrial,0,207600
H01538,1366,2,1.0,99.0,central,1,81900
H01539,1863,3,7.0,52.0,suburb,1,349400
H01540,1915,3,1.0,29.0,central,1,158300
H01541,1000,1,8.0,7.0,suburb,0,366700
H01542,1055,2,4.0,46.0,suburb,1,129200
H01543,1722,2,5.0,16.0,suburb,1,361700
H01544,2102,3,8.0,28.0,suburb,0,377200
H01545,2458,3,3.0,26.0,suburb,1,226400
H01546,2366,4,3.0,28.0,riverside,0,238500
H01547,1714,3,8.0,24.0,suburb,1,514900
H01548,985,2,3.0,36.0,suburb,0,151000
H01549,2886,5,1.0,17.0,industrial,1,213100
H01550,1173,1,3.0,50.0,riverside,1,138400
H01551,1873,3,2.0,10.0,industrial,1,142000
H01552,1158,1,7.0,29.0,suburb,0,255700
H01553,1073,2,2.0,16.0,suburb,1,120900
H01554,1813,2,5.0,10.0,central,1,445100
H01555,871,2,8.0,15.0,central,0,312900
H01556,1779,4,2.0,13.0,central,1,184700
H01557,879,1,6.0,8.0,riverside,0,265100
H01558,1609,2,3.0,30.0,riverside,0,227900
H01559,711,1,1.0,18.0,central,0,134900
H01560,801,2,10.0,11.0,suburb,1,287100
H01561,1876,3,9.0,61.0,suburb,1,358600
H01562,761,2,3.0,45.0,central,0,109400
H01563,1247,2,,6.0,industrial,0,251700
H01564,1584,2,1.0,18.0,riverside,0,232000
H01565,2696,4,4.0,7.0,suburb,0,245700
H01566,1755,3,8.0,6.0,suburb,1,410200
H01567,1753,3,,20.0,central,0,184300
H01568,1558,2,4.0,25.0,central,1,316800
H01569,1376,3,4.0,13.0,suburb,0,232900
H01570,1732,2,4.0,22.0,suburb,1,296400
H01571,1058,1,10.0,12.0,central,1,684900
H01572,2975,5,3.0,45.0,central,1,315400
H01573,975,1,8.0,,industrial,0,161600
H01574,1046,1,10.0,9.0,suburb,1,516300
H01575,944,1,3.0,19.0,central,1,153100
H01576,1169,2,1.0,23.0,suburb,1,118600
H01577,1508,3,2.0,12.0,suburb,1,200700
H01578,1910,3,4.0,12.0,suburb,0,219200
H01579,906,1,10.0,67.0,central,1,298000
H01580,1231,2,6.0,43.0,central,0,239900
H01581,898,2,8.0,30.0,central,0,276900
H01582,1236,2,9.0,31.0,industrial,1,245700
H01583,1147,2,7.0,23.0,riverside,1,239200
H01584,1179,2,5.0,3.0,suburb,1,284300
H01585,1248,3,1.0,11.0,suburb,1,150800
H01586,1002,1,5.0,,suburb,1,144700
H01587,1025,2,1.0,40.0,riverside,0,123200
H01588,1368,2,7.0,33.0,suburb,0,150800
H01589,2619,4,7.0,44.0,central,1,553800
H01590,1078,1,1.0,13.0,suburb,0,126200
H01591,3252,5,,13.0,suburb,1,478900
H01592,3645,5,3.0,3.0,industrial,1,321200
H01593,1385,4,9.0,5.0,suburb,1,387600
H01594,1949,2,5.0,18.0,suburb,1,268600
H01595,1349,1,4.0,62.0,central,1,263100
H01596,1511,4,8.0,23.0,riverside,1,575700
H01597,1766,3,8.0,75.0,suburb,1,271900
H01598,3686,5,7.0,32.0,central,0,891700
H01599,2184,2,5.0,24.0,suburb,0,333800
H01600,2678,4,9.0,14.0,central,0,688600
H01601,1636,1,6.0,16.0,suburb,1,219800
H01602,2216,4,,,central,1,867600
H01603,719,1,5.0,43.0,suburb,1,117300
H01604,1533,3,4.0,14.0,riverside,1,215000
H01605,1481,3,4.0,44.0,suburb,1,145700
H01606,1238,1,3.0,,central,0,149000
H01607,1444,3,8.0,32.0,suburb,1,218300
H01608,1338,2,2.0,12.0,suburb,1,158400
H01609,1903,3,5.0,29.0,suburb,0,350100
H01610,1829,2,,44.0,suburb,1,155700
H01611,1857,3,1.0,62.0,riverside,0,234600
H01612,1476,3,4.0,38.0,central,1,203100
H01613,1518,2,3.0,,suburb,1,178700
H01614,2274,4,9.0,13.0,suburb,1,625500
H01615,1626,2,9.0,27.0,central,1,491000
H01616,1646,3,2.0,8.0,suburb,0,129800
H01617,1553,1,4.0,33.0,central,1,254700
H01618,928,2,2.0,23.0,riverside,0,229000
H01619,1305,1,7.0,28.0,central,1,350400
H01620,1042,2,5.0,22.0,central,1,172400
H01621,2160,3,6.0,30.0,central,1,312800
H01622,1673,3,4.0,33.0,suburb,0,196500
H01623,1886,3,3.0,19.0,suburb,0,204800
H01624,1249,2,,15.0,central,1,317100
H01625,1562,3,6.0,5.0,riverside,0,371100
H01626,2390,4,4.0,69.0,central,0,224800
H01627,1434,3,1.0,9.0,central,1,158800
H01628,1296,1,10.0,20.0,riverside,1,628800
H01629,1249,1,6.0,12.0,suburb,1,286300
H01630,1685,3,8.0,28.0,suburb,1,303700
H01631,1933,4,,22.0,suburb,1,207300
H01632,1289,2,,11.0,suburb,0,414700
H01633,1152,1,,,central,0,188200
H01634,3243,6,6.0,21.0,suburb,0,434800
H01635,2183,3,2.0,21.0,central,0,222200
H01636,1326,2,7.0,4.0,suburb,1,359800
H01637,1998,2,6.0,15.0,suburb,0,331200
H01638,2784,5,6.0,,suburb,1,456300
H01639,1476,1,6.0,43.0,suburb,1,193700
H01640,1361,3,10.0,85.0,suburb,1,220600
H01641,1988,3,1.0,27.0,suburb,0,203300
H01642,1027,2,4.0,44.0,suburb,1,112100
H01643,1194,2,5.0,9.0,suburb,1,162300
H01644,1232,2,9.0,26.0,suburb,0,353600
H01645,1979,3,3.0,8.0,suburb,1,231200
H01646,3105,6,1.0,48.0,riverside,0,299800
H01647,2587,4,7.0,26.0,riverside,0,483600
H01648,1795,3,6.0,22.0,central,1,294000
H01649,1207,1,6.0,14.0,industrial,0,153000
H01650,1641,2,4.0,58.0,suburb,0,183700
H01651,1090,1,1.0,46.0,industrial,1,84200
H01652,1251,1,8.0,26.0,suburb,0,320900
H01653,1232,2,4.0,28.0,central,0,177700
H01654,1189,3,7.0,15.0,industrial,1,175500
H01655,1114,1,8.0,7.0,suburb,1,266600
H01656,1571,3,1.0,14.0,central,0,189300
H01657,1484,1,4.0,19.0,suburb,1,173400
H01658,1339,2,8.0,28.0,central,0,359100
H01659,1628,2,7.0,15.0,riverside,1,391200
H01660,1977,4,6.0,52.0,suburb,1,271400
H01661,912,2,1.0,31.0,industrial,0,96300
H01662,2070,3,8.0,39.0,central,1,639300
H01663,2024,3,7.0,11.0,riverside,1,577800
H01664,1550,3,10.0,44.0,industrial,0,281600
H01665,2132,1,10.0,21.0,suburb,0,580000
H01666,2862,5,5.0,11.0,central,0,571200
H01667,794,1,9.0,7.0,suburb,1,333400
H01668,1336,2,1.0,9.0,riverside,1,183200
H01669,2324,3,4.0,16.0,suburb,1,342000
H01670,762,2,4.0,18.0,suburb,0,140100
H01671,1729,4,1.0,34.0,suburb,0,100100
H01672,1125,1,5.0,13.0,suburb,1,197400
H01673,1108,2,9.0,30.0,riverside,1,432900
H01674,1864,3,1.0,48.0,central,0,262800
H01675,1481,3,10.0,55.0,industrial,0,331000
H01676,1606,1,5.0,49.0,suburb,1,246600
H01677,2632,4,4.0,27.0,riverside,0,361100
H01678,1666,2,3.0,38.0,suburb,1,138400
H01679,1304,2,3.0,54.0,riverside,1,253000
H01680,1018,3,9.0,15.0,central,0,326500
H01681,650,1,1.0,4.0,industrial,1,78300
H01682,1533,2,9.0,97.0,suburb,0,231900
H01683,1368,2,8.0,68.0,suburb,1,157500
H01684,1857,3,7.0,63.0,central,1,407500
H01685,1002,1,,17.0,suburb,1,239000
H01686,2570,4,3.0,20.0,industrial,1,168200
H01687,2146,3,9.0,18.0,suburb,1,647800
H01688,2090,3,2.0,15.0,suburb,1,208500
H01689,1398,3,4.0,48.0,suburb,1,139900
H01690,1191,2,7.0,24.0,suburb,0,304200
H01691,1128,2,4.0,24.0,suburb,0,171200
H01692,1532,3,2.0,,central,1,110000
H01693,1553,2,2.0,35.0,riverside,0,199900
H01694,811,1,2.0,23.0,riverside,1,178600
H01695,15746,3,10.0,27.0,suburb,1,1178310
H01696,1211,1,6.0,22.0,central,1,276000
H01697,2802,3,3.0,19.0,suburb,0,198600
H01698,1041,1,4.0,40.0,suburb,0,169500
H01699,1787,3,7.0,14.0,central,1,336200
H01700,2677,4,7.0,19.0,riverside,1,603400
H01701,1524,2,,5.0,central,1,365400
H01702,800,1,10.0,34.0,suburb,0,375600
H01703,1405,3,10.0,10.0,central,1,582900
H01704,1188,2,4.0,24.0,industrial,0,158700
H01705,951,1,10.0,37.0,suburb,1,324400
H01706,1460,1,8.0,27.0,suburb,1,311500
H01707,1164,1,7.0,21.0,riverside,1,359800
H01708,1196,1,7.0,10.0,suburb,0,257700
H01709,1729,3,,16.0,suburb,0,139100
H01710,2492,4,2.0,13.0,industrial,1,293400
H01711,1286,1,4.0,52.0,suburb,1,138200
H01712,1227,3,6.0,12.0,suburb,0,147000
H01713,1336,1,3.0,38.0,suburb,0,169800
H01714,1819,3,7.0,17.0,industrial,0,286800
H01715,1172,2,1.0,37.0,suburb,0,93400
H01716,3252,5,6.0,15.0,central,1,704100
H01717,1167,2,,55.0,suburb,0,73200
H01718,1545,2,6.0,21.0,central,1,358100
H01719,1782,4,8.0,7.0,industrial,0,352700
H01720,2816,5,7.0,63.0,suburb,1,386000
H01721,2212,3,5.0,28.0,central,1,426800
H01722,1106,1,3.0,7.0,riverside,1,200500
H01723,1418,1,8.0,23.0,suburb,0,210500
H01724,1141,2,3.0,43.0,suburb,1,132100
H01725,585,1,5.0,23.0,riverside,1,226700
H01726,1575,3,3.0,12.0,central,1,353600
H01727,1804,2,2.0,25.0,suburb,0,153600
H01728,1793,2,,33.0,central,0,431200
H01729,1186,1,2.0,40.0,central,1,129100
H01730,1950,3,,45.0,riverside,0,384400
H01731,1117,2,7.0,55.0,central,1,266300
H01732,3308,6,6.0,15.0,industrial,0,450200
H01733,4582,7,5.0,24.0,industrial,0,676200
H01734,1535,3,1.0,38.0,industrial,1,67100
H01735,2526,4,5.0,4.0,suburb,1,384800
H01736,1278,2,2.0,54.0,suburb,1,87500
H01737,1191,2,9.0,64.0,suburb,0,310900
H01738,1259,2,6.0,10.0,central,1,293200
H01739,1634,3,6.0,12.0,central,0,327000
H01740,2847,4,7.0,30.0,suburb,1,497600
H01741,2175,4,,32.0,suburb,0,441900
H01742,1435,3,2.0,45.0,industrial,0,112900
H01743,1628,2,7.0,5.0,suburb,0,337300
H01744,2168,4,5.0,16.0,industrial,1,184700
H01745,1539,3,7.0,8.0,riverside,1,521800
H01746,1853,3,3.0,7.0,suburb,1,197000
H01747,769,1,6.0,4.0,suburb,1,241700
H01748,1526,3,5.0,13.0,riverside,0,303600
H01749,2077,3,9.0,10.0,industrial,0,440600
H01750,2770,5,3.0,33.0,riverside,0,405400
H01751,1162,1,,14.0,industrial,1,125800
H01752,1033,2,,19.0,riverside,1,190500
H01753,1801,3,2.0,53.0,riverside,1,169700
H01754,1261,2,5.0,26.0,suburb,1,157600
H01755,1965,3,1.0,20.0,central,0,205100
H01756,1173,2,2.0,9.0,suburb,0,167900
H01757,940,2,3.0,36.0,suburb,1,88000
H01758,1510,3,1.0,5.0,riverside,0,201400
H01759,1235,3,4.0,16.0,industrial,1,137800
H01760,1176,3,3.0,9.0,central,1,208600
H01761,1167,2,5.0,3.0,central,0,295500
H01762,1146,2,9.0,31.0,suburb,1,285100
H01763,845,1,8.0,12.0,suburb,1,212200
H01764,1559,3,3.0,27.0,suburb,0,119900
H01765,1512,3,4.0,22.0,industrial,0,171400
H01766,1870,4,,25.0,central,0,480500
H01767,1958,2,1.0,37.0,suburb,1,132500
H01768,661,2,8.0,30.0,suburb,0,227200
H01769,1938,3,8.0,20.0,suburb,1,414000
H01770,2309,4,1.0,9.0,suburb,0,183300
H01771,685,1,7.0,9.0,central,1,312100
H01772,3168,6,3.0,25.0,central,1,590800
H01773,1145,1,7.0,4.0,central,0,383400
H01774,2214,4,1.0,15.0,central,0,260500
H01775,1927,3,1.0,12.0,central,1,225700
H01776,2573,4,8.0,42.0,riverside,1,811400
H01777,1953,3,1.0,18.0,suburb,0,134900
H01778,1868,3,10.0,15.0,suburb,1,439200
H01779,1081,1,9.0,33.0,suburb,1,226300
H01780,2771,4,2.0,28.0,riverside,0,428800
H01781,2413,4,10.0,24.0,suburb,1,423500
H01782,1863,2,,13.0,suburb,1,578000
H01783,2017,4,3.0,39.0,central,1,408200
H01784,836,1,2.0,8.0,central,1,169100
H01785,2066,3,3.0,3.0,central,1,223000
H01786,2359,4,1.0,31.0,suburb,1,145200
H01787,939,1,9.0,32.0,central,0,327000
H01788,1545,3,7.0,51.0,riverside,0,254400
H01789,1473,4,8.0,3.0,central,1,448000
H01790,2016,4,9.0,34.0,riverside,0,771000
H01791,2704,5,5.0,24.0,suburb,1,463400
H01792,1006,1,8.0,24.0,suburb,1,294000
H01793,1731,3,,34.0,central,0,173400
H01794,1758,3,1.0,3.0,central,1,200500
H01795,1488,3,10.0,32.0,central,0,602800
H01796,1509,3,3.0,34.0,central,1,198900
H01797,2614,5,3.0,13.0,central,1,336700
H01798,1133,2,4.0,31.0,suburb,0,178000
H01799,1383,2,7.0,40.0,suburb,1,278100
H01800,1164,1,4.0,21.0,suburb,1,184200
H01801,681,1,9.0,38.0,riverside,0,313600
H01802,649,1,7.0,43.0,central,1,185500
H01803,1859,3,8.0,12.0,riverside,1,453600
H01804,2906,4,5.0,27.0,riverside,1,450900
H01805,1686,4,5.0,5.0,suburb,1,296100
H01806,2417,4,,8.0,suburb,1,427300
H01807,932,2,3.0,30.0,central,0,129800
H01808,1541,2,9.0,19.0,suburb,0,498200
H01809,1675,3,1.0,17.0,suburb,0,122700
H01810,1298,2,1.0,39.0,riverside,0,129300
H01811,743,1,4.0,22.0,suburb,1,141000
H01812,2154,4,8.0,46.0,central,0,425100
H01813,1204,1,9.0,18.0,suburb,0,364800
H01814,2071,4,9.0,5.0,suburb,1,545600
H01815,2507,4,2.0,56.0,suburb,1,196200
H01816,3468,6,8.0,23.0,central,0,770600
H01817,1847,3,2.0,37.0,industrial,1,122100
H01818,1666,3,9.0,11.0,suburb,0,610500
H01819,948,1,9.0,31.0,industrial,0,302900
H01820,1593,2,9.0,27.0,suburb,1,373000
H01821,1905,4,5.0,27.0,suburb,1,253600
H01822,1893,4,7.0,22.0,central,1,375500
H01823,536,1,,49.0,suburb,1,302900
H01824,840,1,2.0,16.0,riverside,1,130800
H01825,853,1,8.0,16.0,riverside,0,326100
H01826,1854,4,9.0,22.0,suburb,1,421900
H01827,1309,2,3.0,9.0,suburb,0,196600
H01828,903,1,8.0,13.0,central,0,342000
H01829,1355,2,7.0,13.0,suburb,1,235500
H01830,1035,2,9.0,19.0,riverside,1,452600
H01831,1714,4,9.0,7.0,suburb,1,532400
H01832,1678,4,2.0,6.0,riverside,0,354800
H01833,2123,3,4.0,13.0,central,1,327200
H01834,860,1,10.0,24.0,suburb,0,475400
H01835,1330,3,6.0,9.0,central,1,321400
H01836,1313,1,6.0,27.0,central,0,234400
H01837,1755,3,1.0,15.0,central,0,165900
H01838,1308,2,1.0,31.0,suburb,0,132900
H01839,3005,5,10.0,7.0,industrial,0,1058500
H01840,1631,2,1.0,,suburb,1,107800
H01841,1397,3,7.0,14.0,riverside,1,363100
H01842,892,1,2.0,18.0,suburb,1,178000
H01843,1675,3,10.0,7.0,suburb,0,551400
H01844,714,1,4.0,19.0,suburb,1,155300
H01845,1586,4,3.0,43.0,central,1,199900
H01846,1176,3,2.0,8.0,suburb,1,120400
H01847,887,1,10.0,18.0,suburb,0,355800
H01848,1836,3,1.0,10.0,central,0,171300
H01849,1443,2,3.0,29.0,suburb,1,111100
H01850,1942,4,1.0,15.0,suburb,0,153500
H01851,1677,3,2.0,15.0,suburb,0,177200
H01852,2162,4,6.0,29.0,riverside,0,300200
H01853,1216,2,1.0,14.0,central,0,186800
H01854,3758,7,9.0,11.0,riverside,0,1199100
H01855,1514,3,8.0,20.0,suburb,1,272800
H01856,2203,3,1.0,16.0,suburb,1,243700
H01857,2032,4,6.0,13.0,industrial,1,248700
H01858,2369,4,4.0,14.0,central,0,301000
H01859,1420,3,7.0,,industrial,0,151200
H01860,1418,2,10.0,7.0,central,1,711400
H01861,987,2,6.0,21.0,central,0,272400
H01862,1114,2,10.0,32.0,central,0,550200
H01863,1387,3,10.0,27.0,central,1,674600
H01864,1071,1,6.0,55.0,suburb,1,158200
H01865,1081,1,8.0,53.0,riverside,1,341200
H01866,2364,3,5.0,37.0,central,1,421000
H01867,1029,2,4.0,21.0,suburb,1,194100
H01868,1500,3,10.0,25.0,central,1,865900
H01869,900,2,2.0,4.0,suburb,0,177700
H01870,2257,3,1.0,10.0,industrial,0,196700
H01871,1753,3,10.0,26.0,central,0,513200
H01872,1517,3,1.0,30.0,suburb,1,121400
H01873,1545,2,2.0,13.0,suburb,0,137100
H01874,4139,7,8.0,,suburb,0,682300
H01875,2675,5,6.0,18.0,industrial,0,352500
H01876,1385,3,8.0,23.0,industrial,0,289100
H01877,1000,4,3.0,41.0,suburb,1,127200
H01878,2154,4,6.0,12.0,central,1,448600
H01879,2602,4,7.0,55.0,central,1,436200
H01880,1257,2,3.0,11.0,riverside,0,138000
H01881,1525,2,3.0,12.0,suburb,1,158200
H01882,1469,2,10.0,20.0,suburb,1,427900
H01883,2008,3,10.0,6.0,industrial,1,549000
H01884,1569,3,1.0,21.0,suburb,1,150200
H01885,1236,2,7.0,14.0,suburb,1,194500
H01886,1097,2,1.0,13.0,suburb,1,77100
H01887,1244,1,2.0,5.0,central,1,144400
H01888,3122,5,2.0,15.0,riverside,1,410700
H01889,1717,2,4.0,20.0,suburb,1,185000
H01890,2366,5,1.0,3.0,suburb,1,156200
H01891,2073,4,,77.0,suburb,1,267200
H01892,1637,2,8.0,21.0,central,1,468900
H01893,1465,3,1.0,17.0,suburb,1,151200
H01894,1049,1,5.0,15.0,riverside,0,195100
H01895,2307,3,7.0,,central,1,362800
H01896,2379,4,9.0,8.0,industrial,0,391000
H01897,1564,3,6.0,11.0,riverside,1,398400
H01898,1231,1,9.0,56.0,suburb,1,279900
H01899,1117,2,2.0,22.0,central,1,176400
H01900,1525,2,3.0,21.0,riverside,1,207200
H01901,1376,3,9.0,9.0,riverside,1,679000
H01902,1446,2,10.0,39.0,riverside,1,521100
H01903,2247,4,7.0,5.0,central,1,482700
H01904,1634,4,2.0,28.0,industrial,1,145500
H01905,21626,3,1.0,10.0,central,1,543430
H01906,2092,4,6.0,19.0,suburb,1,282400
H01907,1297,2,7.0,4.0,central,0,380500
H01908,1233,2,2.0,6.0,riverside,0,198800
H01909,914,1,10.0,6.0,riverside,1,568700
H01910,1178,2,2.0,14.0,central,1,183600
H01911,1252,2,7.0,16.0,central,1,380400
H01912,962,2,9.0,8.0,suburb,0,310900
H01913,1737,3,5.0,11.0,suburb,0,258200
H01914,1672,2,5.0,4.0,suburb,0,307900
H01915,854,2,5.0,28.0,suburb,1,191900
H01916,1493,2,1.0,19.0,riverside,0,255200
H01917,1484,2,6.0,21.0,central,0,344500
H01918,1385,2,7.0,7.0,suburb,0,274200
H01919,1201,3,4.0,32.0,riverside,0,284000
H01920,1484,3,8.0,74.0,suburb,1,158300
H01921,1744,4,4.0,12.0,suburb,1,114900
H01922,1631,3,7.0,19.0,central,1,611300
H01923,1194,2,10.0,49.0,suburb,1,361200
H01924,1126,1,1.0,27.0,riverside,1,132200
H01925,1248,1,3.0,13.0,suburb,1,123000
H01926,1317,3,,28.0,riverside,0,546400
H01927,3806,6,1.0,62.0,central,1,310800
H01928,1912,3,6.0,8.0,suburb,1,336400
H01929,2582,5,5.0,16.0,industrial,1,224500
H01930,663,2,3.0,10.0,riverside,1,216900
H01931,1424,2,,30.0,suburb,0,134700
H01932,1411,3,,14.0,central,1,333400
H01933,1759,3,3.0,12.0,riverside,1,345000
H01934,1458,1,8.0,17.0,suburb,1,356200
H01935,1996,4,5.0,,suburb,1,265800
H01936,3023,3,6.0,7.0,suburb,0,576900
H01937,719,1,9.0,10.0,central,1,373000
H01938,994,2,4.0,16.0,suburb,0,122000
H01939,1714,3,6.0,52.0,suburb,1,225500
H01940,977,1,8.0,11.0,central,1,403600
H01941,1642,2,9.0,12.0,suburb,1,520100
H01942,523,1,6.0,69.0,central,1,166500
H01943,1632,1,3.0,64.0,riverside,1,148200
H01944,1675,3,1.0,40.0,central,1,152300
H01945,1554,1,6.0,8.0,suburb,1,186400
H01946,857,2,4.0,13.0,industrial,0,103500
H01947,1965,3,2.0,8.0,riverside,1,341500
H01948,1920,4,5.0,7.0,suburb,0,284400
H01949,1710,3,9.0,28.0,central,1,458400
H01950,1875,3,3.0,62.0,suburb,0,181500
H01951,982,1,1.0,17.0,industrial,1,83400
H01952,1181,3,5.0,10.0,central,1,204000
H01953,1284,1,9.0,7.0,riverside,1,663100
H01954,1366,2,4.0,29.0,riverside,1,253500
H01955,1373,2,1.0,37.0,industrial,0,99100
H01956,1968,2,10.0,,suburb,1,376400
H01957,648,2,8.0,46.0,central,1,261000
H01958,3115,3,1.0,27.0,suburb,1,234800
H01959,1731,2,2.0,14.0,riverside,0,234300
H01960,1601,2,4.0,30.0,central,0,288000
H01961,968,1,1.0,,central,1,75900
H01962,1581,1,9.0,33.0,riverside,0,568000
H01963,1079,1,1.0,44.0,suburb,1,106100
H01964,991,2,6.0,2.0,central,0,332700
H01965,1549,3,,18.0,riverside,1,154600
H01966,1998,2,10.0,34.0,suburb,0,663100
H01967,1493,3,4.0,39.0,suburb,0,206000
H01968,1427,3,8.0,27.0,central,0,420900
H01969,1655,4,5.0,3.0,central,1,460100
H01970,1586,2,10.0,62.0,suburb,1,474300
H01971,1771,2,1.0,65.0,central,1,152700
H01972,1428,3,10.0,28.0,central,1,582600
H01973,1971,3,1.0,6.0,central,1,297700
H01974,2431,4,6.0,13.0,suburb,0,515100
H01975,1162,1,3.0,9.0,suburb,1,172200
H01976,1439,3,8.0,13.0,suburb,1,280600
H01977,1918,3,6.0,24.0,suburb,0,359100
H01978,959,2,8.0,8.0,central,1,277200
H01979,1835,3,6.0,8.0,suburb,0,278500
H01980,2262,3,10.0,53.0,suburb,0,588700
H01981,1672,2,6.0,7.0,suburb,0,344600
H01982,1468,2,4.0,23.0,central,1,240300
H01983,1668,3,4.0,12.0,suburb,0,222900
H01984,1118,2,9.0,32.0,riverside,0,356500
H01985,2018,3,7.0,19.0,central,1,502900
H01986,1627,3,7.0,3.0,riverside,0,504500
H01987,785,1,10.0,14.0,industrial,0,371700
H01988,1927,2,4.0,14.0,suburb,0,254800
H01989,2053,2,7.0,5.0,central,1,581700
H01990,2706,3,3.0,20.0,suburb,0,297600
H01991,1115,1,2.0,14.0,suburb,1,108200
H01992,1296,1,8.0,12.0,suburb,0,235100
H01993,2387,3,2.0,20.0,suburb,1,208500
H01994,1128,3,9.0,5.0,suburb,1,511600
H01995,1149,2,1.0,61.0,central,0,90600
H01996,1488,4,6.0,11.0,riverside,1,461000
H01997,2138,4,4.0,28.0,suburb,0,269100
H01998,2974,5,,46.0,suburb,0,754700
H01999,1755,3,,,central,0,207400
H02000,939,1,4.0,27.0,suburb,1,126400
H02001,1394,2,8.0,48.0,riverside,1,355400
H02002,1101,2,2.0,42.0,riverside,0,171900
H02003,957,1,9.0,8.0,suburb,1,353500
H02004,1975,4,4.0,33.0,central,0,309300
H02005,855,1,5.0,23.0,riverside,1,229000
H02006,985,2,3.0,12.0,industrial,0,125400
H02007,1557,2,4.0,10.0,suburb,0,251100
H02008,1358,1,2.0,49.0,suburb,1,97200
H02009,1326,1,5.0,5.0,suburb,1,195600
H02010,2067,4,10.0,15.0,suburb,0,606900
H02011,2307,4,2.0,,suburb,1,143600
H02012,1300,4,10.0,31.0,central,1,378900
H02013,1854,4,5.0,15.0,suburb,0,219400
H02014,1101,2,3.0,25.0,suburb,1,107000
H02015,1734,3,2.0,17.0,suburb,1,140300
H02016,1830,4,6.0,3.0,suburb,1,319500
H02017,1317,1,4.0,11.0,central,1,292400
H02018,1408,1,9.0,17.0,riverside,0,560200
H02019,1685,2,1.0,45.0,riverside,1,159900
H02020,1674,2,5.0,47.0,industrial,0,199800
H02021,2963,4,7.0,11.0,central,0,452800
H02022,3236,5,5.0,9.0,riverside,1,603700
H02023,1572,2,1.0,20.0,suburb,1,189900
H02024,2004,2,6.0,16.0,suburb,1,317200
H02025,2076,4,6.0,3.0,suburb,1,349500
H02026,1808,2,6.0,47.0,suburb,0,304500
H02027,2147,4,8.0,29.0,industrial,1,451500
H02028,799,3,6.0,13.0,central,1,211100
H02029,1490,2,7.0,13.0,central,1,391600
H02030,1791,1,5.0,11.0,central,0,406100
H02031,3349,6,,33.0,central,1,297300
H02032,1194,2,3.0,24.0,riverside,1,267800
H02033,2322,3,5.0,14.0,industrial,1,256100
H02034,1579,1,2.0,46.0,central,1,223200
H02035,1611,3,4.0,16.0,suburb,1,178000
H02036,1647,3,10.0,16.0,central,1,755600
H02037,1672,3,3.0,26.0,suburb,1,143300
H02038,5159,8,3.0,2.0,suburb,1,774300
H02039,2157,4,8.0,60.0,industrial,0,254800
H02040,1908,4,6.0,19.0,industrial,1,173800
H02041,2718,4,8.0,10.0,suburb,0,340500
H02042,1228,2,7.0,34.0,industrial,0,192100
H02043,1474,3,4.0,20.0,suburb,1,152000
H02044,1791,1,10.0,16.0,central,0,561700
H02045,1342,3,4.0,,central,1,238600
H02046,2553,4,1.0,10.0,suburb,0,235200
H02047,663,1,9.0,55.0,suburb,0,220400
H02048,984,1,2.0,21.0,central,0,139000
H02049,2487,5,1.0,60.0,riverside,1,254300
H02050,1523,3,6.0,2.0,industrial,0,268600
H02051,2486,5,,73.0,suburb,0,452000
H02052,1510,3,9.0,31.0,central,0,575000
H02053,1692,3,2.0,12.0,central,0,151900
H02054,3080,4,8.0,6.0,suburb,0,794500
H02055,917,1,6.0,61.0,riverside,1,220000
H02056,1408,1,1.0,23.0,riverside,1,171800
H02057,1180,2,4.0,23.0,industrial,1,133900
H02058,1257,2,8.0,10.0,suburb,0,344600
H02059,2226,5,10.0,23.0,riverside,1,818500
H02060,1528,2,8.0,7.0,industrial,1,235100
H02061,1457,1,6.0,22.0,industrial,1,211400
H02062,830,1,6.0,22.0,riverside,0,291700
H02063,2117,3,2.0,14.0,central,0,232200
H02064,2071,3,1.0,43.0,suburb,0,89500
H02065,1424,1,8.0,25.0,suburb,1,332600
H02066,932,2,5.0,61.0,suburb,1,142000
H02067,1094,2,7.0,37.0,industrial,0,166100
H02068,812,1,8.0,19.0,suburb,1,200600
H02069,1170,2,6.0,59.0,suburb,0,242900
H02070,1013,2,8.0,14.0,suburb,1,301500
H02071,2079,4,3.0,18.0,suburb,1,164800
H02072,1517,2,8.0,37.0,riverside,0,412900
H02073,1171,1,4.0,8.0,suburb,1,164100
H02074,4015,7,2.0,57.0,riverside,0,416800
H02075,2669,4,4.0,18.0,suburb,0,313700
H02076,1969,3,10.0,17.0,suburb,1,447800
H02077,1439,3,9.0,14.0,central,0,657700
H02078,2803,5,2.0,15.0,suburb,1,266500
H02079,1418,3,9.0,47.0,industrial,1,236300
H02080,2163,3,5.0,29.0,suburb,1,218300
H02081,946,2,10.0,26.0,suburb,1,366400
H02082,1114,3,8.0,14.0,central,0,478700
H02083,684,1,7.0,22.0,suburb,1,216300
H02084,1564,2,1.0,14.0,central,1,128700
H02085,993,1,2.0,10.0,central,0,140000
H02086,2102,3,1.0,42.0,riverside,0,277600
H02087,1300,2,1.0,17.0,suburb,0,94800
H02088,1458,1,10.0,15.0,central,1,492700
H02089,1211,2,9.0,19.0,suburb,1,362000
H02090,1050,1,9.0,20.0,suburb,1,231800
H02091,2237,5,9.0,38.0,suburb,1,439300
H02092,1029,2,,11.0,central,0,342900
H02093,1703,2,8.0,40.0,suburb,1,397200
H02094,1437,2,9.0,42.0,suburb,1,457200
H02095,1709,3,4.0,18.0,central,0,328400
H02096,988,1,1.0,26.0,riverside,1,147500
H02097,3193,5,3.0,17.0,central,0,333600
H02098,2017,2,6.0,10.0,suburb,1,280900
H02099,962,1,10.0,23.0,suburb,1,357700
H02100,2034,3,5.0,67.0,suburb,1,257500
H02101,2249,2,10.0,46.0,suburb,0,799200
H02102,1056,3,2.0,33.0,central,0,122100
H02103,1949,4,6.0,18.0,central,1,400600
H02104,1236,1,,19.0,riverside,1,209700
H02105,2500,4,3.0,3.0,suburb,1,263900
H02106,1992,4,3.0,24.0,riverside,1,222700
H02107,1603,3,7.0,,suburb,0,339900
H02108,1060,2,3.0,19.0,central,0,121900
H02109,1304,3,7.0,26.0,suburb,1,222800
H02110,3171,4,3.0,43.0,suburb,0,274500
H02111,605,1,9.0,16.0,suburb,0,290200
H02112,1978,3,1.0,10.0,central,1,157500
H02113,1284,1,4.0,30.0,suburb,0,181800
H02114,2202,2,8.0,31.0,suburb,1,518500
H02115,2522,3,5.0,18.0,central,1,345200
H02116,3009,5,2.0,12.0,riverside,0,463200
H02117,1081,1,4.0,2.0,central,0,218400
H02118,1200,2,1.0,6.0,central,1,113200
H02119,1725,2,7.0,7.0,central,0,326000
H02120,874,2,8.0,42.0,central,0,252200
H02121,569,1,2.0,21.0,suburb,1,99200
H02122,2219,3,10.0,26.0,suburb,1,659400
H02123,1232,1,8.0,10.0,central,0,383600
H02124,927,1,6.0,13.0,riverside,1,407700
H02125,1330,2,10.0,14.0,suburb,0,490100
H02126,2140,3,4.0,9.0,suburb,0,192500
H02127,2443,4,7.0,8.0,central,1,502400
H02128,2024,3,6.0,46.0,industrial,0,248800
H02129,1669,3,,10.0,central,1,522900
H02130,749,1,7.0,48.0,industrial,0,188800
H02131,1842,3,5.0,50.0,suburb,1,226500
H02132,1998,3,6.0,14.0,central,1,410500
H02133,1411,3,8.0,21.0,central,0,366100
H02134,2355,4,3.0,36.0,suburb,1,251300
H02135,3821,6,4.0,20.0,central,0,616000
H02136,1256,3,1.0,53.0,suburb,1,103600
H02137,2322,3,7.0,19.0,riverside,1,802400
H02138,952,1,10.0,38.0,industrial,1,409500
H02139,1350,2,7.0,19.0,suburb,1,262600
H02140,1270,3,2.0,19.0,suburb,1,142700
H02141,1718,3,8.0,22.0,central,1,405300
H02142,1854,4,10.0,2.0,central,1,794000
H02143,2540,5,6.0,26.0,central,1,439500
H02144,2025,3,8.0,17.0,suburb,1,418000
H02145,2338,5,6.0,28.0,suburb,1,338700
H02146,1372,2,7.0,7.0,riverside,0,315100
H02147,2051,4,4.0,42.0,central,1,289700
H02148,2004,2,,21.0,suburb,1,188600
H02149,866,2,9.0,13.0,central,0,284200
H02150,2170,4,7.0,37.0,central,1,320900
H02151,1446,3,2.0,20.0,central,0,149400
H02152,1312,2,3.0,21.0,riverside,1,210300
H02153,1085,2,1.0,35.0,riverside,1,165400
H02154,1338,2,7.0,33.0,central,1,313200
H02155,1036,1,,66.0,suburb,1,258800
H02156,2151,3,10.0,33.0,central,0,798300
H02157,1967,4,7.0,36.0,suburb,0,410100
H02158,1498,2,5.0,32.0,riverside,0,280300
H02159,1028,1,3.0,43.0,riverside,0,160600
H02160,1233,2,9.0,21.0,central,1,560700
H02161,1495,3,1.0,28.0,suburb,1,104000
H02162,1322,2,2.0,30.0,riverside,1,175300
H02163,1064,2,7.0,23.0,suburb,1,205600
H02164,2945,5,10.0,72.0,suburb,0,510300
H02165,1018,2,10.0,8.0,suburb,1,437200
H02166,1773,3,8.0,34.0,suburb,1,320500
H02167,1265,1,2.0,37.0,central,0,221400
H02168,1052,2,2.0,31.0,industrial,1,101700
H02169,1440,2,,21.0,riverside,0,350500
H02170,785,1,10.0,17.0,industrial,0,322500
H02171,1226,1,7.0,18.0,industrial,0,255700
H02172,617,1,9.0,,industrial,0,196400
H02173,1622,3,10.0,18.0,central,1,449400
H02174,835,1,3.0,32.0,riverside,1,166700
H02175,1075,2,,22.0,suburb,0,134700
H02176,928,2,1.0,4.0,central,1,161300
H02177,1792,3,1.0,46.0,suburb,1,118700
H02178,4045,6,10.0,11.0,central,0,2078700
H02179,1615,3,6.0,22.0,suburb,0,324900
H02180,2191,3,8.0,9.0,central,0,586600
H02181,2684,3,10.0,6.0,central,1,898500
H02182,1711,3,8.0,24.0,riverside,0,647700
H02183,1767,3,2.0,46.0,central,1,213600
H02184,3427,4,8.0,9.0,suburb,0,812900
H02185,2167,3,1.0,14.0,suburb,0,195000
H02186,1150,1,2.0,113.0,central,1,75700
H02187,615,1,5.0,39.0,suburb,1,141100
H02188,2105,5,9.0,21.0,suburb,0,545000
H02189,994,1,1.0,70.0,suburb,0,116000
H02190,3098,5,2.0,4.0,suburb,1,306700
H02191,1873,3,4.0,32.0,industrial,1,209200
H02192,1214,2,2.0,3.0,suburb,1,133000
H02193,854,1,5.0,14.0,industrial,1,167000
H02194,2153,3,6.0,5.0,suburb,1,415200
H02195,2324,3,4.0,30.0,industrial,1,233400
H02196,1349,1,2.0,11.0,suburb,0,144300
H02197,2486,3,7.0,16.0,central,0,664800
H02198,1160,1,,7.0,industrial,1,266800
H02199,799,2,3.0,26.0,suburb,0,122800
H02200,2450,4,8.0,37.0,riverside,1,575400
H02201,1983,3,,19.0,suburb,0,260800
H02202,1720,2,8.0,15.0,central,1,465400
H02203,3237,5,9.0,6.0,suburb,0,905900
H02204,2135,4,4.0,46.0,suburb,0,217800
H02205,1370,3,6.0,17.0,central,1,317000
H02206,1045,2,9.0,30.0,central,0,342600
H02207,1626,3,8.0,7.0,suburb,1,564200
H02208,1682,3,9.0,19.0,suburb,0,302300
H02209,1482,2,2.0,30.0,central,0,172100
H02210,1486,3,2.0,18.0,riverside,1,238400
H02211,1100,1,7.0,48.0,suburb,0,178800
H02212,3155,5,3.0,55.0,riverside,0,395100
H02213,2566,5,2.0,26.0,suburb,1,226500
H02214,1954,3,5.0,16.0,central,1,303200
H02215,1986,4,7.0,22.0,suburb,0,454200
H02216,1274,3,10.0,24.0,suburb,1,300300
H02217,4118,7,8.0,69.0,suburb,1,1020300
H02218,1267,2,6.0,17.0,central,1,363000
H02219,2762,4,3.0,10.0,industrial,1,343600
H02220,3522,6,8.0,57.0,riverside,0,1012200
H02221,1172,2,5.0,26.0,riverside,0,232700
H02222,886,2,8.0,17.0,riverside,1,322300
H02223,1764,4,2.0,7.0,central,0,238400
H02224,1932,2,8.0,4.0,suburb,0,272200
H02225,1953,3,5.0,14.0,industrial,1,234900
H02226,890,2,1.0,32.0,suburb,1,73100
H02227,1422,1,2.0,49.0,suburb,1,105400
H02228,1204,1,4.0,26.0,central,1,212700
H02229,1449,3,10.0,26.0,industrial,1,274300
H02230,652,1,6.0,7.0,industrial,1,122400
H02231,1007,1,8.0,36.0,suburb,1,227800
H02232,1325,1,4.0,5.0,suburb,0,211000
H02233,1990,3,6.0,22.0,central,0,367100
H02234,1300,2,,5.0,central,0,198400
H02235,1942,3,,16.0,central,1,442700
H02236,1614,4,3.0,29.0,riverside,0,309100
H02237,1019,2,4.0,2.0,suburb,1,140900
H02238,1102,1,8.0,15.0,suburb,1,333500
H02239,1061,2,10.0,43.0,riverside,0,453400
H02240,1282,3,4.0,45.0,suburb,1,145300
H02241,1756,4,10.0,8.0,suburb,1,599200
H02242,20860,4,7.0,17.0,central,0,1629050
H02243,985,2,2.0,17.0,suburb,1,169100
H02244,1697,2,9.0,6.0,riverside,1,410100
H02245,1052,2,7.0,23.0,central,1,247500
H02246,1410,2,10.0,,riverside,1,535900
H02247,1228,1,4.0,51.0,industrial,0,106000
H02248,1360,4,2.0,33.0,central,1,162100
H02249,1090,1,9.0,60.0,suburb,1,241400
H02250,1312,2,4.0,17.0,riverside,0,259500
H02251,3250,6,4.0,3.0,riverside,1,452600
H02252,1036,3,2.0,18.0,suburb,0,106300
H02253,1902,2,1.0,27.0,suburb,1,134300
H02254,1860,5,10.0,17.0,suburb,0,468300
H02255,1341,3,3.0,44.0,suburb,0,128600
H02256,1156,2,2.0,40.0,central,1,203300
H02257,1011,2,2.0,18.0,suburb,1,128500
H02258,1648,4,,5.0,central,1,416600
H02259,1511,2,6.0,31.0,central,1,326300
H02260,703,1,,44.0,riverside,0,179800
H02261,1046,3,4.0,9.0,central,1,206400
H02262,1015,2,4.0,21.0,central,1,158900
H02263,1277,4,8.0,19.0,suburb,1,246800
H02264,1985,3,5.0,37.0,suburb,1,341500
H02265,2245,4,1.0,34.0,industrial,1,119100
H02266,3107,5,3.0,66.0,industrial,1,260900
H02267,2076,4,10.0,24.0,suburb,1,432000
H02268,1655,2,7.0,43.0,suburb,1,298000
H02269,1690,3,7.0,12.0,central,0,426400
H02270,1070,3,,,central,0,184100
H02271,961,1,1.0,17.0,central,1,108200
H02272,2355,4,8.0,25.0,suburb,1,566500
H02273,1646,3,10.0,101.0,central,1,303900
H02274,1092,1,4.0,58.0,central,1,177200
H02275,14558,1,5.0,33.0,suburb,0,459110
H02276,1483,2,2.0,15.0,riverside,1,220500
H02277,2528,6,7.0,12.0,suburb,1,535600
H02278,2472,5,7.0,26.0,suburb,0,450900
H02279,1088,2,5.0,10.0,suburb,0,152700
H02280,2006,3,6.0,11.0,suburb,0,360800
H02281,1033,1,9.0,31.0,suburb,0,363200
H02282,810,2,7.0,18.0,suburb,1,287600
H02283,2517,5,2.0,22.0,central,1,344100
H02284,800,2,7.0,21.0,suburb,1,178800
H02285,1449,3,3.0,13.0,suburb,1,182000
H02286,978,1,3.0,45.0,central,1,163600
H02287,1256,2,6.0,75.0,suburb,0,130700
H02288,1393,1,8.0,,central,0,464000
H02289,1979,3,6.0,15.0,central,1,349600
H02290,1369,2,4.0,24.0,suburb,1,153000
H02291,3238,6,8.0,10.0,suburb,1,847000
H02292,1202,2,8.0,64.0,suburb,0,246500
H02293,1092,2,7.0,14.0,industrial,0,169300
H02294,1143,1,2.0,6.0,suburb,1,170500
H02295,1681,4,1.0,13.0,central,1,172500
H02296,2527,6,4.0,19.0,suburb,1,283800
H02297,2042,4,5.0,4.0,riverside,0,445000
H02298,1094,1,3.0,18.0,industrial,1,92600
H02299,3636,5,4.0,31.0,central,1,607000
H02300,864,1,6.0,5.0,riverside,1,214600
H02301,2646,5,7.0,71.0,suburb,0,443100
H02302,715,1,9.0,11.0,central,1,355300
H02303,2365,4,5.0,10.0,suburb,1,340700
H02304,1771,2,2.0,32.0,riverside,1,291900
H02305,1530,3,4.0,10.0,suburb,0,232200
H02306,2334,4,2.0,39.0,suburb,1,210500
H02307,1376,3,9.0,22.0,suburb,0,371500
H02308,675,1,5.0,14.0,central,1,219200
H02309,1302,3,3.0,40.0,riverside,0,235300
H02310,1194,2,7.0,45.0,suburb,1,211200
H02311,1721,4,8.0,29.0,central,1,394800
H02312,784,3,10.0,9.0,riverside,1,577300
H02313,1807,3,4.0,16.0,riverside,0,468500
H02314,2497,3,1.0,17.0,suburb,1,204800
H02315,1044,2,4.0,9.0,riverside,0,217400
H02316,1368,2,4.0,21.0,riverside,0,266900
H02317,1211,2,8.0,11.0,industrial,1,253400
H02318,1074,2,5.0,39.0,central,1,198800
H02319,1556,2,2.0,11.0,riverside,1,271100
H02320,3434,7,3.0,14.0,industrial,1,395000
H02321,1396,2,9.0,69.0,central,0,421100
H02322,1133,2,2.0,5.0,suburb,1,125700
H02323,1263,2,8.0,15.0,central,0,310700
H02324,1310,2,1.0,29.0,central,1,144400
H02325,970,1,8.0,25.0,central,0,403300
H02326,1654,3,9.0,7.0,suburb,0,350700
H02327,3167,6,1.0,19.0,riverside,0,418400
H02328,1553,3,10.0,18.0,suburb,0,466800
H02329,1409,2,10.0,20.0,central,1,643700
H02330,2070,3,9.0,20.0,central,0,664000
H02331,1588,2,8.0,10.0,riverside,1,494300
H02332,2037,3,9.0,41.0,riverside,0,692100
H02333,2536,4,,52.0,central,0,338900
H02334,2268,4,1.0,4.0,suburb,0,219200
H02335,1016,1,7.0,9.0,industrial,1,176000
H02336,5440,8,10.0,21.0,suburb,1,1912400
H02337,1982,2,,,riverside,0,319300
H02338,1815,3,2.0,17.0,suburb,1,248300
H02339,2130,4,,52.0,suburb,1,356400
H02340,899,1,2.0,14.0,suburb,1,94300
H02341,1604,2,5.0,43.0,riverside,0,277800
H02342,2308,4,6.0,26.0,industrial,0,192800
H02343,1739,3,8.0,10.0,suburb,1,590500
H02344,1993,4,4.0,18.0,suburb,1,278500
H02345,1086,2,4.0,11.0,suburb,0,189900
H02346,1481,3,10.0,49.0,riverside,1,667000
H02347,1146,2,,17.0,suburb,1,245600
H02348,1721,3,2.0,42.0,riverside,1,225100
H02349,3318,5,6.0,48.0,central,0,489200
H02350,3567,6,6.0,26.0,suburb,1,457900
H02351,1320,2,4.0,9.0,suburb,0,211300
H02352,2245,4,9.0,29.0,suburb,1,612400
H02353,3804,7,4.0,23.0,central,0,462900
H02354,406,1,3.0,6.0,riverside,1,201400
H02355,1953,2,5.0,21.0,central,1,335200
H02356,2213,4,9.0,63.0,central,1,451700
H02357,1675,3,9.0,55.0,suburb,0,281400
H02358,1310,2,9.0,22.0,central,0,451800
H02359,1311,3,7.0,9.0,central,0,453100
H02360,1178,2,,7.0,suburb,1,286500
H02361,698,1,4.0,25.0,riverside,0,184200
H02362,1344,2,7.0,53.0,industrial,0,214700
H02363,1772,2,6.0,30.0,suburb,0,235700
H02364,1908,3,7.0,10.0,suburb,1,354100
H02365,1713,3,8.0,14.0,central,1,514800
H02366,1095,1,3.0,56.0,suburb,0,116200
H02367,1589,2,8.0,94.0,riverside,0,256100
H02368,1648,4,10.0,30.0,suburb,1,464200
H02369,1210,2,9.0,39.0,suburb,1,294000
H02370,1818,3,7.0,3.0,central,1,360600
H02371,1399,2,,8.0,suburb,0,188300
H02372,1270,2,5.0,3.0,central,1,310100
H02373,2503,6,8.0,15.0,central,1,580200
H02374,1176,1,6.0,1.0,central,0,296900
H02375,1447,2,9.0,10.0,suburb,1,435100
H02376,2722,4,1.0,24.0,industrial,0,105500
H02377,1169,3,8.0,26.0,industrial,1,224200
H02378,1172,2,8.0,37.0,suburb,1,289000
H02379,1199,3,10.0,29.0,suburb,1,299300
H02380,888,1,,26.0,central,1,153900
H02381,1673,3,5.0,29.0,industrial,1,198700
H02382,1510,3,8.0,10.0,central,1,359900
H02383,3157,5,3.0,47.0,central,0,319400
H02384,1782,4,3.0,54.0,central,0,260700
H02385,3403,6,8.0,51.0,suburb,1,400400
H02386,827,2,5.0,27.0,suburb,1,156000
H02387,1426,3,10.0,18.0,suburb,1,350900
H02388,1036,2,,20.0,suburb,0,392900
H02389,1471,3,1.0,29.0,suburb,0,137500
H02390,832,1,7.0,44.0,industrial,0,152600
H02391,1195,1,9.0,10.0,suburb,1,311800
H02392,1412,2,1.0,18.0,riverside,1,214200
H02393,2614,5,8.0,30.0,central,1,842100
H02394,2193,3,9.0,10.0,suburb,1,540800
H02395,2516,5,1.0,28.0,suburb,1,186200
H02396,1293,1,6.0,16.0,suburb,1,285400
H02397,1015,2,3.0,13.0,riverside,1,140200
H02398,1371,2,7.0,9.0,riverside,1,340100
H02399,1329,1,7.0,16.0,industrial,1,258500
H02400,2986,4,6.0,18.0,industrial,1,473200
H02401,1077,2,4.0,24.0,industrial,1,122700
H02402,1968,2,2.0,21.0,central,0,227500
H02403,895,1,2.0,15.0,suburb,1,98000
H02404,1082,2,1.0,6.0,central,1,139600
H02405,1477,2,3.0,74.0,suburb,0,108400
H02406,1308,2,8.0,46.0,central,0,315100
H02407,1232,3,8.0,25.0,central,1,374800
H02408,848,2,7.0,21.0,riverside,1,294600
H02409,626,1,9.0,51.0,industrial,1,151500
H02410,1486,2,9.0,20.0,suburb,1,396500
H02411,2002,4,4.0,32.0,suburb,1,187800
H02412,2776,5,4.0,2.0,central,1,520100
H02413,1400,2,1.0,15.0,industrial,0,113000
H02414,1199,2,8.0,42.0,suburb,1,283700
H02415,15838,1,1.0,34.0,suburb,1,382540
H02416,1740,2,10.0,21.0,central,1,669000
H02417,1177,2,9.0,37.0,suburb,1,254600
H02418,1721,3,5.0,40.0,suburb,1,221200
H02419,1612,3,10.0,12.0,suburb,1,365000
H02420,1634,2,6.0,34.0,central,1,319200
H02421,1449,2,9.0,14.0,suburb,0,260700
H02422,2655,4,3.0,5.0,central,0,356500
H02423,2088,5,2.0,11.0,suburb,1,164700
H02424,2103,4,9.0,28.0,suburb,1,292600
H02425,2005,3,5.0,18.0,suburb,0,385800
H02426,1912,3,6.0,23.0,industrial,1,192600
H02427,1864,4,9.0,18.0,riverside,0,597700
H02428,2893,4,7.0,14.0,riverside,0,705000
H02429,1172,3,5.0,59.0,central,1,226400
H02430,1087,3,7.0,29.0,suburb,1,282900
H02431,1799,4,,55.0,suburb,1,377000
H02432,2182,5,2.0,54.0,suburb,1,149300
H02433,1246,3,5.0,28.0,central,0,250900
H02434,5415,8,8.0,87.0,suburb,1,1031800
H02435,1713,3,,8.0,central,0,147000
H02436,2024,4,,10.0,riverside,0,307900
H02437,1459,2,6.0,13.0,suburb,1,233900
H02438,707,1,3.0,31.0,suburb,1,123100
H02439,2002,4,2.0,36.0,industrial,1,109700
H02440,1653,4,1.0,61.0,suburb,0,88400
H02441,1130,2,5.0,15.0,central,1,244500
H02442,1326,3,1.0,29.0,suburb,1,84700
H02443,1069,3,7.0,52.0,central,1,236300
H02444,2549,3,7.0,17.0,central,1,562700
H02445,967,2,9.0,6.0,suburb,0,380900
H02446,2072,4,1.0,20.0,central,1,219200
H02447,1757,2,4.0,18.0,central,0,386400
H02448,1928,3,7.0,6.0,riverside,0,729400
H02449,1559,3,9.0,35.0,central,0,440100
H02450,1584,3,9.0,85.0,suburb,1,278300
H02451,966,2,,17.0,riverside,0,117800
H02452,2047,3,8.0,26.0,central,0,645700
H02453,1564,2,3.0,,suburb,1,228600
H02454,570,1,8.0,24.0,suburb,1,263000
H02455,1034,2,10.0,30.0,suburb,1,436700
H02456,1725,3,4.0,5.0,industrial,0,241400
H02457,1214,2,6.0,35.0,central,0,257600
H02458,831,3,2.0,32.0,suburb,0,114100
H02459,982,1,6.0,13.0,central,1,249300
H02460,1007,1,3.0,15.0,riverside,1,166100
H02461,1392,2,6.0,30.0,suburb,1,337900
H02462,2189,3,10.0,35.0,industrial,1,383400
H02463,1564,2,1.0,60.0,riverside,1,143900
H02464,1725,3,10.0,17.0,industrial,1,427700
H02465,984,2,2.0,17.0,suburb,1,98700
H02466,2331,3,3.0,22.0,suburb,1,189600
H02467,1302,2,10.0,8.0,riverside,0,504800
H02468,1544,3,10.0,6.0,riverside,0,858300
H02469,1852,2,10.0,63.0,central,0,532700
H02470,1527,3,2.0,,suburb,1,176600
H02471,1421,2,3.0,,central,1,169400
H02472,1052,2,3.0,6.0,suburb,1,137700
H02473,792,1,1.0,43.0,central,0,86700
H02474,1025,3,6.0,32.0,suburb,1,162400
H02475,1400,1,,44.0,riverside,0,286700
H02476,2314,3,8.0,31.0,suburb,0,389100
H02477,1324,2,1.0,23.0,suburb,1,132300
H02478,1462,2,5.0,35.0,suburb,0,186700
H02479,1496,3,5.0,41.0,central,0,253500
H02480,2530,4,10.0,19.0,suburb,0,600300
H02481,2421,5,3.0,11.0,suburb,0,335900
H02482,1269,2,8.0,18.0,suburb,1,373600
H02483,2118,4,4.0,12.0,suburb,1,314900
H02484,1528,3,8.0,26.0,central,1,356000
H02485,1311,2,5.0,20.0,suburb,1,237600
H02486,1566,3,2.0,23.0,industrial,0,139000
H02487,2313,5,4.0,17.0,suburb,1,254500
H02488,968,1,6.0,28.0,central,0,311900
H02489,3549,5,3.0,14.0,suburb,0,424600
H02490,2206,3,9.0,39.0,central,1,810800
H02491,996,1,4.0,26.0,riverside,0,263900
H02492,1242,3,7.0,7.0,central,0,334000
H02493,1002,2,4.0,42.0,riverside,1,156700
H02494,1758,3,1.0,21.0,suburb,1,102700
H02495,1595,3,1.0,11.0,suburb,0,141000
H02496,1279,1,8.0,40.0,central,1,399400
H02497,1365,1,6.0,8.0,suburb,1,241400
H02498,1275,3,,33.0,central,1,137500
H02499,2564,3,2.0,47.0,industrial,1,163400
H02500,1312,2,5.0,81.0,central,1,167600
H02501,749,1,7.0,17.0,suburb,0,249800
H02502,923,2,5.0,23.0,suburb,1,168000
H02503,3297,6,2.0,32.0,suburb,1,308400
H02504,1405,1,3.0,62.0,central,1,144900
H02505,1315,2,7.0,22.0,suburb,1,288700
H02506,1443,2,5.0,48.0,industrial,1,191700
H02507,1842,3,3.0,15.0,suburb,1,169900
H02508,1119,2,1.0,52.0,suburb,0,75900
H02509,1743,4,,20.0,suburb,1,588600
H02510,1557,1,1.0,8.0,riverside,1,172800
H02511,2140,3,5.0,42.0,central,0,398700
H02512,1510,2,7.0,20.0,industrial,1,283900
H02513,2196,3,6.0,,riverside,1,464600
H02514,500,2,5.0,11.0,suburb,0,160500
H02515,1963,3,4.0,33.0,industrial,1,168200
H02516,829,2,10.0,9.0,suburb,1,326200
H02517,1205,2,4.0,18.0,suburb,1,174000
H02518,1918,3,,11.0,central,1,500600
H02519,1362,1,9.0,26.0,central,1,348500
H02520,2598,4,10.0,16.0,central,1,868600
H02521,2728,5,6.0,29.0,suburb,1,559500
H02522,635,1,2.0,54.0,central,1,88700
H02523,1031,2,9.0,20.0,suburb,1,334700
H02524,1022,2,6.0,60.0,suburb,1,161900
H02525,1627,4,1.0,44.0,riverside,0,198600
H02526,3071,4,8.0,17.0,riverside,1,904200
H02527,1714,2,5.0,8.0,suburb,1,269400
H02528,1371,2,8.0,9.0,suburb,1,399000
H02529,804,2,6.0,26.0,suburb,0,223100
H02530,1303,2,2.0,11.0,industrial,1,90200
H02531,1530,2,3.0,,riverside,0,268600
H02532,1229,4,2.0,20.0,industrial,0,134400
H02533,1319,2,8.0,19.0,industrial,1,251000
H02534,2662,5,,48.0,suburb,1,168800
H02535,1951,3,6.0,2.0,central,0,398700
H02536,1651,3,4.0,33.0,central,1,299600
H02537,2686,4,3.0,17.0,central,1,461900
H02538,1286,3,4.0,16.0,suburb,1,142700
H02539,2032,4,6.0,2.0,central,1,389600
H02540,1326,1,3.0,12.0,riverside,1,197500
H02541,1120,2,6.0,3.0,central,0,234300
H02542,1210,2,1.0,8.0,central,1,169600
H02543,781,1,8.0,18.0,suburb,0,229500
H02544,1445,1,1.0,14.0,central,1,166300
H02545,1462,2,9.0,12.0,suburb,1,419700
H02546,3825,7,7.0,62.0,riverside,1,733100
H02547,2560,5,3.0,60.0,suburb,0,364600
H02548,1239,2,7.0,13.0,riverside,1,351900
H02549,733,2,3.0,27.0,central,1,170300
H02550,1776,2,4.0,47.0,industrial,0,153200
H02551,1093,1,8.0,7.0,industrial,1,195200
H02552,1942,3,5.0,31.0,suburb,1,221500
H02553,1168,2,1.0,19.0,central,0,105300
H02554,2434,5,9.0,55.0,central,1,697900
H02555,1078,2,9.0,21.0,riverside,1,500900
H02556,3253,6,9.0,9.0,industrial,1,823300
H02557,1384,3,5.0,7.0,suburb,0,213600
H02558,931,1,6.0,40.0,central,0,278200
H02559,1490,3,4.0,22.0,riverside,0,265300
H02560,566,2,6.0,61.0,suburb,1,86900
H02561,1289,1,4.0,26.0,riverside,0,234400
H02562,1828,4,2.0,13.0,central,1,244200
H02563,2111,3,8.0,26.0,central,1,348800
H02564,1610,3,2.0,28.0,central,1,201900
H02565,2980,5,,18.0,central,0,630000
H02566,1800,4,7.0,25.0,suburb,0,220000
H02567,2328,4,7.0,11.0,riverside,1,802600
H02568,3114,4,6.0,56.0,central,1,602200
H02569,553,1,9.0,10.0,riverside,1,398500
H02570,1934,3,10.0,27.0,central,1,674800
H02571,2329,3,6.0,18.0,central,1,428700
H02572,1676,4,9.0,9.0,suburb,1,413200
H02573,1480,3,5.0,31.0,riverside,1,304600
H02574,2026,3,5.0,15.0,central,0,341900
H02575,1610,1,2.0,18.0,suburb,0,108900
H02576,1549,3,1.0,36.0,suburb,0,152500
H02577,2074,3,2.0,17.0,riverside,0,269300
H02578,1841,2,3.0,60.0,riverside,0,172100
H02579,1477,2,8.0,27.0,suburb,1,332300
H02580,1649,2,9.0,11.0,suburb,1,398500
H02581,2650,4,8.0,5.0,suburb,1,560200
H02582,1759,3,7.0,30.0,central,1,303100
H02583,1300,2,6.0,47.0,central,1,223500
H02584,1985,2,6.0,24.0,suburb,0,267100
H02585,1981,4,8.0,5.0,suburb,1,416800
H02586,1897,3,3.0,20.0,central,1,389600
H02587,1796,4,,6.0,suburb,1,437000
H02588,1899,3,10.0,67.0,riverside,1,531500
H02589,1123,1,2.0,24.0,central,1,136200
H02590,1808,3,7.0,19.0,suburb,0,293500
H02591,1271,2,,14.0,riverside,1,370400
H02592,1593,2,3.0,14.0,central,1,304400
H02593,1557,3,7.0,14.0,central,0,375900
H02594,4496,7,10.0,16.0,central,1,1903900
H02595,2569,5,2.0,8.0,riverside,1,448900
H02596,1507,3,3.0,16.0,industrial,1,109500
H02597,954,3,,36.0,suburb,1,281600
H02598,2519,4,2.0,49.0,central,0,173700
H02599,3452,5,6.0,79.0,suburb,1,361600
